phc_id,state,medicine,current_stock,daily_consumption,patient_footfall,bed_occupancy_pct,staff_availability_pct,lead_time_days,season_index,emergency_index,forecast_7d,stockout_days,stockout,latitude,longitude
PHC-0001,India - Haryana,Amoxicillin,2929,163.3,545,31.7,66.8,14,1.02,0,1517,17.5,0,28.69601,76.34266
PHC-0001,India - Haryana,Insulin,6108,318.5,582,65.1,82.2,9,0.98,0,2903,19.6,0,28.69601,76.34266
PHC-0001,India - Haryana,ORS,6949,279.1,524,31.1,80.1,2,1.23,0,3051,20.3,0,28.69601,76.34266
PHC-0001,India - Haryana,Azithromycin,2724,151.1,296,88.4,60.5,8,1.35,0,1492,13.4,0,28.69601,76.34266
PHC-0001,India - Haryana,Paracetamol,265,40.9,243,30.3,75.0,12,0.93,0,266,6.9,1,28.69601,76.34266
PHC-0002,Russia - Moscow,ORS,975,110.9,559,92.1,59.0,10,0.98,1,1551,5.8,1,56.0792,36.92714
PHC-0002,Russia - Moscow,Amoxicillin,2782,160.3,423,61.1,88.9,14,0.72,0,951,24.0,0,56.0792,36.92714
PHC-0002,Russia - Moscow,Paracetamol,1639,94.6,355,53.9,94.9,9,1.27,0,932,13.6,0,56.0792,36.92714
PHC-0002,Russia - Moscow,Insulin,1007,75.3,259,43.4,93.7,11,1.28,1,1052,6.8,1,56.0792,36.92714
PHC-0002,Russia - Moscow,Azithromycin,1492,205.8,284,93.4,80.7,13,1.0,0,1483,7.3,0,56.0792,36.92714
PHC-0003,India - Jharkhand,Paracetamol,4885,296.2,436,65.4,74.3,7,1.03,0,2520,16.1,0,23.40474,85.21932
PHC-0003,India - Jharkhand,Azithromycin,992,53.7,219,81.7,80.9,12,1.3,0,475,14.2,0,23.40474,85.21932
PHC-0003,India - Jharkhand,Amoxicillin,6965,341.9,590,75.2,93.1,13,1.4,0,4475,14.6,0,23.40474,85.21932
PHC-0003,India - Jharkhand,ORS,1529,123.1,209,93.0,72.7,12,1.1,0,906,11.3,0,23.40474,85.21932
PHC-0003,India - Jharkhand,Insulin,3959,356.0,548,56.8,66.1,4,1.04,0,3377,10.7,0,23.40474,85.21932
PHC-0004,South Africa - Durban,Azithromycin,1135,101.7,253,62.1,81.2,9,1.05,0,750,10.6,0,-29.85588,30.72143
PHC-0004,South Africa - Durban,ORS,3259,330.9,561,84.4,93.4,12,0.81,0,2452,12.2,0,-29.85588,30.72143
PHC-0004,South Africa - Durban,Paracetamol,2128,284.1,485,75.7,66.5,4,1.06,1,4026,4.6,1,-29.85588,30.72143
PHC-0004,South Africa - Durban,Amoxicillin,5110,206.9,308,89.5,62.5,6,1.27,0,1952,19.4,0,-29.85588,30.72143
PHC-0004,South Africa - Durban,Insulin,7908,443.3,663,66.2,72.5,6,1.27,0,5562,14.1,0,-29.85588,30.72143
PHC-0005,India - Jharkhand,Amoxicillin,2348,305.4,417,47.0,61.3,9,1.3,0,3249,5.9,1,23.63223,85.35311
PHC-0005,India - Jharkhand,Insulin,463,203.2,273,67.8,78.1,8,1.27,0,1841,1.8,1,23.63223,85.35311
PHC-0005,India - Jharkhand,Azithromycin,2094,110.0,487,83.4,61.1,6,0.98,1,1440,12.6,0,23.63223,85.35311
PHC-0005,India - Jharkhand,ORS,2890,195.7,635,52.7,67.2,1,1.02,0,1939,14.4,0,23.63223,85.35311
PHC-0005,India - Jharkhand,Paracetamol,826,54.3,96,36.3,93.0,8,0.82,0,264,18.5,0,23.63223,85.35311
PHC-0006,India - Kerala,Paracetamol,559,77.8,553,79.2,92.7,7,0.76,1,832,6.1,1,8.91453,77.10363
PHC-0006,India - Kerala,Insulin,3849,213.1,319,75.8,78.6,12,1.16,1,2859,10.1,0,8.91453,77.10363
PHC-0006,India - Kerala,Amoxicillin,529,144.2,452,94.2,75.0,2,1.17,0,1422,3.1,1,8.91453,77.10363
PHC-0006,India - Kerala,Azithromycin,2633,129.2,582,90.3,57.2,14,1.23,0,1479,16.6,0,8.91453,77.10363
PHC-0006,India - Kerala,ORS,1695,212.6,479,39.2,60.3,10,0.77,0,1413,10.3,0,8.91453,77.10363
PHC-0007,India - Andhra Pradesh,Azithromycin,3975,365.9,516,86.8,58.4,8,1.22,1,6120,5.8,1,16.63906,80.30439
PHC-0007,India - Andhra Pradesh,Paracetamol,4596,280.0,577,54.0,85.6,12,1.24,1,4995,8.5,0,16.63906,80.30439
PHC-0007,India - Andhra Pradesh,ORS,164,10.5,66,38.1,66.0,7,0.93,0,56,16.9,0,16.63906,80.30439
PHC-0007,India - Andhra Pradesh,Amoxicillin,388,127.9,570,89.4,86.2,3,0.73,0,860,4.2,1,16.63906,80.30439
PHC-0007,India - Andhra Pradesh,Insulin,1706,108.5,364,59.6,96.5,8,0.9,0,763,17.4,0,16.63906,80.30439
PHC-0008,India - Gujarat,ORS,514,24.8,96,80.1,65.0,7,1.02,0,149,20.4,0,23.32746,72.55253
PHC-0008,India - Gujarat,Paracetamol,1748,104.1,189,74.2,67.2,12,0.96,0,657,17.5,0,23.32746,72.55253
PHC-0008,India - Gujarat,Amoxicillin,859,71.1,181,46.7,64.4,12,1.11,0,515,10.9,0,23.32746,72.55253
PHC-0008,India - Gujarat,Insulin,2798,262.5,435,55.9,74.4,1,1.27,0,2767,8.4,0,23.32746,72.55253
PHC-0008,India - Gujarat,Azithromycin,4935,286.9,403,59.4,88.7,11,1.02,0,2363,16.9,0,23.32746,72.55253
PHC-0009,India - Uttar Pradesh,Azithromycin,3330,224.9,594,93.3,56.6,2,1.14,0,2401,13.0,0,26.61167,81.37789
PHC-0009,India - Uttar Pradesh,Insulin,92,19.4,70,44.7,67.4,1,0.98,0,109,4.8,1,26.61167,81.37789
PHC-0009,India - Uttar Pradesh,Paracetamol,371,89.5,403,67.4,69.8,1,1.08,0,783,3.8,1,26.61167,81.37789
PHC-0009,India - Uttar Pradesh,ORS,1031,229.6,322,38.6,61.6,1,1.39,0,2390,3.2,1,26.61167,81.37789
PHC-0009,India - Uttar Pradesh,Amoxicillin,1415,350.8,473,96.3,64.2,9,1.14,0,3412,3.6,1,26.61167,81.37789
PHC-0010,Russia - Moscow,Insulin,4721,194.6,368,33.9,96.5,6,1.1,0,1671,22.1,0,55.69591,37.46009
PHC-0010,Russia - Moscow,Amoxicillin,4929,281.8,618,61.0,62.0,3,0.87,0,2350,20.1,0,55.69591,37.46009
PHC-0010,Russia - Moscow,Azithromycin,8791,351.8,621,30.5,62.2,1,1.17,0,3957,21.3,0,55.69591,37.46009
PHC-0010,Russia - Moscow,ORS,1437,92.6,168,54.8,86.4,9,1.12,0,664,13.9,0,55.69591,37.46009
PHC-0010,Russia - Moscow,Paracetamol,7543,435.1,644,62.1,69.5,8,0.76,0,3227,22.8,0,55.69591,37.46009
PHC-0011,Russia - Moscow,Amoxicillin,2405,207.0,693,52.1,90.9,3,1.37,0,2865,8.5,0,55.93631,37.73791
PHC-0011,Russia - Moscow,Paracetamol,2156,399.1,655,92.1,78.3,3,0.94,0,3672,5.8,1,55.93631,37.73791
PHC-0011,Russia - Moscow,Insulin,2512,109.1,395,84.2,98.6,1,0.77,0,674,29.9,0,55.93631,37.73791
PHC-0011,Russia - Moscow,ORS,572,61.0,132,49.3,80.8,4,0.83,0,312,11.3,0,55.93631,37.73791
PHC-0011,Russia - Moscow,Azithromycin,879,37.5,187,64.4,91.9,10,1.16,0,285,20.2,0,55.93631,37.73791
PHC-0012,India - West Bengal,Paracetamol,949,269.0,536,46.4,57.7,2,1.08,0,2626,3.3,1,22.71446,88.51079
PHC-0012,India - West Bengal,Azithromycin,2468,118.1,191,51.0,79.7,9,1.09,0,851,19.1,0,22.71446,88.51079
PHC-0012,India - West Bengal,Insulin,3633,148.1,587,36.7,92.3,10,1.12,0,1547,22.0,0,22.71446,88.51079
PHC-0012,India - West Bengal,Amoxicillin,820,41.4,239,70.1,60.0,11,0.76,0,217,26.2,0,22.71446,88.51079
PHC-0012,India - West Bengal,ORS,2989,153.1,225,77.5,67.5,5,1.2,1,1937,10.5,0,22.71446,88.51079
PHC-0013,South Africa - Johannesburg,Azithromycin,1799,118.9,284,51.4,61.4,11,0.89,0,763,17.1,0,-26.34225,27.86072
PHC-0013,South Africa - Johannesburg,Insulin,448,22.2,62,34.4,66.4,9,0.86,1,168,15.1,0,-26.34225,27.86072
PHC-0013,South Africa - Johannesburg,Paracetamol,153,72.3,142,42.5,83.6,10,0.97,1,676,1.4,1,-26.34225,27.86072
PHC-0013,South Africa - Johannesburg,ORS,3788,196.9,490,96.3,75.7,11,1.15,1,3046,10.8,0,-26.34225,27.86072
PHC-0013,South Africa - Johannesburg,Amoxicillin,1627,383.4,565,74.1,90.2,4,1.13,0,3988,3.8,1,-26.34225,27.86072
PHC-0014,Brazil - Brasilia,Amoxicillin,629,82.5,207,90.0,71.8,9,1.01,0,559,7.5,0,-16.07482,-47.66441
PHC-0014,Brazil - Brasilia,Insulin,3405,276.5,476,31.1,98.4,3,1.27,0,3016,9.7,0,-16.07482,-47.66441
PHC-0014,Brazil - Brasilia,Paracetamol,817,83.6,121,71.5,82.4,13,0.89,0,452,11.0,0,-16.07482,-47.66441
PHC-0014,Brazil - Brasilia,ORS,2169,108.7,203,81.7,69.2,2,0.84,0,612,23.7,0,-16.07482,-47.66441
PHC-0014,Brazil - Brasilia,Azithromycin,8304,375.4,537,92.3,93.3,8,1.38,0,4651,16.1,0,-16.07482,-47.66441
PHC-0015,Russia - Saint Petersburg,Amoxicillin,753,116.0,161,95.2,89.2,3,1.15,0,850,5.7,1,59.89012,30.01595
PHC-0015,Russia - Saint Petersburg,ORS,1427,226.7,430,93.8,68.6,5,0.88,0,1645,7.2,0,59.89012,30.01595
PHC-0015,Russia - Saint Petersburg,Insulin,2950,178.3,441,40.8,85.3,10,0.89,0,1322,18.6,0,59.89012,30.01595
PHC-0015,Russia - Saint Petersburg,Azithromycin,1508,156.8,476,60.9,63.6,3,0.84,0,1124,11.5,0,59.89012,30.01595
PHC-0015,Russia - Saint Petersburg,Paracetamol,2903,122.4,221,59.0,95.5,2,0.77,0,640,30.8,0,59.89012,30.01595
PHC-0016,India - Bihar,Azithromycin,337,37.5,105,41.8,99.8,11,0.74,0,167,12.1,0,25.31143,85.35771
PHC-0016,India - Bihar,ORS,3417,186.0,319,88.4,63.3,9,0.7,0,975,26.2,0,25.31143,85.35771
PHC-0016,India - Bihar,Paracetamol,313,49.9,252,52.6,58.2,5,0.74,1,401,5.5,1,25.31143,85.35771
PHC-0016,India - Bihar,Insulin,6396,264.5,358,39.7,87.2,5,1.12,0,2299,21.6,0,25.31143,85.35771
PHC-0016,India - Bihar,Amoxicillin,187,49.7,208,71.1,99.4,2,1.17,0,390,3.2,1,25.31143,85.35771
PHC-0017,South Africa - Johannesburg,Amoxicillin,892,65.3,532,93.7,66.6,6,1.04,0,612,13.1,0,-26.0099,27.80707
PHC-0017,South Africa - Johannesburg,Azithromycin,243,13.0,76,88.8,61.4,1,0.9,0,68,20.8,0,-26.0099,27.80707
PHC-0017,South Africa - Johannesburg,Insulin,3800,210.0,448,74.1,72.5,1,1.09,0,1917,16.6,0,-26.0099,27.80707
PHC-0017,South Africa - Johannesburg,ORS,5809,297.7,421,92.7,96.3,3,1.15,1,4366,10.9,0,-26.0099,27.80707
PHC-0017,South Africa - Johannesburg,Paracetamol,253,73.6,602,37.4,59.3,6,0.95,0,659,3.6,1,-26.0099,27.80707
PHC-0018,India - Telangana,Azithromycin,241,28.5,222,52.5,67.3,5,1.27,0,246,6.7,1,17.47126,78.53084
PHC-0018,India - Telangana,Paracetamol,1042,50.6,244,76.0,63.8,10,1.15,0,407,17.8,0,17.47126,78.53084
PHC-0018,India - Telangana,Amoxicillin,443,31.8,167,36.8,62.4,7,0.79,1,251,11.3,0,17.47126,78.53084
PHC-0018,India - Telangana,ORS,692,73.6,214,91.1,80.3,4,1.34,0,667,7.0,0,17.47126,78.53084
PHC-0018,India - Telangana,Insulin,674,67.7,144,84.5,94.6,2,1.03,1,677,6.2,1,17.47126,78.53084
PHC-0019,China - Shenzhen,Insulin,395,43.4,236,68.4,56.9,12,0.76,0,226,12.0,0,22.845,114.12826
PHC-0019,China - Shenzhen,ORS,1029,105.1,250,45.5,63.5,2,1.23,1,1408,5.1,1,22.845,114.12826
PHC-0019,China - Shenzhen,Amoxicillin,3045,194.2,268,73.6,86.9,2,1.19,0,1651,13.1,0,22.845,114.12826
PHC-0019,China - Shenzhen,Paracetamol,750,79.3,174,37.2,84.9,7,0.72,0,371,13.1,0,22.845,114.12826
PHC-0019,China - Shenzhen,Azithromycin,501,30.0,125,72.7,73.9,2,0.76,0,140,21.9,0,22.845,114.12826
PHC-0020,India - Maharashtra,Azithromycin,2996,154.5,212,63.8,76.6,7,0.72,1,1159,17.4,0,19.31762,72.90365
PHC-0020,India - Maharashtra,ORS,2558,102.4,364,78.9,57.1,5,0.74,0,593,33.6,0,19.31762,72.90365
PHC-0020,India - Maharashtra,Paracetamol,1399,59.6,361,93.7,79.6,9,1.13,0,524,20.7,0,19.31762,72.90365
PHC-0020,India - Maharashtra,Amoxicillin,939,216.3,370,35.8,69.0,1,0.71,0,1202,6.1,1,19.31762,72.90365
PHC-0020,India - Maharashtra,Insulin,5663,356.2,570,87.6,73.3,10,1.29,0,4259,12.3,0,19.31762,72.90365
PHC-0021,Russia - Saint Petersburg,Insulin,393,39.0,111,65.7,94.7,4,0.9,0,212,11.1,0,60.15095,29.8
PHC-0021,Russia - Saint Petersburg,ORS,646,114.8,180,37.0,77.6,5,1.17,0,875,4.8,1,60.15095,29.8
PHC-0021,Russia - Saint Petersburg,Azithromycin,985,89.3,147,32.2,60.2,9,0.73,0,408,15.2,0,60.15095,29.8
PHC-0021,Russia - Saint Petersburg,Paracetamol,965,64.8,188,62.7,85.5,7,1.17,0,496,12.8,0,60.15095,29.8
PHC-0021,Russia - Saint Petersburg,Amoxicillin,1336,85.0,174,51.4,69.9,5,1.19,0,652,13.3,0,60.15095,29.8
PHC-0022,Russia - Saint Petersburg,Amoxicillin,1873,137.0,615,58.9,55.5,12,1.34,0,1755,10.2,0,59.81812,30.14537
PHC-0022,Russia - Saint Petersburg,Azithromycin,1648,75.2,250,92.7,80.1,14,0.84,0,443,26.0,0,59.81812,30.14537
PHC-0022,Russia - Saint Petersburg,Paracetamol,5859,484.1,677,48.3,61.2,8,1.19,1,8912,6.6,1,59.81812,30.14537
PHC-0022,Russia - Saint Petersburg,Insulin,6496,278.6,475,35.1,60.0,1,1.18,0,2829,19.7,0,59.81812,30.14537
PHC-0022,Russia - Saint Petersburg,ORS,5475,390.0,604,91.7,94.5,1,1.27,0,4690,11.1,0,59.81812,30.14537
PHC-0023,India - Jharkhand,Azithromycin,1003,308.5,698,50.4,65.4,2,1.13,0,3547,2.9,1,23.2637,85.85323
PHC-0023,India - Jharkhand,Paracetamol,7403,339.6,518,53.3,84.7,1,0.98,0,2960,22.2,0,23.2637,85.85323
PHC-0023,India - Jharkhand,Amoxicillin,1104,49.7,285,92.9,92.0,8,1.09,0,394,20.3,0,23.2637,85.85323
PHC-0023,India - Jharkhand,ORS,658,175.6,636,68.2,69.8,14,0.93,0,1577,4.0,1,23.2637,85.85323
PHC-0023,India - Jharkhand,Insulin,796,126.0,440,32.7,71.4,9,1.32,0,1380,4.8,1,23.2637,85.85323
PHC-0024,India - Assam,ORS,79,39.2,83,32.4,99.6,10,1.25,1,442,1.0,1,25.83696,92.0789
PHC-0024,India - Assam,Insulin,502,24.8,187,60.7,90.5,13,0.7,0,115,28.7,0,25.83696,92.0789
PHC-0024,India - Assam,Amoxicillin,5307,326.5,527,50.5,69.0,11,1.38,0,4018,11.8,0,25.83696,92.0789
PHC-0024,India - Assam,Azithromycin,2041,178.8,382,67.6,74.5,7,1.28,1,2808,5.8,1,25.83696,92.0789
PHC-0024,India - Assam,Paracetamol,984,80.8,170,78.0,92.7,14,1.09,0,570,11.1,0,25.83696,92.0789
PHC-0025,China - Beijing,Azithromycin,459,223.2,455,88.2,82.5,7,0.79,0,1488,2.6,1,39.78279,116.45696
PHC-0025,China - Beijing,ORS,1363,123.7,207,88.1,73.6,11,1.1,0,911,10.0,0,39.78279,116.45696
PHC-0025,China - Beijing,Insulin,3884,258.2,451,63.8,91.4,10,1.18,0,2555,12.8,0,39.78279,116.45696
PHC-0025,China - Beijing,Amoxicillin,5481,221.7,392,96.0,96.4,14,1.23,0,2178,20.1,0,39.78279,116.45696
PHC-0025,China - Beijing,Paracetamol,5465,278.8,603,65.4,94.1,3,0.78,0,2051,25.2,0,39.78279,116.45696
PHC-0026,India - Assam,Paracetamol,401,128.4,302,31.1,76.3,12,0.82,0,771,3.8,1,26.34518,91.98893
PHC-0026,India - Assam,Azithromycin,1030,66.0,250,40.5,68.7,12,1.32,0,610,11.8,0,26.34518,91.98893
PHC-0026,India - Assam,Amoxicillin,1017,106.1,405,62.0,76.6,13,1.4,0,1199,6.9,1,26.34518,91.98893
PHC-0026,India - Assam,ORS,2112,143.4,216,53.4,78.4,12,0.9,0,878,16.3,0,26.34518,91.98893
PHC-0026,India - Assam,Insulin,7588,464.9,661,65.0,87.0,7,1.05,1,7492,10.0,0,26.34518,91.98893
PHC-0027,Russia - Saint Petersburg,ORS,410,45.3,70,81.8,61.3,7,0.91,0,238,9.9,0,59.80795,30.14818
PHC-0027,Russia - Saint Petersburg,Azithromycin,1822,87.3,240,47.5,88.5,5,0.75,0,455,27.8,0,59.80795,30.14818
PHC-0027,Russia - Saint Petersburg,Amoxicillin,3195,171.6,460,92.2,91.0,12,0.97,0,1415,19.1,0,59.80795,30.14818
PHC-0027,Russia - Saint Petersburg,Insulin,3349,163.4,537,52.3,91.3,11,0.76,0,1120,26.9,0,59.80795,30.14818
PHC-0027,Russia - Saint Petersburg,Paracetamol,5422,243.1,364,94.7,74.7,14,0.9,0,1707,24.8,0,59.80795,30.14818
PHC-0028,India - Maharashtra,Paracetamol,688,104.6,380,45.4,84.5,3,0.93,0,769,7.1,0,19.38029,72.81304
PHC-0028,India - Maharashtra,ORS,620,34.5,69,54.9,62.2,13,0.92,1,283,12.5,0,19.38029,72.81304
PHC-0028,India - Maharashtra,Azithromycin,1401,113.2,384,86.8,85.1,9,1.09,1,1522,7.3,0,19.38029,72.81304
PHC-0028,India - Maharashtra,Insulin,641,100.8,192,37.2,98.4,10,1.12,0,744,5.7,1,19.38029,72.81304
PHC-0028,India - Maharashtra,Amoxicillin,1203,57.5,362,44.7,91.2,9,1.07,0,481,19.5,0,19.38029,72.81304
PHC-0029,South Africa - Durban,Amoxicillin,1824,166.5,489,46.8,93.7,11,0.91,0,1312,12.1,0,-30.24665,30.69819
PHC-0029,South Africa - Durban,Azithromycin,1482,159.2,642,35.6,62.1,5,0.99,0,1539,9.4,0,-30.24665,30.69819
PHC-0029,South Africa - Durban,Paracetamol,2337,102.1,402,90.5,85.6,1,0.87,0,715,26.4,0,-30.24665,30.69819
PHC-0029,South Africa - Durban,ORS,598,55.7,277,69.2,71.2,3,1.13,0,451,9.5,0,-30.24665,30.69819
PHC-0029,South Africa - Durban,Insulin,1139,51.3,83,51.9,80.7,5,0.89,0,268,24.8,0,-30.24665,30.69819
PHC-0030,China - Beijing,Insulin,210,21.0,117,94.8,82.7,3,0.97,0,123,10.3,0,40.07401,116.44985
PHC-0030,China - Beijing,ORS,544,37.6,211,81.1,74.1,9,0.91,0,230,15.9,0,40.07401,116.44985
PHC-0030,China - Beijing,Amoxicillin,3219,144.2,369,46.6,80.8,1,1.18,0,1332,18.9,0,40.07401,116.44985
PHC-0030,China - Beijing,Paracetamol,635,36.5,111,59.9,88.0,3,1.31,0,287,13.3,0,40.07401,116.44985
PHC-0030,China - Beijing,Azithromycin,8640,400.0,672,86.6,87.9,14,1.26,1,7784,11.0,0,40.07401,116.44985
PHC-0031,India - Telangana,ORS,2011,98.6,155,95.4,66.2,7,1.2,0,748,17.0,0,17.24046,78.54549
PHC-0031,India - Telangana,Paracetamol,4285,282.1,408,69.4,62.5,14,1.38,0,3161,11.0,0,17.24046,78.54549
PHC-0031,India - Telangana,Insulin,2748,226.2,364,44.4,63.5,11,1.3,0,2292,9.3,0,17.24046,78.54549
PHC-0031,India - Telangana,Azithromycin,306,39.4,69,89.6,68.9,2,0.84,0,190,9.2,0,17.24046,78.54549
PHC-0031,India - Telangana,Amoxicillin,4175,216.5,536,61.6,70.5,8,0.88,0,1721,21.8,0,17.24046,78.54549
PHC-0032,India - Tripura,Amoxicillin,294,88.0,318,83.7,78.1,2,0.94,0,616,3.6,1,24.04896,91.17173
PHC-0032,India - Tripura,Azithromycin,4241,175.9,247,76.3,91.8,9,1.25,0,1540,19.2,0,24.04896,91.17173
PHC-0032,India - Tripura,Paracetamol,1247,64.2,379,95.4,58.8,10,1.29,1,1010,9.8,0,24.04896,91.17173
PHC-0032,India - Tripura,Insulin,3439,147.4,327,95.3,60.8,4,0.94,0,1049,24.7,0,24.04896,91.17173
PHC-0032,India - Tripura,ORS,56,22.1,68,40.4,80.3,4,1.16,0,146,2.2,1,24.04896,91.17173
PHC-0033,India - Telangana,Insulin,452,74.1,234,31.4,62.1,3,1.17,0,596,5.2,1,17.15833,78.36293
PHC-0033,India - Telangana,Amoxicillin,4258,282.8,454,39.4,80.4,14,0.74,0,1771,20.3,0,17.15833,78.36293
PHC-0033,India - Telangana,Azithromycin,848,100.5,258,76.6,92.8,6,1.24,0,878,6.8,1,17.15833,78.36293
PHC-0033,India - Telangana,Paracetamol,333,17.9,128,67.1,67.2,8,0.93,1,158,12.9,0,17.15833,78.36293
PHC-0033,India - Telangana,ORS,3185,195.6,466,58.1,76.2,9,0.9,0,1504,18.0,0,17.15833,78.36293
PHC-0034,Russia - Novosibirsk,Amoxicillin,2572,151.2,288,71.4,98.2,10,1.06,0,1160,16.1,0,54.86639,82.51146
PHC-0034,Russia - Novosibirsk,ORS,1071,125.8,468,58.8,67.5,10,0.96,0,1026,8.9,0,54.86639,82.51146
PHC-0034,Russia - Novosibirsk,Paracetamol,1818,88.7,343,59.8,86.8,9,0.76,0,514,27.1,0,54.86639,82.51146
PHC-0034,Russia - Novosibirsk,Azithromycin,3125,315.5,578,94.5,69.6,1,1.09,0,3210,9.0,0,54.86639,82.51146
PHC-0034,Russia - Novosibirsk,Insulin,719,68.3,165,43.9,60.0,9,0.78,1,532,8.7,0,54.86639,82.51146
PHC-0035,Brazil - Rio de Janeiro,Paracetamol,7669,332.9,582,78.5,75.9,6,1.38,0,4290,16.7,0,-23.06429,-43.16563
PHC-0035,Brazil - Rio de Janeiro,Amoxicillin,6582,281.7,430,47.3,61.4,14,1.16,0,2709,20.1,0,-23.06429,-43.16563
PHC-0035,Brazil - Rio de Janeiro,Azithromycin,5883,361.8,515,51.2,73.0,8,0.79,0,2542,20.5,0,-23.06429,-43.16563
PHC-0035,Brazil - Rio de Janeiro,Insulin,3835,210.6,334,66.1,71.8,3,1.17,0,1866,15.6,0,-23.06429,-43.16563
PHC-0035,Brazil - Rio de Janeiro,ORS,3421,164.0,353,64.8,76.4,13,1.31,0,1654,16.0,0,-23.06429,-43.16563
PHC-0036,India - Andhra Pradesh,ORS,842,120.1,307,88.9,70.6,10,1.35,0,1196,5.2,1,16.67826,80.79629
PHC-0036,India - Andhra Pradesh,Paracetamol,2518,119.6,261,39.4,95.9,8,1.07,0,907,19.6,0,16.67826,80.79629
PHC-0036,India - Andhra Pradesh,Insulin,403,30.0,210,47.9,70.4,8,1.15,0,232,11.6,0,16.67826,80.79629
PHC-0036,India - Andhra Pradesh,Azithromycin,593,94.6,570,43.0,82.4,2,0.82,1,1117,4.9,1,16.67826,80.79629
PHC-0036,India - Andhra Pradesh,Amoxicillin,1045,47.2,266,50.1,74.1,3,1.37,1,713,10.4,0,16.67826,80.79629
PHC-0037,India - Odisha,Insulin,299,26.9,144,51.5,60.8,14,1.19,0,200,9.4,0,20.26553,85.67185
PHC-0037,India - Odisha,Paracetamol,1561,116.1,656,40.8,74.4,5,0.8,1,1417,10.8,0,20.26553,85.67185
PHC-0037,India - Odisha,Azithromycin,1249,191.2,426,35.2,64.1,3,0.74,0,1162,8.8,0,20.26553,85.67185
PHC-0037,India - Odisha,Amoxicillin,1061,264.8,499,60.0,81.2,7,0.86,0,2000,4.6,1,20.26553,85.67185
PHC-0037,India - Odisha,ORS,656,51.5,199,97.4,99.8,2,1.39,0,474,9.2,0,20.26553,85.67185
PHC-0038,India - Andhra Pradesh,Paracetamol,1938,197.5,487,42.3,87.2,2,0.95,0,1624,10.3,0,16.4821,80.04943
PHC-0038,India - Andhra Pradesh,Amoxicillin,928,148.8,324,63.7,61.9,4,0.81,0,909,7.7,0,16.4821,80.04943
PHC-0038,India - Andhra Pradesh,Insulin,1299,55.5,243,32.9,80.4,4,1.08,0,418,21.6,0,16.4821,80.04943
PHC-0038,India - Andhra Pradesh,Azithromycin,1887,101.5,579,45.1,63.7,7,0.92,1,1347,13.0,0,16.4821,80.04943
PHC-0038,India - Andhra Pradesh,ORS,6430,378.3,528,75.1,76.6,12,1.33,0,4514,12.7,0,16.4821,80.04943
PHC-0039,South Africa - Cape Town,Azithromycin,675,31.4,99,55.8,92.0,6,1.01,0,189,21.3,0,-34.38294,18.07096
PHC-0039,South Africa - Cape Town,ORS,4631,354.8,505,47.7,65.9,2,0.89,0,2760,14.7,0,-34.38294,18.07096
PHC-0039,South Africa - Cape Town,Insulin,1411,81.2,113,67.2,75.2,11,1.28,0,627,13.6,0,-34.38294,18.07096
PHC-0039,South Africa - Cape Town,Amoxicillin,1422,128.3,178,84.4,98.5,5,1.19,0,994,9.3,0,-34.38294,18.07096
PHC-0039,South Africa - Cape Town,Paracetamol,1362,67.6,347,49.1,86.3,9,1.34,0,694,15.1,0,-34.38294,18.07096
PHC-0040,India - Haryana,Azithromycin,777,45.9,122,69.0,62.0,1,1.02,0,284,16.7,0,29.19992,75.76308
PHC-0040,India - Haryana,ORS,1448,158.8,274,66.7,96.5,4,1.08,0,1226,8.5,0,29.19992,75.76308
PHC-0040,India - Haryana,Amoxicillin,158,36.5,157,82.0,92.6,2,0.83,0,192,5.2,1,29.19992,75.76308
PHC-0040,India - Haryana,Paracetamol,1509,92.6,188,76.7,95.7,5,0.91,0,551,18.0,0,29.19992,75.76308
PHC-0040,India - Haryana,Insulin,2439,106.6,341,36.5,87.0,8,1.21,1,1527,12.2,0,29.19992,75.76308
PHC-0041,India - Andhra Pradesh,ORS,2217,271.7,450,70.1,93.9,8,0.92,0,2106,8.8,0,16.96473,80.51531
PHC-0041,India - Andhra Pradesh,Paracetamol,7102,317.0,509,56.2,99.8,14,0.81,0,2254,27.8,0,16.96473,80.51531
PHC-0041,India - Andhra Pradesh,Amoxicillin,8203,358.2,575,79.7,83.2,7,1.0,0,3320,22.9,0,16.96473,80.51531
PHC-0041,India - Andhra Pradesh,Azithromycin,272,20.1,151,88.2,86.9,8,1.26,0,159,10.8,0,16.96473,80.51531
PHC-0041,India - Andhra Pradesh,Insulin,108,10.0,60,62.3,66.5,8,0.72,0,41,15.0,0,16.96473,80.51531
PHC-0042,India - Madhya Pradesh,Insulin,1742,113.4,271,30.4,95.8,7,0.75,0,608,20.5,0,23.50813,77.08323
PHC-0042,India - Madhya Pradesh,Amoxicillin,787,93.1,207,88.5,72.8,3,1.15,0,716,7.4,0,23.50813,77.08323
PHC-0042,India - Madhya Pradesh,Paracetamol,2772,193.3,516,61.2,98.3,1,1.19,1,3172,7.7,0,23.50813,77.08323
PHC-0042,India - Madhya Pradesh,ORS,2025,137.0,222,71.6,99.4,5,1.16,1,1673,8.2,0,23.50813,77.08323
PHC-0042,India - Madhya Pradesh,Azithromycin,641,35.4,177,62.9,96.3,11,1.26,0,291,14.3,0,23.50813,77.08323
PHC-0043,Brazil - Brasilia,Insulin,3208,151.2,323,49.0,78.4,11,0.78,1,1377,17.5,0,-16.12251,-47.99866
PHC-0043,Brazil - Brasilia,Amoxicillin,607,90.4,490,84.8,59.8,3,1.13,0,887,5.9,1,-16.12251,-47.99866
PHC-0043,Brazil - Brasilia,ORS,529,154.9,646,60.5,64.1,11,1.19,0,1800,2.9,1,-16.12251,-47.99866
PHC-0043,Brazil - Brasilia,Paracetamol,294,19.5,102,42.6,85.6,7,0.75,1,135,13.0,0,-16.12251,-47.99866
PHC-0043,Brazil - Brasilia,Azithromycin,122,52.3,223,52.7,61.9,10,0.85,0,304,2.7,1,-16.12251,-47.99866
PHC-0044,India - Madhya Pradesh,Insulin,1420,75.4,536,82.6,58.0,14,0.82,0,557,23.0,0,23.54411,76.80544
PHC-0044,India - Madhya Pradesh,ORS,4507,264.0,576,83.2,92.3,13,1.03,0,2532,16.5,0,23.54411,76.80544
PHC-0044,India - Madhya Pradesh,Paracetamol,2464,113.8,398,31.4,63.8,11,1.26,0,1152,17.2,0,23.54411,76.80544
PHC-0044,India - Madhya Pradesh,Amoxicillin,807,56.8,239,87.5,58.2,3,0.72,0,284,19.7,0,23.54411,76.80544
PHC-0044,India - Madhya Pradesh,Azithromycin,2711,112.7,381,90.4,67.7,14,1.27,0,1135,18.9,0,23.54411,76.80544
PHC-0045,Brazil - Rio de Janeiro,ORS,750,57.7,77,84.9,93.8,11,0.85,0,283,15.3,0,-22.81679,-43.37795
PHC-0045,Brazil - Rio de Janeiro,Azithromycin,2197,254.0,385,77.6,55.3,6,0.95,0,1915,9.1,0,-22.81679,-43.37795
PHC-0045,Brazil - Rio de Janeiro,Paracetamol,2146,383.5,560,91.9,64.7,2,1.4,0,4910,4.0,1,-22.81679,-43.37795
PHC-0045,Brazil - Rio de Janeiro,Insulin,112,30.0,186,70.1,91.4,2,0.98,0,193,3.8,1,-22.81679,-43.37795
PHC-0045,Brazil - Rio de Janeiro,Amoxicillin,1389,77.9,171,62.1,87.1,9,1.4,0,703,12.7,0,-22.81679,-43.37795
PHC-0046,India - Goa,Azithromycin,3988,285.5,554,84.3,66.6,14,1.27,0,3319,11.0,0,14.98388,73.85525
PHC-0046,India - Goa,Insulin,4907,243.9,344,88.0,72.9,9,1.28,0,2385,15.8,0,14.98388,73.85525
PHC-0046,India - Goa,ORS,90,13.5,86,67.5,57.6,9,1.22,0,96,5.4,1,14.98388,73.85525
PHC-0046,India - Goa,Amoxicillin,900,38.1,207,34.6,76.3,13,1.29,0,329,18.3,0,14.98388,73.85525
PHC-0046,India - Goa,Paracetamol,420,30.5,225,85.2,60.7,1,0.79,0,164,17.5,0,14.98388,73.85525
PHC-0047,India - Odisha,ORS,3310,156.6,350,42.4,58.1,13,1.16,0,1397,18.2,0,20.38144,85.82765
PHC-0047,India - Odisha,Azithromycin,4980,208.4,375,51.3,76.9,13,1.22,0,2001,19.6,0,20.38144,85.82765
PHC-0047,India - Odisha,Amoxicillin,7127,290.8,543,80.6,60.3,8,1.03,0,2718,23.7,0,20.38144,85.82765
PHC-0047,India - Odisha,Insulin,1141,133.7,341,38.1,78.0,3,0.82,0,833,10.5,0,20.38144,85.82765
PHC-0047,India - Odisha,Paracetamol,725,111.7,194,90.9,56.2,3,1.07,0,787,6.1,1,20.38144,85.82765
PHC-0048,Brazil - Rio de Janeiro,Azithromycin,1536,82.7,381,69.6,64.0,5,1.23,0,807,15.1,0,-22.33938,-43.25377
PHC-0048,Brazil - Rio de Janeiro,Amoxicillin,914,75.5,218,42.3,89.0,10,0.81,0,414,14.9,0,-22.33938,-43.25377
PHC-0048,Brazil - Rio de Janeiro,Paracetamol,715,292.2,495,48.6,76.1,12,1.12,1,4409,1.4,1,-22.33938,-43.25377
PHC-0048,Brazil - Rio de Janeiro,Insulin,1407,244.3,364,55.2,57.4,6,1.22,0,2324,4.7,1,-22.33938,-43.25377
PHC-0048,Brazil - Rio de Janeiro,ORS,4010,280.5,461,31.0,55.1,4,1.06,0,2514,13.5,0,-22.33938,-43.25377
PHC-0049,India - Sikkim,Insulin,273,52.8,222,46.1,56.3,6,0.92,1,509,3.6,1,27.39275,88.687
PHC-0049,India - Sikkim,Amoxicillin,3090,202.7,572,68.6,92.3,12,0.87,0,1623,17.6,0,27.39275,88.687
PHC-0049,India - Sikkim,Azithromycin,378,41.0,281,89.7,96.0,5,0.78,0,230,11.9,0,27.39275,88.687
PHC-0049,India - Sikkim,ORS,3148,213.3,498,31.4,92.9,6,1.38,0,2574,10.7,0,27.39275,88.687
PHC-0049,India - Sikkim,Paracetamol,2785,287.4,635,40.1,81.3,10,0.73,0,2038,13.2,0,27.39275,88.687
PHC-0050,India - Haryana,Amoxicillin,608,104.6,486,74.8,99.6,3,0.86,1,1214,4.3,1,29.53572,76.37229
PHC-0050,India - Haryana,Insulin,1006,343.3,650,63.7,84.5,4,1.08,0,3618,2.7,1,29.53572,76.37229
PHC-0050,India - Haryana,ORS,4344,345.9,473,73.2,90.6,12,0.87,0,2573,14.5,0,29.53572,76.37229
PHC-0050,India - Haryana,Azithromycin,1265,276.4,454,49.6,79.0,4,1.07,0,2486,4.3,1,29.53572,76.37229
PHC-0050,India - Haryana,Paracetamol,301,36.6,195,54.3,76.6,14,1.05,0,253,7.9,0,29.53572,76.37229
PHC-0051,India - Tripura,ORS,1269,113.9,563,58.0,63.4,7,1.23,0,1287,9.1,0,24.34216,90.86393
PHC-0051,India - Tripura,Azithromycin,5339,240.7,541,38.3,60.1,9,0.91,0,1980,24.4,0,24.34216,90.86393
PHC-0051,India - Tripura,Amoxicillin,2814,368.3,613,35.8,73.6,5,1.24,0,4362,6.2,1,24.34216,90.86393
PHC-0051,India - Tripura,Paracetamol,2832,151.8,322,76.3,65.5,11,1.09,0,1237,17.2,0,24.34216,90.86393
PHC-0051,India - Tripura,Insulin,3262,249.5,469,64.2,59.1,5,1.17,0,2483,11.2,0,24.34216,90.86393
PHC-0052,India - Uttar Pradesh,Paracetamol,1421,139.6,324,48.7,99.1,14,0.88,0,920,11.6,0,26.62609,80.6257
PHC-0052,India - Uttar Pradesh,Amoxicillin,1034,58.4,355,30.1,85.4,4,0.88,0,395,20.2,0,26.62609,80.6257
PHC-0052,India - Uttar Pradesh,Insulin,902,352.1,611,77.9,99.6,11,0.87,0,2917,2.9,1,26.62609,80.6257
PHC-0052,India - Uttar Pradesh,ORS,2356,137.1,620,81.3,56.7,12,1.09,0,1429,15.8,0,26.62609,80.6257
PHC-0052,India - Uttar Pradesh,Azithromycin,1467,255.4,380,54.8,93.2,5,0.83,0,1684,6.9,1,26.62609,80.6257
PHC-0053,South Africa - Durban,Insulin,7794,317.2,484,75.7,89.6,12,1.05,1,4477,15.0,0,-30.33184,31.2423
PHC-0053,South Africa - Durban,Paracetamol,532,71.7,106,63.8,87.8,10,0.84,0,362,8.8,0,-30.33184,31.2423
PHC-0053,South Africa - Durban,Azithromycin,351,56.7,144,52.5,72.9,14,1.14,1,625,3.5,1,-30.33184,31.2423
PHC-0053,South Africa - Durban,ORS,4523,249.9,471,51.9,93.6,14,0.85,0,1821,21.2,0,-30.33184,31.2423
PHC-0053,South Africa - Durban,Amoxicillin,758,84.4,127,75.9,76.0,14,0.93,0,480,9.7,0,-30.33184,31.2423
PHC-0054,India - Assam,ORS,2861,171.4,241,91.2,59.9,4,1.14,0,1351,14.7,0,26.06222,91.22522
PHC-0054,India - Assam,Azithromycin,1211,149.7,616,48.6,75.1,5,0.93,0,1328,8.7,0,26.06222,91.22522
PHC-0054,India - Assam,Insulin,769,78.2,510,76.9,62.9,10,0.85,0,590,11.5,0,26.06222,91.22522
PHC-0054,India - Assam,Paracetamol,168,58.2,139,48.6,99.8,1,1.34,0,486,2.2,1,26.06222,91.22522
PHC-0054,India - Assam,Amoxicillin,4767,222.6,540,84.6,60.7,5,0.79,0,1582,27.2,0,26.06222,91.22522
PHC-0055,India - Telangana,Insulin,4435,192.2,348,60.9,58.7,3,1.11,0,1633,20.9,0,17.49973,78.78334
PHC-0055,India - Telangana,Paracetamol,3477,157.2,470,48.6,62.1,12,0.91,0,1228,24.2,0,17.49973,78.78334
PHC-0055,India - Telangana,Amoxicillin,1718,325.8,608,37.6,61.0,4,0.75,0,2336,7.0,1,17.49973,78.78334
PHC-0055,India - Telangana,Azithromycin,1507,77.4,518,80.1,99.9,14,0.94,0,648,20.6,0,17.49973,78.78334
PHC-0055,India - Telangana,ORS,2957,157.7,239,62.1,66.0,7,1.21,0,1319,15.5,0,17.49973,78.78334
PHC-0056,India - Odisha,Insulin,3144,128.4,211,60.2,70.4,8,0.96,0,831,25.5,0,20.99886,86.83985
PHC-0056,India - Odisha,Azithromycin,1237,104.5,599,41.4,70.6,5,1.26,0,1239,9.4,0,20.99886,86.83985
PHC-0056,India - Odisha,ORS,2348,156.1,227,43.2,70.5,9,1.11,0,1189,13.5,0,20.99886,86.83985
PHC-0056,India - Odisha,Paracetamol,1635,112.8,281,48.2,82.6,3,0.75,0,610,19.3,0,20.99886,86.83985
PHC-0056,India - Odisha,Amoxicillin,2318,145.6,514,57.9,69.2,12,1.34,0,1728,11.9,0,20.99886,86.83985
PHC-0057,India - Telangana,ORS,605,36.3,179,44.2,65.2,1,1.25,0,294,13.4,0,17.04366,77.74378
PHC-0057,India - Telangana,Azithromycin,718,58.9,412,72.0,94.1,2,0.78,0,373,15.7,0,17.04366,77.74378
PHC-0057,India - Telangana,Insulin,998,76.2,218,92.8,79.5,8,0.99,1,792,8.5,0,17.04366,77.74378
PHC-0057,India - Telangana,Amoxicillin,3054,225.6,319,64.3,96.5,1,1.06,0,1781,12.8,0,17.04366,77.74378
PHC-0057,India - Telangana,Paracetamol,3976,263.2,492,44.6,86.9,4,1.15,0,2634,13.1,0,17.04366,77.74378
PHC-0058,South Africa - Johannesburg,Paracetamol,532,63.8,372,74.6,68.9,7,1.4,1,1087,3.8,1,-26.1063,27.75547
PHC-0058,South Africa - Johannesburg,Insulin,3203,145.8,200,51.7,88.7,9,0.8,0,772,27.6,0,-26.1063,27.75547
PHC-0058,South Africa - Johannesburg,Amoxicillin,380,45.7,350,95.0,69.2,7,0.83,0,291,10.0,0,-26.1063,27.75547
PHC-0058,South Africa - Johannesburg,ORS,4364,224.5,345,59.7,64.4,7,0.73,0,1260,26.5,0,-26.1063,27.75547
PHC-0058,South Africa - Johannesburg,Azithromycin,2392,209.9,362,70.4,74.6,12,1.11,0,1806,10.3,0,-26.1063,27.75547
PHC-0059,India - Chhattisgarh,Amoxicillin,283,21.0,78,66.8,79.9,1,1.2,0,146,11.3,0,21.03577,81.58072
PHC-0059,India - Chhattisgarh,ORS,2338,204.0,362,57.3,63.1,10,0.99,0,1572,11.6,0,21.03577,81.58072
PHC-0059,India - Chhattisgarh,Azithromycin,2462,277.1,561,76.4,88.3,13,0.93,0,2372,9.5,0,21.03577,81.58072
PHC-0059,India - Chhattisgarh,Insulin,383,79.4,626,40.6,94.6,2,1.0,0,762,4.8,1,21.03577,81.58072
PHC-0059,India - Chhattisgarh,Paracetamol,1654,185.1,502,39.4,84.5,7,0.8,0,1291,11.2,0,21.03577,81.58072
PHC-0060,India - Jharkhand,Paracetamol,5560,439.6,612,72.9,56.0,2,0.9,0,3751,14.1,0,23.73309,85.38497
PHC-0060,India - Jharkhand,Amoxicillin,802,40.4,139,75.0,60.2,13,0.91,0,228,21.9,0,23.73309,85.38497
PHC-0060,India - Jharkhand,Azithromycin,1189,99.4,191,46.6,86.3,7,1.11,0,726,10.8,0,23.73309,85.38497
PHC-0060,India - Jharkhand,Insulin,1128,63.9,246,56.4,71.4,8,0.8,0,359,21.9,0,23.73309,85.38497
PHC-0060,India - Jharkhand,ORS,3976,182.6,546,87.5,59.9,9,1.19,0,1965,18.4,0,23.73309,85.38497
PHC-0061,India - Chhattisgarh,Amoxicillin,2861,219.0,394,45.0,77.8,4,1.32,0,2319,9.9,0,20.88752,81.04386
PHC-0061,India - Chhattisgarh,ORS,954,155.4,515,89.7,87.0,7,1.1,0,1514,5.6,1,20.88752,81.04386
PHC-0061,India - Chhattisgarh,Insulin,1490,213.4,388,38.2,76.0,2,0.97,1,2559,4.6,1,20.88752,81.04386
PHC-0061,India - Chhattisgarh,Paracetamol,7525,391.4,618,75.4,96.4,5,0.99,0,3694,19.5,0,20.88752,81.04386
PHC-0061,India - Chhattisgarh,Azithromycin,3141,141.3,481,62.3,70.4,3,0.85,0,1036,26.1,0,20.88752,81.04386
PHC-0062,India - Uttar Pradesh,ORS,2218,134.3,483,40.5,71.4,12,1.21,0,1399,13.7,0,26.67979,80.93118
PHC-0062,India - Uttar Pradesh,Paracetamol,847,262.3,397,70.5,99.3,3,1.07,0,2258,3.0,1,26.67979,80.93118
PHC-0062,India - Uttar Pradesh,Azithromycin,953,55.8,91,77.0,65.3,9,1.22,0,401,14.0,0,26.67979,80.93118
PHC-0062,India - Uttar Pradesh,Insulin,1218,163.6,621,88.4,65.9,14,0.95,0,1496,7.8,0,26.67979,80.93118
PHC-0062,India - Uttar Pradesh,Amoxicillin,587,44.5,202,46.6,65.6,3,0.71,0,209,18.7,0,26.67979,80.93118
PHC-0063,Brazil - Brasilia,ORS,4072,184.5,577,69.6,73.5,1,1.03,0,1758,21.5,0,-15.7444,-47.53604
PHC-0063,Brazil - Brasilia,Azithromycin,8797,383.4,551,45.2,69.0,12,0.81,0,2837,28.2,0,-15.7444,-47.53604
PHC-0063,Brazil - Brasilia,Paracetamol,617,97.0,187,92.5,59.6,5,0.7,0,449,9.0,0,-15.7444,-47.53604
PHC-0063,Brazil - Brasilia,Amoxicillin,1247,79.4,231,45.2,62.6,10,1.03,0,562,15.2,0,-15.7444,-47.53604
PHC-0063,Brazil - Brasilia,Insulin,1869,108.4,421,82.1,62.5,9,0.73,0,649,23.6,0,-15.7444,-47.53604
PHC-0064,Brazil - Brasilia,Paracetamol,576,86.0,189,79.4,63.9,4,0.9,0,511,7.4,0,-15.96475,-48.29473
PHC-0064,Brazil - Brasilia,ORS,3379,280.2,562,92.5,92.8,7,1.32,0,3385,9.2,0,-15.96475,-48.29473
PHC-0064,Brazil - Brasilia,Insulin,1608,134.0,266,51.9,81.6,9,0.72,0,684,16.7,0,-15.96475,-48.29473
PHC-0064,Brazil - Brasilia,Amoxicillin,1268,90.1,604,71.8,63.9,12,1.33,0,1134,10.6,0,-15.96475,-48.29473
PHC-0064,Brazil - Brasilia,Azithromycin,1897,251.7,419,40.3,69.2,13,0.98,0,2015,7.7,0,-15.96475,-48.29473
PHC-0065,India - Gujarat,Paracetamol,1438,122.9,469,68.0,60.4,14,1.27,0,1334,9.2,0,22.76617,73.31496
PHC-0065,India - Gujarat,ORS,710,44.8,96,33.8,62.6,8,0.81,0,215,19.5,0,22.76617,73.31496
PHC-0065,India - Gujarat,Amoxicillin,3259,236.2,337,72.4,71.1,3,0.89,0,1605,15.4,0,22.76617,73.31496
PHC-0065,India - Gujarat,Insulin,1257,101.3,301,64.4,99.3,5,0.86,0,638,14.5,0,22.76617,73.31496
PHC-0065,India - Gujarat,Azithromycin,2286,123.6,363,41.9,81.2,3,0.99,0,955,18.7,0,22.76617,73.31496
PHC-0066,India - Himachal Pradesh,Paracetamol,1875,163.3,539,81.6,70.5,14,0.96,1,2181,7.8,0,30.81251,77.46347
PHC-0066,India - Himachal Pradesh,ORS,689,41.0,74,86.3,93.8,8,1.09,0,259,15.4,0,30.81251,77.46347
PHC-0066,India - Himachal Pradesh,Azithromycin,5236,249.5,492,60.6,62.4,1,0.9,0,1956,23.3,0,30.81251,77.46347
PHC-0066,India - Himachal Pradesh,Insulin,1831,113.9,499,81.2,97.1,12,0.78,1,1206,13.3,0,30.81251,77.46347
PHC-0066,India - Himachal Pradesh,Amoxicillin,342,105.5,175,64.4,83.0,9,0.91,0,625,3.5,1,30.81251,77.46347
PHC-0067,South Africa - Cape Town,Azithromycin,2372,97.0,139,50.4,62.9,3,0.85,0,515,28.7,0,-33.59395,18.55473
PHC-0067,South Africa - Cape Town,Insulin,413,126.2,290,32.7,65.2,13,1.29,0,1185,2.5,1,-33.59395,18.55473
PHC-0067,South Africa - Cape Town,Paracetamol,630,27.0,84,52.5,92.6,8,1.33,0,209,17.6,0,-33.59395,18.55473
PHC-0067,South Africa - Cape Town,ORS,2185,127.5,433,36.0,76.3,13,0.85,0,899,20.1,0,-33.59395,18.55473
PHC-0067,South Africa - Cape Town,Amoxicillin,1444,92.8,286,61.0,68.6,1,1.39,1,1454,7.2,0,-33.59395,18.55473
PHC-0068,India - Goa,Azithromycin,1089,224.3,380,52.6,87.2,6,1.14,0,2019,4.3,1,15.43518,73.81573
PHC-0068,India - Goa,Paracetamol,475,152.4,663,43.1,55.2,1,1.05,0,1587,3.0,1,15.43518,73.81573
PHC-0068,India - Goa,ORS,259,125.1,345,75.8,57.4,10,1.31,0,1252,1.6,1,15.43518,73.81573
PHC-0068,India - Goa,Amoxicillin,5455,359.7,526,71.4,85.7,8,0.79,0,2524,19.3,0,15.43518,73.81573
PHC-0068,India - Goa,Insulin,1216,99.8,136,53.4,88.9,13,1.08,0,668,11.3,0,15.43518,73.81573
PHC-0069,South Africa - Durban,Amoxicillin,1680,71.8,470,35.0,58.3,1,1.02,0,623,23.0,0,-29.69387,30.86076
PHC-0069,South Africa - Durban,ORS,1177,104.1,150,60.5,71.9,14,0.73,0,476,15.6,0,-29.69387,30.86076
PHC-0069,South Africa - Durban,Insulin,289,19.4,105,36.7,59.6,2,1.04,0,120,14.4,0,-29.69387,30.86076
PHC-0069,South Africa - Durban,Azithromycin,520,80.8,658,46.0,91.0,2,1.34,0,1068,4.8,1,-29.69387,30.86076
PHC-0069,South Africa - Durban,Paracetamol,2513,153.0,269,42.5,59.8,6,1.01,0,1098,16.3,0,-29.69387,30.86076
PHC-0070,South Africa - Johannesburg,Insulin,5037,367.2,691,43.7,59.6,7,1.28,0,4724,10.8,0,-26.62896,27.59272
PHC-0070,South Africa - Johannesburg,Azithromycin,2774,135.4,479,81.1,94.4,1,1.12,0,1306,18.3,0,-26.62896,27.59272
PHC-0070,South Africa - Johannesburg,Amoxicillin,2417,142.4,588,69.8,62.0,6,1.32,0,1761,12.9,0,-26.62896,27.59272
PHC-0070,South Africa - Johannesburg,Paracetamol,1610,73.2,224,92.4,77.1,1,1.37,0,683,16.1,0,-26.62896,27.59272
PHC-0070,South Africa - Johannesburg,ORS,3146,291.8,441,81.4,81.0,12,1.2,0,2928,9.0,0,-26.62896,27.59272
PHC-0071,India - Uttar Pradesh,ORS,197,43.0,175,83.4,80.0,6,0.91,0,255,5.0,1,27.40268,81.006
PHC-0071,India - Uttar Pradesh,Insulin,4685,214.5,533,75.4,89.3,5,1.11,1,3310,12.7,0,27.40268,81.006
PHC-0071,India - Uttar Pradesh,Amoxicillin,556,134.6,472,67.7,82.6,4,1.21,0,1391,3.4,1,27.40268,81.006
PHC-0071,India - Uttar Pradesh,Azithromycin,2122,85.0,164,50.0,63.3,1,0.9,0,488,27.8,0,27.40268,81.006
PHC-0071,India - Uttar Pradesh,Paracetamol,3930,235.7,696,53.5,72.8,4,0.73,1,2692,14.8,0,27.40268,81.006
PHC-0072,China - Shenzhen,Insulin,472,88.3,605,40.0,82.1,13,1.34,0,1126,4.0,1,22.49848,114.15004
PHC-0072,China - Shenzhen,Paracetamol,1759,92.2,153,46.8,62.2,5,0.95,0,554,20.1,0,22.49848,114.15004
PHC-0072,China - Shenzhen,Azithromycin,3093,146.7,272,48.8,70.3,10,0.73,0,766,28.9,0,22.49848,114.15004
PHC-0072,China - Shenzhen,ORS,568,157.9,513,79.2,88.7,9,1.17,0,1628,3.1,1,22.49848,114.15004
PHC-0072,China - Shenzhen,Amoxicillin,3706,216.4,364,74.3,95.7,13,1.35,0,2278,12.7,0,22.49848,114.15004
PHC-0073,India - Andhra Pradesh,ORS,376,16.6,79,90.1,97.8,2,1.0,0,96,22.7,0,16.58678,80.49618
PHC-0073,India - Andhra Pradesh,Amoxicillin,148,27.7,87,97.8,56.4,12,1.12,0,182,4.8,1,16.58678,80.49618
PHC-0073,India - Andhra Pradesh,Azithromycin,2054,110.5,393,44.7,92.3,10,0.85,0,754,21.8,0,16.58678,80.49618
PHC-0073,India - Andhra Pradesh,Insulin,1138,152.3,637,83.0,58.9,11,0.83,0,1232,9.0,0,16.58678,80.49618
PHC-0073,India - Andhra Pradesh,Paracetamol,1263,115.7,244,96.5,75.9,14,1.0,0,808,10.9,0,16.58678,80.49618
PHC-0074,India - Goa,Azithromycin,1043,96.2,390,40.0,79.9,10,1.21,0,930,9.0,0,15.8772,73.98006
PHC-0074,India - Goa,Insulin,886,42.6,162,48.2,89.9,3,0.93,0,253,22.3,0,15.8772,73.98006
PHC-0074,India - Goa,ORS,574,210.9,508,95.3,61.6,11,0.95,0,1760,2.9,1,15.8772,73.98006
PHC-0074,India - Goa,Amoxicillin,920,429.8,699,93.4,84.1,7,1.37,0,5952,1.6,1,15.8772,73.98006
PHC-0074,India - Goa,Paracetamol,2410,235.9,473,60.1,84.6,13,1.0,0,2017,10.2,0,15.8772,73.98006
PHC-0075,Brazil - Brasilia,Azithromycin,2273,109.9,546,85.7,88.2,3,1.37,0,1369,15.1,0,-15.72587,-48.30856
PHC-0075,Brazil - Brasilia,Paracetamol,1055,73.5,215,60.3,55.3,12,1.1,0,547,13.0,0,-15.72587,-48.30856
PHC-0075,Brazil - Brasilia,Insulin,6344,446.8,632,42.1,84.1,3,0.83,0,3606,17.0,0,-15.72587,-48.30856
PHC-0075,Brazil - Brasilia,ORS,396,89.2,470,80.3,57.5,10,1.27,0,965,3.5,1,-15.72587,-48.30856
PHC-0075,Brazil - Brasilia,Amoxicillin,671,159.0,356,73.0,57.8,2,1.36,0,1675,3.1,1,-15.72587,-48.30856
PHC-0076,Brazil - Brasilia,Paracetamol,770,296.7,396,30.0,70.8,9,0.96,1,3528,1.8,1,-16.26886,-47.30218
PHC-0076,Brazil - Brasilia,Amoxicillin,807,152.5,226,58.0,88.6,13,0.92,0,957,5.8,1,-16.26886,-47.30218
PHC-0076,Brazil - Brasilia,Insulin,4416,202.7,626,47.0,98.4,4,0.91,0,1785,23.8,0,-16.26886,-47.30218
PHC-0076,Brazil - Brasilia,ORS,1285,94.1,413,37.7,83.2,4,1.31,0,1005,10.4,0,-16.26886,-47.30218
PHC-0076,Brazil - Brasilia,Azithromycin,590,29.4,79,70.2,59.6,3,1.08,0,184,18.7,0,-16.26886,-47.30218
PHC-0077,India - Punjab,Amoxicillin,1178,77.9,368,60.2,66.2,3,1.0,0,610,15.1,0,30.83717,75.71588
PHC-0077,India - Punjab,ORS,586,64.8,93,43.5,98.0,4,1.27,0,485,7.1,0,30.83717,75.71588
PHC-0077,India - Punjab,Azithromycin,1623,162.7,364,87.1,88.8,12,0.91,0,1152,11.0,0,30.83717,75.71588
PHC-0077,India - Punjab,Insulin,1065,44.2,366,67.4,81.9,6,1.12,0,386,21.5,0,30.83717,75.71588
PHC-0077,India - Punjab,Paracetamol,5119,314.1,429,75.6,75.5,5,0.9,0,2337,18.1,0,30.83717,75.71588
PHC-0078,Russia - Novosibirsk,Insulin,3538,203.1,616,40.2,96.8,5,0.95,0,1854,18.2,0,55.51151,82.54253
PHC-0078,Russia - Novosibirsk,Azithromycin,1256,163.5,231,75.0,62.0,3,0.84,0,938,9.2,0,55.51151,82.54253
PHC-0078,Russia - Novosibirsk,ORS,177,13.0,99,88.7,69.7,3,0.79,1,95,11.1,0,55.51151,82.54253
PHC-0078,Russia - Novosibirsk,Amoxicillin,5595,289.9,442,77.5,72.3,10,0.93,0,2243,20.8,0,55.51151,82.54253
PHC-0078,Russia - Novosibirsk,Paracetamol,5767,382.4,532,50.0,77.0,11,1.13,0,3877,13.3,0,55.51151,82.54253
PHC-0079,India - Maharashtra,Insulin,1717,149.1,214,69.1,76.4,9,1.07,0,1079,10.7,0,19.30516,72.74189
PHC-0079,India - Maharashtra,Paracetamol,2482,169.9,245,67.8,57.6,13,1.12,0,1324,13.1,0,19.30516,72.74189
PHC-0079,India - Maharashtra,Azithromycin,681,37.1,248,49.5,84.3,10,1.14,0,295,16.1,0,19.30516,72.74189
PHC-0079,India - Maharashtra,ORS,1606,100.8,156,34.7,74.9,7,0.92,0,587,17.3,0,19.30516,72.74189
PHC-0079,India - Maharashtra,Amoxicillin,332,20.8,164,80.0,89.6,9,0.74,0,98,21.6,0,19.30516,72.74189
PHC-0080,India - Goa,Insulin,2646,329.1,608,78.4,57.2,2,1.09,0,3422,7.3,0,15.48821,73.77279
PHC-0080,India - Goa,Amoxicillin,908,85.3,139,72.3,65.2,12,1.11,0,587,9.6,0,15.48821,73.77279
PHC-0080,India - Goa,ORS,3642,163.2,694,60.3,81.6,7,0.95,0,1571,23.4,0,15.48821,73.77279
PHC-0080,India - Goa,Paracetamol,9543,468.1,674,39.1,88.6,3,0.99,0,4633,20.5,0,15.48821,73.77279
PHC-0080,India - Goa,Azithromycin,339,49.7,246,77.3,66.6,8,1.32,0,459,5.2,1,15.48821,73.77279
PHC-0081,South Africa - Johannesburg,Paracetamol,4695,206.0,463,41.2,81.0,8,1.23,0,2149,18.6,0,-25.70738,28.0717
PHC-0081,South Africa - Johannesburg,ORS,1269,211.9,597,69.7,73.9,13,0.71,0,1420,8.4,0,-25.70738,28.0717
PHC-0081,South Africa - Johannesburg,Azithromycin,6413,284.8,471,67.1,59.8,3,1.07,0,2615,21.0,0,-25.70738,28.0717
PHC-0081,South Africa - Johannesburg,Insulin,243,50.1,165,91.2,93.4,11,0.74,0,236,6.6,1,-25.70738,28.0717
PHC-0081,South Africa - Johannesburg,Amoxicillin,274,14.1,88,66.5,73.7,2,1.33,0,110,14.6,0,-25.70738,28.0717
PHC-0082,India - Jammu & Kashmir,ORS,643,146.3,265,43.5,92.2,14,1.4,0,1453,3.1,1,34.00538,75.86244
PHC-0082,India - Jammu & Kashmir,Paracetamol,1428,410.4,683,34.7,95.0,2,1.26,1,8043,1.8,1,34.00538,75.86244
PHC-0082,India - Jammu & Kashmir,Azithromycin,4076,178.4,552,50.3,67.4,10,1.32,0,2147,17.3,0,34.00538,75.86244
PHC-0082,India - Jammu & Kashmir,Insulin,2869,120.0,550,71.7,85.1,13,1.34,0,1463,17.8,0,34.00538,75.86244
PHC-0082,India - Jammu & Kashmir,Amoxicillin,2232,111.0,212,91.0,85.6,11,0.75,0,558,26.9,0,34.00538,75.86244
PHC-0083,India - Maharashtra,Paracetamol,6302,326.2,545,35.8,82.4,6,0.8,0,2366,24.1,0,18.78487,72.45342
PHC-0083,India - Maharashtra,Amoxicillin,198,51.6,336,91.9,88.5,4,1.35,0,530,2.8,1,18.78487,72.45342
PHC-0083,India - Maharashtra,Azithromycin,2785,172.2,498,53.9,88.6,6,1.26,0,1897,12.8,0,18.78487,72.45342
PHC-0083,India - Maharashtra,Insulin,1930,270.3,598,32.6,86.9,4,1.08,0,2766,6.6,1,18.78487,72.45342
PHC-0083,India - Maharashtra,ORS,11465,461.0,617,61.6,94.0,2,0.87,0,3840,28.6,0,18.78487,72.45342
PHC-0084,India - Jharkhand,Paracetamol,1527,302.6,545,37.8,89.7,12,1.14,0,3121,4.4,1,23.05265,85.21306
PHC-0084,India - Jharkhand,ORS,2660,239.4,447,58.1,82.2,13,1.23,0,2472,9.0,0,23.05265,85.21306
PHC-0084,India - Jharkhand,Amoxicillin,4770,261.8,453,86.5,57.8,8,1.23,0,2708,14.8,0,23.05265,85.21306
PHC-0084,India - Jharkhand,Azithromycin,5649,305.7,558,65.6,90.7,2,0.91,0,2547,20.3,0,23.05265,85.21306
PHC-0084,India - Jharkhand,Insulin,1860,103.3,273,87.5,87.4,5,0.82,0,608,21.9,0,23.05265,85.21306
PHC-0085,India - Jammu & Kashmir,Azithromycin,1881,212.2,391,52.6,84.4,12,1.08,0,1838,8.2,0,33.31576,76.59072
PHC-0085,India - Jammu & Kashmir,Amoxicillin,3659,283.9,641,43.5,72.0,13,0.93,0,2579,13.8,0,33.31576,76.59072
PHC-0085,India - Jammu & Kashmir,Paracetamol,4349,193.7,471,94.0,64.9,8,0.77,0,1275,29.2,0,33.31576,76.59072
PHC-0085,India - Jammu & Kashmir,ORS,837,328.7,495,47.1,57.0,14,1.27,0,3651,2.0,1,33.31576,76.59072
PHC-0085,India - Jammu & Kashmir,Insulin,1769,226.7,483,70.9,56.4,8,1.15,0,2254,6.8,1,33.31576,76.59072
PHC-0086,Brazil - Rio de Janeiro,ORS,562,33.8,139,49.7,60.4,2,0.81,0,170,20.6,0,-23.06946,-43.28469
PHC-0086,Brazil - Rio de Janeiro,Amoxicillin,399,65.8,131,78.4,67.6,7,0.92,0,373,6.6,1,-23.06946,-43.28469
PHC-0086,Brazil - Rio de Janeiro,Azithromycin,3631,272.5,376,32.9,66.7,11,0.81,0,1741,16.4,0,-23.06946,-43.28469
PHC-0086,Brazil - Rio de Janeiro,Insulin,7632,491.3,674,65.2,93.1,2,0.72,0,3522,21.6,0,-23.06946,-43.28469
PHC-0086,Brazil - Rio de Janeiro,Paracetamol,2302,162.4,250,34.2,92.5,2,0.72,0,818,19.7,0,-23.06946,-43.28469
PHC-0087,India - Rajasthan,ORS,227,44.7,147,95.4,59.7,9,1.07,0,300,4.7,1,27.09834,76.25809
PHC-0087,India - Rajasthan,Amoxicillin,4630,227.5,460,82.8,94.1,4,0.91,0,1744,22.5,0,27.09834,76.25809
PHC-0087,India - Rajasthan,Azithromycin,2691,300.6,509,68.2,62.6,1,1.27,0,3374,7.0,0,27.09834,76.25809
PHC-0087,India - Rajasthan,Insulin,1745,70.3,472,46.8,68.9,13,0.87,0,526,28.4,0,27.09834,76.25809
PHC-0087,India - Rajasthan,Paracetamol,617,55.8,206,74.6,92.6,8,1.18,0,443,9.3,0,27.09834,76.25809
PHC-0088,India - Odisha,Amoxicillin,945,90.3,167,74.3,70.6,1,1.02,0,590,10.3,0,20.24592,85.57642
PHC-0088,India - Odisha,Insulin,3876,231.5,592,67.1,58.4,1,1.17,0,2539,14.3,0,20.24592,85.57642
PHC-0088,India - Odisha,Paracetamol,1788,133.0,610,51.1,86.2,1,0.87,0,1100,15.5,0,20.24592,85.57642
PHC-0088,India - Odisha,ORS,1531,75.1,147,56.2,57.1,5,1.07,1,786,12.2,0,20.24592,85.57642
PHC-0088,India - Odisha,Azithromycin,874,45.1,174,53.5,62.2,14,1.17,0,340,16.6,0,20.24592,85.57642
PHC-0089,India - Odisha,ORS,776,72.6,494,94.6,76.7,6,0.78,0,490,13.8,0,20.38487,85.8818
PHC-0089,India - Odisha,Amoxicillin,5202,343.2,496,55.6,81.1,14,1.27,0,3805,11.9,0,20.38487,85.8818
PHC-0089,India - Odisha,Azithromycin,555,117.2,288,68.7,62.0,12,0.74,0,632,6.4,1,20.38487,85.8818
PHC-0089,India - Odisha,Paracetamol,5977,298.8,454,88.3,89.2,10,1.19,0,3002,16.8,0,20.38487,85.8818
PHC-0089,India - Odisha,Insulin,111,33.1,169,40.6,92.0,9,1.22,1,403,1.8,1,20.38487,85.8818
PHC-0090,India - Jammu & Kashmir,Azithromycin,521,95.0,142,37.9,96.6,12,0.82,0,487,6.7,1,33.40046,76.61167
PHC-0090,India - Jammu & Kashmir,Amoxicillin,50,18.1,91,97.6,94.4,7,1.34,0,142,2.1,1,33.40046,76.61167
PHC-0090,India - Jammu & Kashmir,Paracetamol,2572,207.0,533,30.4,90.1,4,1.4,0,2598,8.9,0,33.40046,76.61167
PHC-0090,India - Jammu & Kashmir,ORS,554,131.5,358,48.1,77.6,6,1.0,0,1023,4.2,1,33.40046,76.61167
PHC-0090,India - Jammu & Kashmir,Insulin,66,24.9,95,32.6,61.0,12,1.1,0,162,2.4,1,33.40046,76.61167
PHC-0091,Brazil - Brasilia,Insulin,4720,214.5,651,63.1,65.2,6,0.9,0,1897,24.4,0,-14.90888,-47.2231
PHC-0091,Brazil - Brasilia,Amoxicillin,95,41.4,273,42.4,91.5,13,1.07,0,316,2.2,1,-14.90888,-47.2231
PHC-0091,Brazil - Brasilia,ORS,1693,78.0,478,43.0,56.5,6,1.1,0,739,19.7,0,-14.90888,-47.2231
PHC-0091,Brazil - Brasilia,Paracetamol,5507,413.9,663,46.4,70.7,2,1.21,0,4955,11.0,0,-14.90888,-47.2231
PHC-0091,Brazil - Brasilia,Azithromycin,746,46.8,92,96.1,71.9,2,0.75,0,205,21.4,0,-14.90888,-47.2231
PHC-0092,India - Telangana,Paracetamol,3148,264.9,410,95.7,99.1,12,0.79,0,1700,15.0,0,17.09136,78.38942
PHC-0092,India - Telangana,ORS,1235,114.3,659,47.8,97.8,9,0.99,0,1114,10.9,0,17.09136,78.38942
PHC-0092,India - Telangana,Insulin,1606,73.5,362,30.0,57.5,6,0.96,0,546,22.9,0,17.09136,78.38942
PHC-0092,India - Telangana,Azithromycin,261,28.0,173,46.7,55.2,5,1.07,0,194,8.7,0,17.09136,78.38942
PHC-0092,India - Telangana,Amoxicillin,1223,65.5,125,47.9,69.8,5,0.87,1,543,13.8,0,17.09136,78.38942
PHC-0093,India - Telangana,Insulin,1635,97.8,542,71.6,84.3,3,1.24,0,1098,13.5,0,17.18325,78.60046
PHC-0093,India - Telangana,Azithromycin,6313,307.8,529,79.0,71.1,13,0.9,0,2475,22.8,0,17.18325,78.60046
PHC-0093,India - Telangana,Amoxicillin,235,78.4,194,30.3,96.9,2,1.18,0,613,2.5,1,17.18325,78.60046
PHC-0093,India - Telangana,Paracetamol,7003,311.2,649,74.4,82.1,5,1.02,0,3115,22.0,0,17.18325,78.60046
PHC-0093,India - Telangana,ORS,565,48.0,65,56.7,74.3,10,1.0,1,423,7.6,0,17.18325,78.60046
PHC-0094,India - Andhra Pradesh,Insulin,692,33.5,74,74.9,63.9,1,1.21,0,234,17.1,0,16.93205,80.38482
PHC-0094,India - Andhra Pradesh,ORS,1176,73.3,143,87.1,61.1,4,0.84,0,383,19.2,0,16.93205,80.38482
PHC-0094,India - Andhra Pradesh,Amoxicillin,4243,210.8,552,40.1,75.7,1,1.39,0,2676,14.5,0,16.93205,80.38482
PHC-0094,India - Andhra Pradesh,Paracetamol,978,155.8,330,40.0,85.5,7,0.98,0,1151,6.4,1,16.93205,80.38482
PHC-0094,India - Andhra Pradesh,Azithromycin,1166,425.1,651,81.0,72.2,1,1.12,0,4666,2.5,1,16.93205,80.38482
PHC-0095,India - Madhya Pradesh,Insulin,1129,162.1,405,68.4,61.6,7,1.06,0,1385,6.6,1,22.49845,77.35307
PHC-0095,India - Madhya Pradesh,ORS,2377,191.7,606,59.5,95.9,7,1.04,0,1898,11.9,0,22.49845,77.35307
PHC-0095,India - Madhya Pradesh,Azithromycin,744,199.6,584,58.6,85.1,4,1.29,0,2398,2.9,1,22.49845,77.35307
PHC-0095,India - Madhya Pradesh,Amoxicillin,449,157.1,678,83.8,62.5,9,0.76,1,1859,2.4,1,22.49845,77.35307
PHC-0095,India - Madhya Pradesh,Paracetamol,2525,235.8,464,86.7,64.2,14,1.0,0,2005,10.7,0,22.49845,77.35307
PHC-0096,Russia - Saint Petersburg,Paracetamol,4094,183.1,667,39.4,57.4,7,1.19,0,2167,18.7,0,59.55815,30.1247
PHC-0096,Russia - Saint Petersburg,ORS,1010,49.4,296,32.5,56.3,12,1.02,0,370,20.0,0,59.55815,30.1247
PHC-0096,Russia - Saint Petersburg,Insulin,174,61.9,454,79.4,64.5,9,1.16,0,605,2.4,1,59.55815,30.1247
PHC-0096,Russia - Saint Petersburg,Amoxicillin,1632,199.6,330,56.5,58.9,1,1.29,0,1942,6.4,1,59.55815,30.1247
PHC-0096,Russia - Saint Petersburg,Azithromycin,3957,408.2,559,90.6,87.4,8,1.35,1,7826,4.6,1,59.55815,30.1247
PHC-0097,India - Rajasthan,Amoxicillin,4708,194.6,658,43.9,77.5,10,1.07,0,2042,22.7,0,27.30335,75.75701
PHC-0097,India - Rajasthan,Paracetamol,871,48.6,276,87.7,70.7,11,1.2,0,417,15.0,0,27.30335,75.75701
PHC-0097,India - Rajasthan,Azithromycin,1059,192.2,267,77.0,77.8,12,1.07,0,1467,5.1,1,27.30335,75.75701
PHC-0097,India - Rajasthan,Insulin,2269,310.4,623,55.7,93.9,7,0.78,0,2318,9.4,0,27.30335,75.75701
PHC-0097,India - Rajasthan,ORS,2992,195.3,299,57.4,66.2,3,1.01,1,2236,9.8,0,27.30335,75.75701
PHC-0098,India - Kerala,Paracetamol,416,76.1,229,78.5,94.3,6,1.33,1,1078,2.6,1,7.9048,76.42653
PHC-0098,India - Kerala,ORS,1361,81.6,273,94.9,87.7,7,1.05,0,612,15.9,0,7.9048,76.42653
PHC-0098,India - Kerala,Insulin,8790,449.5,643,59.5,67.3,11,1.05,0,4602,18.6,0,7.9048,76.42653
PHC-0098,India - Kerala,Amoxicillin,1861,144.8,329,53.7,83.8,14,1.06,0,1163,12.1,0,7.9048,76.42653
PHC-0098,India - Kerala,Azithromycin,2747,229.9,664,44.0,79.9,13,1.19,1,4202,6.5,1,7.9048,76.42653
PHC-0099,India - Chhattisgarh,Azithromycin,3197,144.4,471,49.8,75.8,3,1.19,0,1473,18.5,0,20.7994,81.24613
PHC-0099,India - Chhattisgarh,ORS,1043,174.2,293,89.7,67.4,10,0.79,1,1557,4.9,1,20.7994,81.24613
PHC-0099,India - Chhattisgarh,Insulin,1051,64.1,311,51.7,61.0,3,1.12,0,534,14.6,0,20.7994,81.24613
PHC-0099,India - Chhattisgarh,Amoxicillin,1143,77.2,354,85.3,62.2,12,0.85,0,504,17.5,0,20.7994,81.24613
PHC-0099,India - Chhattisgarh,Paracetamol,507,27.2,112,95.4,64.4,8,1.15,0,189,16.2,0,20.7994,81.24613
PHC-0100,India - Gujarat,ORS,1064,86.2,393,43.8,94.5,8,1.18,0,816,10.4,0,23.66292,73.58677
PHC-0100,India - Gujarat,Azithromycin,4953,247.6,457,35.5,56.0,8,0.78,0,1632,25.6,0,23.66292,73.58677
PHC-0100,India - Gujarat,Insulin,335,29.2,142,60.0,59.9,7,1.34,0,245,8.5,0,23.66292,73.58677
PHC-0100,India - Gujarat,Paracetamol,1909,206.9,471,88.1,80.9,6,1.05,1,2869,5.7,1,23.66292,73.58677
PHC-0100,India - Gujarat,Amoxicillin,2095,291.4,461,40.4,86.1,12,1.03,0,2539,7.0,1,23.66292,73.58677
PHC-0101,China - Shanghai,Insulin,3533,184.3,341,62.1,87.6,4,1.06,0,1488,18.1,0,31.10111,121.58954
PHC-0101,China - Shanghai,Azithromycin,7010,380.0,649,48.1,80.0,4,1.3,0,4833,14.2,0,31.10111,121.58954
PHC-0101,China - Shanghai,Amoxicillin,9642,439.8,610,57.3,82.3,11,1.39,0,5838,15.7,0,31.10111,121.58954
PHC-0101,China - Shanghai,Paracetamol,1283,63.6,428,58.8,66.1,2,0.94,0,495,21.4,0,31.10111,121.58954
PHC-0101,China - Shanghai,ORS,1539,81.4,122,96.2,95.0,7,0.88,0,436,21.5,0,31.10111,121.58954
PHC-0102,India - Punjab,ORS,1293,60.1,272,30.8,74.9,12,1.03,0,443,20.9,0,31.50504,75.5046
PHC-0102,India - Punjab,Amoxicillin,1386,145.5,209,69.4,94.5,9,1.24,0,1213,7.7,0,31.50504,75.5046
PHC-0102,India - Punjab,Insulin,1474,94.9,635,69.1,90.4,14,0.8,0,739,19.3,0,31.50504,75.5046
PHC-0102,India - Punjab,Azithromycin,524,40.9,191,79.8,84.3,11,0.85,0,228,15.1,0,31.50504,75.5046
PHC-0102,India - Punjab,Paracetamol,123,40.7,101,44.9,70.4,14,1.4,0,339,2.2,1,31.50504,75.5046
PHC-0103,South Africa - Johannesburg,Azithromycin,591,186.7,331,60.5,62.7,14,0.79,0,1110,4.0,1,-25.92793,28.19217
PHC-0103,South Africa - Johannesburg,Amoxicillin,1086,48.2,82,46.8,96.5,8,1.06,0,298,21.2,0,-25.92793,28.19217
PHC-0103,South Africa - Johannesburg,Insulin,222,15.0,105,79.1,67.6,12,1.3,0,117,11.4,0,-25.92793,28.19217
PHC-0103,South Africa - Johannesburg,ORS,109,19.2,113,55.9,93.4,12,0.8,0,93,7.1,0,-25.92793,28.19217
PHC-0103,South Africa - Johannesburg,Paracetamol,1979,195.7,483,38.0,97.5,4,1.01,0,1700,10.0,0,-25.92793,28.19217
PHC-0104,India - Uttar Pradesh,ORS,1902,113.0,248,71.2,74.5,10,1.14,0,897,14.8,0,26.71835,80.90316
PHC-0104,India - Uttar Pradesh,Paracetamol,11624,482.8,661,85.8,82.1,11,1.22,0,5839,19.7,0,26.71835,80.90316
PHC-0104,India - Uttar Pradesh,Azithromycin,164,78.7,279,95.7,93.9,7,1.06,0,601,2.0,1,26.71835,80.90316
PHC-0104,India - Uttar Pradesh,Amoxicillin,4324,211.1,536,98.0,70.7,10,0.87,0,1656,23.5,0,26.71835,80.90316
PHC-0104,India - Uttar Pradesh,Insulin,280,116.7,317,37.8,67.2,2,0.81,0,708,3.0,1,26.71835,80.90316
PHC-0105,India - Andhra Pradesh,Amoxicillin,1145,144.9,254,64.6,60.0,1,1.39,0,1415,5.7,1,16.42664,80.54676
PHC-0105,India - Andhra Pradesh,Insulin,1263,165.4,252,48.2,91.4,6,0.89,0,1034,8.6,0,16.42664,80.54676
PHC-0105,India - Andhra Pradesh,Paracetamol,229,10.0,68,73.6,81.2,6,0.84,0,48,27.3,0,16.42664,80.54676
PHC-0105,India - Andhra Pradesh,Azithromycin,1703,76.5,484,69.4,90.7,10,0.88,0,584,25.2,0,16.42664,80.54676
PHC-0105,India - Andhra Pradesh,ORS,4399,404.3,652,31.6,91.8,10,0.84,0,3350,12.9,0,16.42664,80.54676
PHC-0106,India - Rajasthan,Paracetamol,3588,208.7,660,97.3,85.1,13,1.07,0,2199,16.1,0,26.99126,75.59564
PHC-0106,India - Rajasthan,Amoxicillin,7748,322.1,647,83.6,74.1,6,0.93,1,4554,16.6,0,26.99126,75.59564
PHC-0106,India - Rajasthan,Insulin,1387,176.3,269,78.7,91.3,2,1.03,0,1300,7.6,0,26.99126,75.59564
PHC-0106,India - Rajasthan,Azithromycin,2066,220.4,627,64.7,74.6,12,1.18,0,2503,8.0,0,26.99126,75.59564
PHC-0106,India - Rajasthan,ORS,536,189.5,278,61.1,84.7,7,1.32,0,1802,2.1,1,26.99126,75.59564
PHC-0107,India - Telangana,Amoxicillin,3495,270.2,573,60.7,57.6,13,1.32,0,3314,9.8,0,17.74445,78.5444
PHC-0107,India - Telangana,Insulin,866,87.6,296,38.4,87.5,7,1.09,0,699,9.1,0,17.74445,78.5444
PHC-0107,India - Telangana,ORS,891,185.0,251,61.2,77.2,9,0.82,0,1059,5.9,1,17.74445,78.5444
PHC-0107,India - Telangana,Azithromycin,527,94.9,433,88.2,69.0,9,1.14,0,897,4.9,1,17.74445,78.5444
PHC-0107,India - Telangana,Paracetamol,3814,178.8,305,72.5,75.2,12,0.98,0,1288,21.9,0,17.74445,78.5444
PHC-0108,India - Uttarakhand,Insulin,1494,77.4,264,69.3,91.3,1,1.08,0,594,17.9,0,30.44311,78.0486
PHC-0108,India - Uttarakhand,Amoxicillin,868,35.5,195,31.0,81.9,12,1.25,0,294,19.5,0,30.44311,78.0486
PHC-0108,India - Uttarakhand,ORS,289,85.3,245,30.6,59.3,9,0.77,0,457,4.4,1,30.44311,78.0486
PHC-0108,India - Uttarakhand,Azithromycin,838,46.8,115,31.1,67.2,8,1.24,1,546,9.3,0,30.44311,78.0486
PHC-0108,India - Uttarakhand,Paracetamol,1281,62.9,367,90.2,73.6,7,0.87,0,428,23.4,0,30.44311,78.0486
PHC-0109,Brazil - Brasilia,Insulin,4795,370.4,575,85.7,72.6,10,0.94,0,3243,13.7,0,-16.04255,-47.76923
PHC-0109,Brazil - Brasilia,ORS,6441,464.2,631,56.2,72.8,7,1.08,0,4862,12.8,0,-16.04255,-47.76923
PHC-0109,Brazil - Brasilia,Paracetamol,1485,137.1,381,72.0,57.7,11,1.16,0,1258,9.4,0,-16.04255,-47.76923
PHC-0109,Brazil - Brasilia,Amoxicillin,1337,68.8,120,87.5,71.9,7,0.93,0,389,20.9,0,-16.04255,-47.76923
PHC-0109,Brazil - Brasilia,Azithromycin,3697,250.2,483,82.5,63.6,9,1.09,0,2352,13.6,0,-16.04255,-47.76923
PHC-0110,China - Shanghai,Insulin,625,44.3,73,94.6,74.1,13,1.25,0,319,11.3,0,31.19595,122.20261
PHC-0110,China - Shanghai,ORS,687,154.8,465,64.1,63.7,5,1.14,0,1506,3.9,1,31.19595,122.20261
PHC-0110,China - Shanghai,Amoxicillin,1740,101.5,139,93.7,77.0,2,0.72,0,457,23.7,0,31.19595,122.20261
PHC-0110,China - Shanghai,Azithromycin,838,38.4,297,72.2,88.5,8,1.05,0,295,20.9,0,31.19595,122.20261
PHC-0110,China - Shanghai,Paracetamol,1127,100.5,137,41.0,57.5,4,1.15,1,1108,6.3,1,31.19595,122.20261
PHC-0111,India - Tripura,Azithromycin,285,74.3,149,45.1,73.8,5,0.84,1,610,2.9,1,23.96505,91.01293
PHC-0111,India - Tripura,Paracetamol,1820,99.4,281,57.7,61.3,14,0.94,0,671,19.6,0,23.96505,91.01293
PHC-0111,India - Tripura,ORS,205,44.7,175,44.8,95.8,5,0.76,0,220,6.0,1,23.96505,91.01293
PHC-0111,India - Tripura,Insulin,1700,122.2,356,33.0,84.2,8,1.09,0,1036,12.7,0,23.96505,91.01293
PHC-0111,India - Tripura,Amoxicillin,1202,119.6,302,45.4,77.5,8,0.72,0,632,14.0,0,23.96505,91.01293
PHC-0112,India - Assam,Insulin,5420,230.1,368,95.1,74.2,6,0.89,0,1593,26.6,0,25.75066,92.1569
PHC-0112,India - Assam,Paracetamol,1642,174.6,341,34.3,64.5,9,0.81,0,1078,11.6,0,25.75066,92.1569
PHC-0112,India - Assam,Amoxicillin,1207,76.2,592,94.4,71.2,13,1.07,0,765,14.8,0,25.75066,92.1569
PHC-0112,India - Assam,ORS,5225,251.3,597,80.7,91.4,5,1.39,0,3296,14.9,0,25.75066,92.1569
PHC-0112,India - Assam,Azithromycin,2936,169.4,339,80.3,88.7,11,1.32,0,1705,13.1,0,25.75066,92.1569
PHC-0113,India - Haryana,ORS,870,63.5,165,52.7,62.6,12,0.88,1,556,10.0,0,29.22805,75.46939
PHC-0113,India - Haryana,Azithromycin,715,94.7,129,79.2,80.8,5,1.19,0,692,6.4,1,29.22805,75.46939
PHC-0113,India - Haryana,Paracetamol,919,61.5,89,34.6,67.2,10,1.2,0,432,12.5,0,29.22805,75.46939
PHC-0113,India - Haryana,Amoxicillin,2056,190.4,384,82.6,87.6,8,1.2,0,1814,9.0,0,29.22805,75.46939
PHC-0113,India - Haryana,Insulin,7141,294.6,595,38.1,83.4,13,1.2,0,3333,20.2,0,29.22805,75.46939
PHC-0114,India - Himachal Pradesh,Amoxicillin,866,56.8,246,56.9,59.3,5,1.1,0,433,13.9,0,31.4246,77.32905
PHC-0114,India - Himachal Pradesh,Insulin,4521,300.4,605,82.6,71.3,3,0.87,1,3860,11.1,0,31.4246,77.32905
PHC-0114,India - Himachal Pradesh,Azithromycin,710,34.0,248,43.4,90.4,8,1.19,1,439,11.3,0,31.4246,77.32905
PHC-0114,India - Himachal Pradesh,Paracetamol,500,25.5,87,51.5,83.3,14,1.12,0,167,17.6,0,31.4246,77.32905
PHC-0114,India - Himachal Pradesh,ORS,85,17.2,110,47.5,95.8,1,1.06,0,110,4.6,1,31.4246,77.32905
PHC-0115,India - Gujarat,ORS,5229,230.0,391,70.7,78.8,11,1.32,0,2430,17.2,0,22.85497,72.6623
PHC-0115,India - Gujarat,Insulin,186,91.4,594,65.9,58.3,12,1.38,0,1190,1.5,1,22.85497,72.6623
PHC-0115,India - Gujarat,Azithromycin,2075,85.6,313,55.9,56.2,11,0.72,0,458,33.7,0,22.85497,72.6623
PHC-0115,India - Gujarat,Paracetamol,2777,284.6,386,62.8,59.5,14,1.07,0,2411,9.2,0,22.85497,72.6623
PHC-0115,India - Gujarat,Amoxicillin,1274,56.1,111,30.1,65.3,4,0.85,0,286,26.8,0,22.85497,72.6623
PHC-0116,South Africa - Durban,Insulin,2745,159.8,227,43.4,58.8,13,0.86,1,1460,12.9,0,-29.83164,30.91774
PHC-0116,South Africa - Durban,Paracetamol,2355,248.1,688,64.7,68.1,14,1.39,0,3461,6.9,1,-29.83164,30.91774
PHC-0116,South Africa - Durban,Amoxicillin,762,156.2,400,56.0,93.6,6,0.8,0,1004,6.1,1,-29.83164,30.91774
PHC-0116,South Africa - Durban,Azithromycin,133,58.2,256,48.6,57.8,6,0.96,0,395,2.4,1,-29.83164,30.91774
PHC-0116,South Africa - Durban,ORS,5288,447.3,624,78.1,84.9,11,0.85,0,3665,13.9,0,-29.83164,30.91774
PHC-0117,Brazil - Brasilia,Insulin,1614,67.3,349,85.0,92.8,14,1.26,0,650,19.1,0,-15.87819,-47.8266
PHC-0117,Brazil - Brasilia,ORS,7543,393.9,660,48.5,63.2,9,0.93,0,3614,20.6,0,-15.87819,-47.8266
PHC-0117,Brazil - Brasilia,Amoxicillin,6576,334.0,516,76.0,66.9,9,1.04,0,3064,19.0,0,-15.87819,-47.8266
PHC-0117,Brazil - Brasilia,Azithromycin,136,13.9,110,47.4,80.7,4,0.74,0,62,13.2,0,-15.87819,-47.8266
PHC-0117,Brazil - Brasilia,Paracetamol,2282,151.5,289,52.9,61.6,1,1.37,0,1510,11.0,0,-15.87819,-47.8266
PHC-0118,India - Rajasthan,ORS,1758,241.3,435,74.3,73.0,6,0.7,1,2186,6.7,1,27.42502,74.89167
PHC-0118,India - Rajasthan,Amoxicillin,3238,129.8,428,51.6,75.6,13,1.3,0,1387,19.3,0,27.42502,74.89167
PHC-0118,India - Rajasthan,Paracetamol,1842,368.4,683,58.7,68.9,7,1.17,0,4337,4.3,1,27.42502,74.89167
PHC-0118,India - Rajasthan,Azithromycin,1182,211.4,372,58.7,87.1,4,1.24,0,2051,4.5,1,27.42502,74.89167
PHC-0118,India - Rajasthan,Insulin,3202,326.7,567,81.9,87.8,12,1.12,0,3375,8.7,0,27.42502,74.89167
PHC-0119,Russia - Saint Petersburg,ORS,2384,99.5,151,43.1,62.4,11,1.11,0,697,21.6,0,59.99178,30.4136
PHC-0119,Russia - Saint Petersburg,Paracetamol,2480,105.9,170,58.4,87.3,8,0.84,0,571,28.0,0,59.99178,30.4136
PHC-0119,Russia - Saint Petersburg,Insulin,2264,155.7,356,80.0,84.2,1,0.95,0,1146,15.3,0,59.99178,30.4136
PHC-0119,Russia - Saint Petersburg,Amoxicillin,4935,212.6,290,52.1,66.6,2,1.01,0,1556,23.1,0,59.99178,30.4136
PHC-0119,Russia - Saint Petersburg,Azithromycin,547,48.6,299,47.7,69.6,5,0.81,0,290,13.8,0,59.99178,30.4136
PHC-0120,India - Kerala,Paracetamol,1117,223.2,309,90.1,86.7,12,1.18,0,1960,4.2,1,8.38983,76.32515
PHC-0120,India - Kerala,Azithromycin,857,34.8,282,71.2,73.1,5,1.08,0,272,22.8,0,8.38983,76.32515
PHC-0120,India - Kerala,ORS,4495,325.1,634,83.5,84.6,3,1.12,0,3530,12.3,0,8.38983,76.32515
PHC-0120,India - Kerala,Amoxicillin,6314,342.0,616,48.7,63.8,1,0.85,0,2779,21.7,0,8.38983,76.32515
PHC-0120,India - Kerala,Insulin,568,33.1,161,37.1,56.2,8,0.92,0,195,18.6,0,8.38983,76.32515
PHC-0121,India - Uttar Pradesh,Paracetamol,4742,237.3,473,54.8,83.2,6,1.04,0,2108,19.3,0,27.45457,80.41315
PHC-0121,India - Uttar Pradesh,Insulin,3687,202.8,670,85.8,75.9,8,1.39,0,2804,13.1,0,27.45457,80.41315
PHC-0121,India - Uttar Pradesh,Amoxicillin,623,39.4,64,66.4,78.1,3,1.3,0,291,12.2,0,27.45457,80.41315
PHC-0121,India - Uttar Pradesh,Azithromycin,906,73.6,488,91.7,87.0,8,0.74,1,727,10.8,0,27.45457,80.41315
PHC-0121,India - Uttar Pradesh,ORS,436,173.2,373,68.2,57.5,12,0.92,0,1259,2.7,1,27.45457,80.41315
PHC-0122,India - Telangana,ORS,1390,75.8,280,81.5,72.7,1,1.16,0,634,15.8,0,17.69234,78.37502
PHC-0122,India - Telangana,Amoxicillin,829,208.5,364,40.8,61.0,11,1.35,1,3409,1.9,1,17.69234,78.37502
PHC-0122,India - Telangana,Azithromycin,830,54.6,282,42.7,71.6,12,0.89,0,350,17.1,0,17.69234,78.37502
PHC-0122,India - Telangana,Insulin,7387,299.9,569,76.7,58.6,3,1.34,0,3698,18.4,0,17.69234,78.37502
PHC-0122,India - Telangana,Paracetamol,2309,103.9,194,62.4,78.9,7,1.02,0,698,21.9,0,17.69234,78.37502
PHC-0123,India - Telangana,Insulin,2526,155.8,417,51.2,62.8,4,1.31,1,2581,8.0,0,17.02149,78.37294
PHC-0123,India - Telangana,Amoxicillin,75,24.1,74,32.5,72.7,7,1.35,0,188,2.3,1,17.02149,78.37294
PHC-0123,India - Telangana,Azithromycin,3524,297.1,407,48.8,74.2,5,0.85,1,3163,9.0,0,17.02149,78.37294
PHC-0123,India - Telangana,Paracetamol,1966,179.6,336,91.3,83.9,6,1.04,0,1422,10.5,0,17.02149,78.37294
PHC-0123,India - Telangana,ORS,1935,226.2,487,89.7,57.4,13,0.92,0,1802,9.3,0,17.02149,78.37294
PHC-0124,India - Kerala,Insulin,588,24.6,112,69.1,77.0,1,0.97,0,144,24.7,0,8.97502,77.14393
PHC-0124,India - Kerala,Azithromycin,1155,67.6,230,62.6,89.7,2,1.33,0,616,12.9,0,8.97502,77.14393
PHC-0124,India - Kerala,ORS,345,58.4,329,83.3,96.1,3,1.35,0,595,4.4,1,8.97502,77.14393
PHC-0124,India - Kerala,Paracetamol,843,40.3,88,67.3,61.6,12,0.76,1,277,17.9,0,8.97502,77.14393
PHC-0124,India - Kerala,Amoxicillin,1157,113.5,333,55.8,97.5,6,0.74,0,640,13.7,0,8.97502,77.14393
PHC-0125,China - Beijing,Amoxicillin,251,107.8,379,44.7,88.2,4,1.3,1,1714,1.2,1,40.31209,116.55368
PHC-0125,China - Beijing,Azithromycin,2818,112.8,351,82.3,79.2,6,0.88,0,763,28.5,0,40.31209,116.55368
PHC-0125,China - Beijing,Paracetamol,574,247.8,537,95.2,80.9,8,1.11,0,2484,2.1,1,40.31209,116.55368
PHC-0125,China - Beijing,ORS,1415,337.8,578,70.5,84.6,11,1.28,0,4035,3.3,1,40.31209,116.55368
PHC-0125,China - Beijing,Insulin,231,54.6,133,37.2,63.9,13,0.9,0,303,4.7,1,40.31209,116.55368
PHC-0126,India - Odisha,Amoxicillin,3848,181.9,258,74.1,87.2,9,0.79,0,1019,26.6,0,20.91038,85.97365
PHC-0126,India - Odisha,ORS,599,58.6,332,45.2,96.2,7,1.32,0,584,7.8,0,20.91038,85.97365
PHC-0126,India - Odisha,Paracetamol,409,131.5,606,74.5,83.9,10,0.96,0,1197,3.2,1,20.91038,85.97365
PHC-0126,India - Odisha,Azithromycin,693,75.1,277,58.5,82.1,7,1.37,0,739,6.7,1,20.91038,85.97365
PHC-0126,India - Odisha,Insulin,1107,240.1,382,74.4,76.7,11,1.1,0,2094,4.2,1,20.91038,85.97365
PHC-0127,India - West Bengal,Azithromycin,637,40.4,66,42.1,91.6,3,0.95,0,219,16.6,0,22.4662,88.38329
PHC-0127,India - West Bengal,Insulin,1761,135.0,301,48.7,74.1,6,1.34,0,1327,9.8,0,22.4662,88.38329
PHC-0127,India - West Bengal,Amoxicillin,2094,106.4,228,50.0,90.6,13,0.89,0,645,22.2,0,22.4662,88.38329
PHC-0127,India - West Bengal,ORS,1144,48.1,360,98.0,89.3,3,0.78,1,449,19.8,0,22.4662,88.38329
PHC-0127,India - West Bengal,Paracetamol,2182,161.0,489,75.0,56.1,11,1.05,0,1468,12.9,0,22.4662,88.38329
PHC-0128,Russia - Saint Petersburg,ORS,3103,190.4,291,69.7,82.1,14,1.08,0,1501,15.1,0,59.6859,30.65635
PHC-0128,Russia - Saint Petersburg,Insulin,3852,279.4,489,89.2,85.3,10,0.95,0,2311,14.5,0,59.6859,30.65635
PHC-0128,Russia - Saint Petersburg,Paracetamol,2701,213.9,626,41.3,63.5,1,0.86,0,1774,14.7,0,59.6859,30.65635
PHC-0128,Russia - Saint Petersburg,Amoxicillin,1079,181.0,501,37.5,58.9,11,0.97,0,1544,6.1,1,59.6859,30.65635
PHC-0128,Russia - Saint Petersburg,Azithromycin,2223,162.6,224,85.9,60.8,5,0.89,1,1525,9.9,0,59.6859,30.65635
PHC-0129,India - Himachal Pradesh,ORS,946,290.4,638,37.6,55.3,5,1.32,0,3721,2.5,1,31.37382,77.10327
PHC-0129,India - Himachal Pradesh,Amoxicillin,2237,126.3,487,92.5,68.5,5,0.93,0,1012,19.1,0,31.37382,77.10327
PHC-0129,India - Himachal Pradesh,Azithromycin,1369,156.6,225,38.2,74.8,13,0.91,1,1502,6.2,1,31.37382,77.10327
PHC-0129,India - Himachal Pradesh,Insulin,7818,342.2,659,96.4,84.3,1,1.36,0,4608,16.7,0,31.37382,77.10327
PHC-0129,India - Himachal Pradesh,Paracetamol,607,24.7,197,91.4,56.3,6,0.71,0,117,34.5,0,31.37382,77.10327
PHC-0130,India - West Bengal,Insulin,616,115.2,322,97.8,82.8,8,1.01,0,871,5.3,1,22.97994,88.6228
PHC-0130,India - West Bengal,Paracetamol,6043,292.5,459,71.9,95.0,13,0.91,0,2252,22.7,0,22.97994,88.6228
PHC-0130,India - West Bengal,Azithromycin,4835,193.7,389,96.9,78.1,6,1.1,1,2638,14.6,0,22.97994,88.6228
PHC-0130,India - West Bengal,ORS,150,42.7,70,51.9,95.3,14,1.24,0,304,2.8,1,22.97994,88.6228
PHC-0130,India - West Bengal,Amoxicillin,529,46.9,123,85.0,68.2,10,1.18,0,338,9.6,0,22.97994,88.6228
PHC-0131,India - Sikkim,Insulin,617,188.8,493,94.4,95.6,2,0.73,0,1206,4.5,1,27.58577,88.05979
PHC-0131,India - Sikkim,ORS,4748,212.0,377,69.2,60.2,8,0.7,0,1174,31.9,0,27.58577,88.05979
PHC-0131,India - Sikkim,Azithromycin,2863,270.7,563,32.1,96.2,14,0.93,0,2311,11.4,0,27.58577,88.05979
PHC-0131,India - Sikkim,Amoxicillin,514,148.4,530,56.2,69.3,10,1.19,0,1582,2.9,1,27.58577,88.05979
PHC-0131,India - Sikkim,Paracetamol,796,271.2,599,44.6,89.3,4,1.26,0,3215,2.3,1,27.58577,88.05979
PHC-0132,Brazil - Brasilia,Amoxicillin,2417,452.5,638,60.7,89.7,10,0.96,0,4209,5.6,1,-15.81343,-48.2902
PHC-0132,Brazil - Brasilia,Azithromycin,2087,347.9,467,93.6,73.1,8,1.03,0,3045,5.8,1,-15.81343,-48.2902
PHC-0132,Brazil - Brasilia,ORS,3874,168.7,232,96.2,99.9,4,1.17,0,1355,19.6,0,-15.81343,-48.2902
PHC-0132,Brazil - Brasilia,Paracetamol,1133,53.5,396,63.8,85.3,12,0.96,0,412,22.0,0,-15.81343,-48.2902
PHC-0132,Brazil - Brasilia,Insulin,388,34.1,88,45.3,66.1,1,1.11,0,222,10.3,0,-15.81343,-48.2902
PHC-0133,India - Bihar,Azithromycin,683,40.7,87,59.1,77.9,8,0.83,0,197,20.3,0,26.12893,85.35314
PHC-0133,India - Bihar,ORS,2765,230.4,427,83.0,74.2,6,0.87,0,1642,13.9,0,26.12893,85.35314
PHC-0133,India - Bihar,Insulin,5304,251.2,546,82.3,74.7,1,0.84,0,1908,25.2,0,26.12893,85.35314
PHC-0133,India - Bihar,Amoxicillin,1806,83.2,224,56.7,60.3,1,0.89,0,503,24.5,0,26.12893,85.35314
PHC-0133,India - Bihar,Paracetamol,1891,156.6,294,52.7,65.8,3,1.28,0,1461,9.5,0,26.12893,85.35314
PHC-0134,Russia - Saint Petersburg,Azithromycin,3462,166.6,408,91.9,90.4,8,1.11,0,1497,18.7,0,59.68537,29.9552
PHC-0134,Russia - Saint Petersburg,Amoxicillin,3794,183.5,609,88.3,67.0,10,1.33,0,2325,15.5,0,59.68537,29.9552
PHC-0134,Russia - Saint Petersburg,Insulin,2148,450.2,650,31.9,70.7,6,1.1,0,4835,4.4,1,59.68537,29.9552
PHC-0134,Russia - Saint Petersburg,ORS,1259,148.6,530,73.2,55.2,14,1.21,0,1611,7.0,0,59.68537,29.9552
PHC-0134,Russia - Saint Petersburg,Paracetamol,404,126.1,227,36.3,59.0,14,1.37,0,1179,2.3,1,59.68537,29.9552
PHC-0135,India - Haryana,Azithromycin,2089,238.0,396,64.3,65.0,10,0.97,1,2856,5.9,1,28.6342,75.8451
PHC-0135,India - Haryana,ORS,3301,228.7,350,46.3,87.1,10,1.05,0,1850,13.7,0,28.6342,75.8451
PHC-0135,India - Haryana,Paracetamol,5635,297.9,573,46.5,94.4,6,0.97,0,2664,19.6,0,28.6342,75.8451
PHC-0135,India - Haryana,Insulin,4317,425.5,679,62.9,65.0,3,1.18,0,5023,8.6,0,28.6342,75.8451
PHC-0135,India - Haryana,Amoxicillin,971,359.1,502,39.0,81.5,5,1.19,0,3749,2.3,1,28.6342,75.8451
PHC-0136,India - Madhya Pradesh,Azithromycin,2017,119.3,293,69.3,69.3,14,0.88,1,1184,12.4,0,23.3592,77.81436
PHC-0136,India - Madhya Pradesh,Insulin,1490,277.4,449,84.7,63.4,3,1.38,0,3206,3.9,1,23.3592,77.81436
PHC-0136,India - Madhya Pradesh,Paracetamol,2564,161.4,290,53.0,66.7,2,1.2,0,1414,13.2,0,23.3592,77.81436
PHC-0136,India - Madhya Pradesh,Amoxicillin,1424,174.1,259,34.8,82.0,5,0.77,0,953,10.6,0,23.3592,77.81436
PHC-0136,India - Madhya Pradesh,ORS,284,40.9,136,77.8,79.6,8,1.29,0,326,5.4,1,23.3592,77.81436
PHC-0137,India - Jammu & Kashmir,Paracetamol,3047,159.9,246,71.7,56.8,4,0.79,0,880,24.1,0,32.97805,76.68653
PHC-0137,India - Jammu & Kashmir,Amoxicillin,117,48.7,118,42.5,81.5,11,1.19,0,351,2.0,1,32.97805,76.68653
PHC-0137,India - Jammu & Kashmir,ORS,774,197.5,694,66.9,60.6,1,1.15,0,2304,3.4,1,32.97805,76.68653
PHC-0137,India - Jammu & Kashmir,Azithromycin,499,60.3,84,32.0,69.8,14,1.2,0,421,6.9,1,32.97805,76.68653
PHC-0137,India - Jammu & Kashmir,Insulin,1039,147.4,479,78.0,84.7,6,1.07,1,2113,4.2,1,32.97805,76.68653
PHC-0138,India - Assam,ORS,1430,59.5,357,50.7,71.2,9,1.14,1,812,13.6,0,26.16521,91.88486
PHC-0138,India - Assam,Insulin,1417,224.4,311,72.1,92.3,10,1.06,0,1760,6.0,1,26.16521,91.88486
PHC-0138,India - Assam,Amoxicillin,1588,138.7,664,89.4,95.5,14,1.39,1,2949,5.3,1,26.16521,91.88486
PHC-0138,India - Assam,Paracetamol,3386,285.8,405,74.3,72.7,1,1.27,0,2934,9.3,0,26.16521,91.88486
PHC-0138,India - Assam,Azithromycin,165,26.4,109,59.9,55.2,12,1.18,0,188,5.3,1,26.16521,91.88486
PHC-0139,India - Jharkhand,Amoxicillin,171,23.5,92,44.6,83.0,5,0.82,0,113,8.9,0,22.63787,85.12311
PHC-0139,India - Jharkhand,Paracetamol,733,46.6,105,47.1,97.0,10,0.99,0,276,15.9,0,22.63787,85.12311
PHC-0139,India - Jharkhand,Azithromycin,2972,184.4,346,90.3,57.6,13,1.29,0,1819,12.5,0,22.63787,85.12311
PHC-0139,India - Jharkhand,ORS,372,84.5,300,94.0,61.4,6,0.88,0,547,5.0,1,22.63787,85.12311
PHC-0139,India - Jharkhand,Insulin,2898,139.9,632,64.7,93.2,10,0.76,0,1030,27.2,0,22.63787,85.12311
PHC-0140,India - Odisha,Paracetamol,3188,149.7,218,95.2,95.6,11,1.01,0,1025,21.1,0,20.50682,85.26644
PHC-0140,India - Odisha,ORS,2643,108.4,154,82.2,64.1,13,1.36,1,1448,11.6,0,20.50682,85.26644
PHC-0140,India - Odisha,Insulin,5914,396.7,601,94.2,59.2,10,1.3,0,4895,11.4,0,20.50682,85.26644
PHC-0140,India - Odisha,Azithromycin,363,27.9,136,45.8,97.8,5,1.09,1,293,7.7,0,20.50682,85.26644
PHC-0140,India - Odisha,Amoxicillin,1807,91.1,668,77.8,79.5,4,1.27,0,1149,15.6,0,20.50682,85.26644
PHC-0141,Brazil - Rio de Janeiro,Insulin,114,15.1,124,81.9,86.9,6,0.93,0,86,8.1,0,-22.77108,-42.8737
PHC-0141,Brazil - Rio de Janeiro,Paracetamol,3260,137.0,479,58.1,66.0,3,1.04,0,1227,22.9,0,-22.77108,-42.8737
PHC-0141,Brazil - Rio de Janeiro,ORS,7175,459.6,633,70.2,71.4,11,1.1,0,4874,14.3,0,-22.77108,-42.8737
PHC-0141,Brazil - Rio de Janeiro,Azithromycin,2783,234.3,352,63.5,58.8,1,1.29,0,2324,9.2,0,-22.77108,-42.8737
PHC-0141,Brazil - Rio de Janeiro,Amoxicillin,610,48.7,75,93.3,64.4,6,1.2,1,523,6.7,1,-22.77108,-42.8737
PHC-0142,India - Haryana,ORS,8860,376.6,669,70.0,81.0,13,0.91,0,3416,25.8,0,28.86017,76.36482
PHC-0142,India - Haryana,Amoxicillin,1641,223.0,423,67.0,89.0,13,1.36,0,2486,5.4,1,28.86017,76.36482
PHC-0142,India - Haryana,Insulin,154,31.6,83,96.7,74.1,2,1.07,0,198,4.6,1,28.86017,76.36482
PHC-0142,India - Haryana,Paracetamol,2911,219.9,297,30.6,65.9,7,1.38,1,3459,6.2,1,28.86017,76.36482
PHC-0142,India - Haryana,Azithromycin,853,226.4,446,69.3,60.7,3,1.27,1,3740,1.9,1,28.86017,76.36482
PHC-0143,Brazil - Brasilia,Azithromycin,3785,152.8,533,33.0,93.7,1,0.75,0,1035,32.8,0,-15.70849,-47.79796
PHC-0143,Brazil - Brasilia,Amoxicillin,1316,200.0,283,42.2,88.7,7,1.21,0,1747,5.4,1,-15.70849,-47.79796
PHC-0143,Brazil - Brasilia,Insulin,2293,107.6,379,70.9,82.1,1,0.91,0,771,23.5,0,-15.70849,-47.79796
PHC-0143,Brazil - Brasilia,ORS,1821,370.2,640,93.8,81.2,14,0.93,0,3362,5.3,1,-15.70849,-47.79796
PHC-0143,Brazil - Brasilia,Paracetamol,1498,97.8,274,78.3,63.8,11,1.36,0,954,11.3,0,-15.70849,-47.79796
PHC-0144,India - Karnataka,Azithromycin,9192,450.5,654,86.0,66.6,10,0.99,0,4399,20.5,0,13.06462,77.28783
PHC-0144,India - Karnataka,ORS,640,67.8,112,49.2,66.7,1,0.9,0,367,10.5,0,13.06462,77.28783
PHC-0144,India - Karnataka,Insulin,2087,264.8,543,44.0,92.2,9,0.76,0,1833,10.3,0,13.06462,77.28783
PHC-0144,India - Karnataka,Amoxicillin,2155,96.3,200,72.4,98.8,8,1.31,0,839,17.1,0,13.06462,77.28783
PHC-0144,India - Karnataka,Paracetamol,2022,183.8,545,67.6,65.5,4,0.86,0,1425,12.9,0,13.06462,77.28783
PHC-0145,India - Chhattisgarh,Paracetamol,2107,117.9,162,70.3,79.3,6,0.75,1,878,15.3,0,21.19662,81.76419
PHC-0145,India - Chhattisgarh,ORS,3445,239.1,498,56.7,66.5,9,1.23,0,2567,11.7,0,21.19662,81.76419
PHC-0145,India - Chhattisgarh,Azithromycin,1761,75.4,203,55.4,73.6,1,1.14,0,572,20.5,0,21.19662,81.76419
PHC-0145,India - Chhattisgarh,Insulin,548,118.7,181,92.9,95.7,10,1.06,0,822,4.3,1,21.19662,81.76419
PHC-0145,India - Chhattisgarh,Amoxicillin,1493,224.0,557,31.5,99.1,3,0.88,0,1807,7.6,0,21.19662,81.76419
PHC-0146,India - Goa,Azithromycin,5153,434.5,599,96.2,85.1,9,1.12,0,4616,10.5,0,15.83994,73.45951
PHC-0146,India - Goa,ORS,1098,72.2,110,58.2,91.5,1,0.92,0,399,16.6,0,15.83994,73.45951
PHC-0146,India - Goa,Amoxicillin,1577,193.2,276,39.4,86.4,5,0.81,1,1751,6.5,1,15.83994,73.45951
PHC-0146,India - Goa,Paracetamol,610,89.7,338,92.8,82.4,10,1.33,0,906,5.1,1,15.83994,73.45951
PHC-0146,India - Goa,Insulin,5374,309.3,691,55.4,57.7,13,1.37,1,6628,8.2,0,15.83994,73.45951
PHC-0147,Brazil - Brasilia,Amoxicillin,663,207.1,565,56.8,61.2,2,1.21,0,2309,2.6,1,-15.27149,-48.14026
PHC-0147,Brazil - Brasilia,Insulin,503,25.6,104,47.0,89.2,10,1.1,0,168,17.9,0,-15.27149,-48.14026
PHC-0147,Brazil - Brasilia,Azithromycin,1333,56.4,88,75.3,98.4,2,1.35,0,448,17.4,0,-15.27149,-48.14026
PHC-0147,Brazil - Brasilia,ORS,2166,163.9,482,40.7,98.9,11,1.21,0,1708,10.9,0,-15.27149,-48.14026
PHC-0147,Brazil - Brasilia,Paracetamol,3580,186.5,483,92.9,69.5,6,1.03,0,1659,18.6,0,-15.27149,-48.14026
PHC-0148,India - Kerala,Azithromycin,1062,105.9,152,47.0,88.4,6,1.36,0,912,7.4,0,8.23221,77.01081
PHC-0148,India - Kerala,Insulin,3426,296.7,536,75.8,67.5,1,0.7,0,1874,16.5,0,8.23221,77.01081
PHC-0148,India - Kerala,Paracetamol,1802,255.9,696,61.6,88.9,10,0.78,0,2030,9.0,0,8.23221,77.01081
PHC-0148,India - Kerala,ORS,2820,116.0,328,90.8,69.2,10,0.72,0,632,33.7,0,8.23221,77.01081
PHC-0148,India - Kerala,Amoxicillin,7429,321.2,691,89.2,68.8,3,1.0,0,3240,23.1,0,8.23221,77.01081
PHC-0149,India - Sikkim,ORS,4594,305.0,544,84.5,76.4,3,0.83,0,2305,18.1,0,27.334,89.07514
PHC-0149,India - Sikkim,Amoxicillin,2268,329.1,674,76.6,92.3,2,0.78,0,2548,8.9,0,27.334,89.07514
PHC-0149,India - Sikkim,Paracetamol,1077,71.6,321,75.7,71.0,11,1.28,0,689,11.7,0,27.334,89.07514
PHC-0149,India - Sikkim,Azithromycin,135,53.2,255,33.5,95.7,9,1.32,0,494,1.9,1,27.334,89.07514
PHC-0149,India - Sikkim,Insulin,4883,240.4,533,75.9,60.2,3,1.33,0,2865,15.3,0,27.334,89.07514
PHC-0150,India - Odisha,Azithromycin,1063,223.7,303,81.5,70.0,8,0.78,0,1289,6.1,1,20.59988,86.11464
PHC-0150,India - Odisha,ORS,922,81.4,326,73.2,80.9,8,1.21,0,740,9.4,0,20.59988,86.11464
PHC-0150,India - Odisha,Insulin,1717,127.9,331,68.5,59.9,6,0.92,0,889,14.6,0,20.59988,86.11464
PHC-0150,India - Odisha,Paracetamol,3128,203.1,277,59.2,80.5,6,1.17,0,1706,13.2,0,20.59988,86.11464
PHC-0150,India - Odisha,Amoxicillin,560,164.6,293,66.7,79.6,7,1.23,1,2291,1.8,1,20.59988,86.11464
PHC-0151,India - Telangana,Azithromycin,5819,277.3,392,42.8,87.1,12,1.32,0,2918,15.9,0,18.20468,78.41819
PHC-0151,India - Telangana,Paracetamol,4847,291.1,669,50.0,59.0,10,1.28,1,5734,8.4,0,18.20468,78.41819
PHC-0151,India - Telangana,Amoxicillin,894,215.4,652,49.0,92.9,12,1.16,1,3798,2.3,1,18.20468,78.41819
PHC-0151,India - Telangana,ORS,1452,72.0,154,45.9,98.4,5,1.11,0,508,18.1,0,18.20468,78.41819
PHC-0151,India - Telangana,Insulin,2208,131.1,194,81.9,90.3,1,0.99,0,861,16.9,0,18.20468,78.41819
PHC-0152,India - Rajasthan,Paracetamol,540,24.7,65,31.5,74.5,5,1.18,0,166,18.6,0,26.20877,76.35149
PHC-0152,India - Rajasthan,ORS,788,192.6,270,40.4,98.8,12,0.84,0,1153,4.9,1,26.20877,76.35149
PHC-0152,India - Rajasthan,Amoxicillin,3054,178.8,262,67.5,96.4,14,1.16,0,1468,14.7,0,26.20877,76.35149
PHC-0152,India - Rajasthan,Azithromycin,2072,152.6,287,56.5,77.6,12,1.07,0,1180,12.7,0,26.20877,76.35149
PHC-0152,India - Rajasthan,Insulin,1846,159.4,255,31.7,67.7,7,0.86,0,967,13.4,0,26.20877,76.35149
PHC-0153,India - Himachal Pradesh,Paracetamol,5555,378.8,591,82.6,92.7,3,1.36,0,4834,10.8,0,31.13776,77.62834
PHC-0153,India - Himachal Pradesh,Amoxicillin,950,140.5,248,93.4,73.2,12,1.32,0,1297,5.1,1,31.13776,77.62834
PHC-0153,India - Himachal Pradesh,ORS,2346,101.9,462,67.9,55.3,8,0.71,0,616,32.3,0,31.13776,77.62834
PHC-0153,India - Himachal Pradesh,Insulin,4980,281.9,567,49.0,80.6,3,0.87,1,3497,13.1,0,31.13776,77.62834
PHC-0153,India - Himachal Pradesh,Azithromycin,1661,117.3,389,64.0,98.2,13,0.98,0,912,14.5,0,31.13776,77.62834
PHC-0154,Brazil - Sao Paulo,Paracetamol,3094,127.5,364,58.2,61.1,9,1.28,0,1277,18.9,0,-24.11079,-47.06808
PHC-0154,Brazil - Sao Paulo,Insulin,1043,129.0,218,73.7,56.7,10,0.84,1,1135,6.2,1,-24.11079,-47.06808
PHC-0154,Brazil - Sao Paulo,ORS,87,19.1,72,94.5,60.0,11,0.88,0,97,5.2,1,-24.11079,-47.06808
PHC-0154,Brazil - Sao Paulo,Amoxicillin,3297,135.1,425,53.2,77.7,1,1.22,0,1358,20.0,0,-24.11079,-47.06808
PHC-0154,Brazil - Sao Paulo,Azithromycin,5565,347.9,648,74.2,91.0,11,1.2,0,4075,13.4,0,-24.11079,-47.06808
PHC-0155,South Africa - Cape Town,Insulin,1524,200.3,642,89.0,66.1,13,0.99,0,1934,7.7,0,-34.19795,18.57387
PHC-0155,South Africa - Cape Town,ORS,3589,199.7,491,84.0,83.3,13,1.36,0,2361,13.2,0,-34.19795,18.57387
PHC-0155,South Africa - Cape Town,Paracetamol,3873,275.4,383,31.5,66.7,6,1.14,0,2479,12.4,0,-34.19795,18.57387
PHC-0155,South Africa - Cape Town,Amoxicillin,1745,122.1,351,30.1,93.2,9,0.95,0,897,15.0,0,-34.19795,18.57387
PHC-0155,South Africa - Cape Town,Azithromycin,1499,89.9,211,65.7,57.0,7,1.31,0,793,12.7,0,-34.19795,18.57387
PHC-0156,India - Andhra Pradesh,ORS,2611,182.1,481,33.4,68.5,6,1.39,0,2184,10.3,0,16.69347,80.7367
PHC-0156,India - Andhra Pradesh,Paracetamol,2350,122.8,472,47.7,62.3,6,0.81,0,849,23.7,0,16.69347,80.7367
PHC-0156,India - Andhra Pradesh,Insulin,389,83.6,510,73.1,80.7,9,1.18,0,871,3.9,1,16.69347,80.7367
PHC-0156,India - Andhra Pradesh,Amoxicillin,6930,437.9,617,43.3,85.6,11,0.94,0,3940,16.8,0,16.69347,80.7367
PHC-0156,India - Andhra Pradesh,Azithromycin,4794,418.5,606,88.8,77.9,5,1.06,0,4218,10.8,0,16.69347,80.7367
PHC-0157,India - Chhattisgarh,Amoxicillin,573,245.7,536,49.4,99.5,6,0.74,0,1637,3.2,1,20.44146,81.64902
PHC-0157,India - Chhattisgarh,Azithromycin,1217,68.6,191,46.8,75.7,5,1.15,0,520,15.4,0,20.44146,81.64902
PHC-0157,India - Chhattisgarh,Insulin,1559,328.1,445,53.4,64.4,14,0.83,0,2280,5.7,1,20.44146,81.64902
PHC-0157,India - Chhattisgarh,Paracetamol,270,32.6,84,48.9,99.6,8,1.35,0,256,6.1,1,20.44146,81.64902
PHC-0157,India - Chhattisgarh,ORS,2722,152.5,374,70.6,95.0,10,0.75,0,896,23.9,0,20.44146,81.64902
PHC-0158,India - Haryana,Insulin,885,44.6,82,77.2,61.1,11,1.13,0,292,17.6,0,28.89488,76.24079
PHC-0158,India - Haryana,Amoxicillin,349,70.7,257,83.1,66.5,13,0.72,0,360,6.8,1,28.89488,76.24079
PHC-0158,India - Haryana,Azithromycin,414,182.8,561,32.4,90.7,8,1.04,0,1749,2.2,1,28.89488,76.24079
PHC-0158,India - Haryana,ORS,369,80.2,358,48.8,79.7,6,0.85,0,527,5.4,1,28.89488,76.24079
PHC-0158,India - Haryana,Paracetamol,530,106.9,278,32.6,56.6,7,0.95,0,727,5.2,1,28.89488,76.24079
PHC-0159,India - Himachal Pradesh,Insulin,403,122.4,504,66.1,56.8,1,1.26,0,1356,2.6,1,31.14838,77.43605
PHC-0159,India - Himachal Pradesh,Azithromycin,4826,353.4,596,92.9,99.6,11,0.95,0,3168,14.4,0,31.14838,77.43605
PHC-0159,India - Himachal Pradesh,Paracetamol,2475,174.2,668,55.7,76.6,6,1.23,0,2134,11.5,0,31.14838,77.43605
PHC-0159,India - Himachal Pradesh,Amoxicillin,3599,179.5,542,73.5,55.4,8,1.16,0,1886,17.3,0,31.14838,77.43605
PHC-0159,India - Himachal Pradesh,ORS,2827,251.6,527,77.2,93.5,11,1.25,0,2800,9.0,0,31.14838,77.43605
PHC-0160,India - Haryana,Amoxicillin,594,72.3,268,41.3,72.7,2,0.84,0,431,9.8,0,29.14022,76.26552
PHC-0160,India - Haryana,Paracetamol,341,19.7,68,57.1,74.0,2,1.26,1,220,8.9,0,29.14022,76.26552
PHC-0160,India - Haryana,ORS,92,21.1,124,95.9,85.6,8,1.23,0,158,3.6,1,29.14022,76.26552
PHC-0160,India - Haryana,Insulin,836,41.1,102,88.9,65.7,3,1.12,0,274,18.2,0,29.14022,76.26552
PHC-0160,India - Haryana,Azithromycin,2218,118.5,425,45.7,82.7,14,1.16,0,1132,16.1,0,29.14022,76.26552
PHC-0161,India - Gujarat,Azithromycin,3065,196.1,415,62.5,82.0,11,0.79,0,1271,19.7,0,22.95714,72.63887
PHC-0161,India - Gujarat,Amoxicillin,237,48.0,162,44.4,90.2,3,1.08,0,333,4.6,1,22.95714,72.63887
PHC-0161,India - Gujarat,ORS,1172,52.7,76,86.0,99.6,12,1.11,1,524,12.9,0,22.95714,72.63887
PHC-0161,India - Gujarat,Insulin,3038,139.0,438,83.9,89.9,14,1.33,0,1534,16.5,0,22.95714,72.63887
PHC-0161,India - Gujarat,Paracetamol,1151,60.7,116,89.8,94.4,6,1.2,1,687,10.2,0,22.95714,72.63887
PHC-0162,India - Gujarat,Insulin,2155,196.4,411,35.5,84.2,2,1.21,0,1934,9.1,0,23.30718,72.43219
PHC-0162,India - Gujarat,Amoxicillin,512,99.2,426,40.0,82.0,10,1.25,0,1017,4.1,1,23.30718,72.43219
PHC-0162,India - Gujarat,Paracetamol,4980,244.8,497,96.4,72.6,12,0.8,0,1720,25.3,0,23.30718,72.43219
PHC-0162,India - Gujarat,Azithromycin,1530,245.3,528,90.0,98.1,9,0.88,0,1925,7.1,0,23.30718,72.43219
PHC-0162,India - Gujarat,ORS,3291,152.2,418,70.5,58.0,3,1.03,0,1283,21.0,0,23.30718,72.43219
PHC-0163,India - Maharashtra,ORS,428,21.6,166,31.5,68.7,13,1.32,0,182,15.0,0,18.98696,72.83886
PHC-0163,India - Maharashtra,Paracetamol,3561,191.4,446,93.7,83.5,3,0.72,0,1149,25.9,0,18.98696,72.83886
PHC-0163,India - Maharashtra,Insulin,1325,84.1,560,82.8,56.6,3,1.25,0,962,12.6,0,18.98696,72.83886
PHC-0163,India - Maharashtra,Azithromycin,1546,139.8,510,38.1,65.8,11,0.91,0,1125,12.1,0,18.98696,72.83886
PHC-0163,India - Maharashtra,Amoxicillin,3351,147.4,617,83.3,70.5,3,1.36,0,1923,16.7,0,18.98696,72.83886
PHC-0164,India - Tripura,Insulin,4281,263.0,604,57.6,74.4,6,0.88,0,2206,18.4,0,24.12033,90.58243
PHC-0164,India - Tripura,ORS,8480,441.9,663,57.9,88.6,4,0.7,0,3081,27.2,0,24.12033,90.58243
PHC-0164,India - Tripura,Amoxicillin,3966,206.3,496,95.5,72.1,7,0.95,0,1701,20.3,0,24.12033,90.58243
PHC-0164,India - Tripura,Paracetamol,2995,124.2,594,85.0,98.1,4,0.85,0,996,28.3,0,24.12033,90.58243
PHC-0164,India - Tripura,Azithromycin,1611,310.9,439,38.0,58.1,7,1.24,0,3197,4.2,1,24.12033,90.58243
PHC-0165,South Africa - Durban,Insulin,1407,104.0,340,52.4,98.6,3,1.03,0,819,13.1,0,-30.36876,30.20323
PHC-0165,South Africa - Durban,ORS,215,104.4,197,72.1,66.0,10,0.96,0,666,2.1,1,-30.36876,30.20323
PHC-0165,South Africa - Durban,Paracetamol,758,129.6,368,64.4,69.4,8,1.34,0,1358,4.4,1,-30.36876,30.20323
PHC-0165,South Africa - Durban,Amoxicillin,2800,133.2,364,33.8,68.4,13,0.75,0,784,27.9,0,-30.36876,30.20323
PHC-0165,South Africa - Durban,Azithromycin,1704,104.0,182,66.2,80.6,13,1.15,0,779,14.3,0,-30.36876,30.20323
PHC-0166,Russia - Saint Petersburg,ORS,851,38.2,105,42.3,61.4,1,0.96,0,218,23.3,0,59.69261,30.5723
PHC-0166,Russia - Saint Petersburg,Insulin,4803,379.0,586,96.2,83.9,14,1.31,0,4649,9.7,0,59.69261,30.5723
PHC-0166,Russia - Saint Petersburg,Azithromycin,50,11.5,83,78.0,60.3,7,1.08,0,73,4.0,1,59.69261,30.5723
PHC-0166,Russia - Saint Petersburg,Paracetamol,3428,193.3,480,90.5,68.5,1,1.38,0,2300,12.8,0,59.69261,30.5723
PHC-0166,Russia - Saint Petersburg,Amoxicillin,1360,74.1,202,85.5,68.6,10,1.39,1,1068,8.5,0,59.69261,30.5723
PHC-0167,South Africa - Cape Town,Insulin,50,10.6,79,52.9,96.3,12,0.98,1,94,3.1,1,-33.85077,18.80123
PHC-0167,South Africa - Cape Town,Azithromycin,1790,78.8,261,68.1,71.2,7,0.73,0,408,31.1,0,-33.85077,18.80123
PHC-0167,South Africa - Cape Town,ORS,1101,68.9,197,50.9,57.9,2,0.89,0,404,18.0,0,-33.85077,18.80123
PHC-0167,South Africa - Cape Town,Amoxicillin,520,128.3,349,69.5,96.4,14,1.25,0,1234,3.2,1,-33.85077,18.80123
PHC-0167,South Africa - Cape Town,Paracetamol,3812,153.2,294,32.3,92.6,13,1.3,1,2256,12.3,0,-33.85077,18.80123
PHC-0168,South Africa - Johannesburg,Insulin,2016,115.0,232,53.6,64.7,6,0.93,0,731,19.0,0,-25.73531,28.0158
PHC-0168,South Africa - Johannesburg,Amoxicillin,412,83.9,143,85.7,86.0,10,0.72,0,379,6.8,1,-25.73531,28.0158
PHC-0168,South Africa - Johannesburg,Azithromycin,925,196.9,567,44.1,56.1,7,0.77,0,1389,6.1,1,-25.73531,28.0158
PHC-0168,South Africa - Johannesburg,ORS,2349,199.7,442,75.0,79.4,12,0.79,0,1320,14.9,0,-25.73531,28.0158
PHC-0168,South Africa - Johannesburg,Paracetamol,710,56.3,113,56.4,80.0,4,1.38,0,469,9.1,0,-25.73531,28.0158
PHC-0169,India - Rajasthan,ORS,2013,163.2,661,85.2,72.2,11,1.39,0,2239,8.9,0,26.87567,76.26376
PHC-0169,India - Rajasthan,Insulin,2669,222.9,532,87.5,62.0,7,1.1,0,2195,10.9,0,26.87567,76.26376
PHC-0169,India - Rajasthan,Azithromycin,7061,293.2,582,89.3,70.7,12,1.3,1,5517,11.9,0,26.87567,76.26376
PHC-0169,India - Rajasthan,Amoxicillin,2156,254.2,504,74.2,59.2,4,1.21,0,2709,7.0,1,26.87567,76.26376
PHC-0169,India - Rajasthan,Paracetamol,336,18.7,137,63.7,83.1,9,0.92,0,107,19.5,0,26.87567,76.26376
PHC-0170,India - Rajasthan,Amoxicillin,1748,233.5,408,60.7,71.5,1,0.78,0,1475,9.6,0,26.94224,75.49691
PHC-0170,India - Rajasthan,Paracetamol,3325,136.5,304,62.0,96.1,5,1.02,0,1030,23.8,0,26.94224,75.49691
PHC-0170,India - Rajasthan,Azithromycin,875,92.3,245,88.9,85.5,4,1.1,0,710,8.6,0,26.94224,75.49691
PHC-0170,India - Rajasthan,ORS,482,99.1,196,41.1,68.6,6,0.82,0,538,5.9,1,26.94224,75.49691
PHC-0170,India - Rajasthan,Insulin,1639,72.0,326,97.8,76.9,1,1.05,0,568,21.7,0,26.94224,75.49691
PHC-0171,India - Andhra Pradesh,Amoxicillin,7802,316.4,532,80.7,82.4,14,1.23,0,3487,20.1,0,15.99181,80.32915
PHC-0171,India - Andhra Pradesh,Azithromycin,1921,137.5,452,47.6,76.9,7,0.8,0,929,17.4,0,15.99181,80.32915
PHC-0171,India - Andhra Pradesh,Paracetamol,982,72.9,239,41.1,98.3,4,1.01,0,511,13.3,0,15.99181,80.32915
PHC-0171,India - Andhra Pradesh,ORS,822,50.1,77,58.3,66.0,1,1.22,1,550,8.7,0,15.99181,80.32915
PHC-0171,India - Andhra Pradesh,Insulin,513,113.8,555,30.4,88.5,6,1.39,1,2234,2.1,1,15.99181,80.32915
PHC-0172,India - Uttar Pradesh,Paracetamol,185,59.2,107,86.2,99.9,5,1.24,0,441,2.5,1,26.72469,81.23125
PHC-0172,India - Uttar Pradesh,Azithromycin,748,37.0,229,70.6,95.9,6,0.78,0,198,25.9,0,26.72469,81.23125
PHC-0172,India - Uttar Pradesh,Amoxicillin,3090,153.6,279,95.3,68.3,6,1.05,0,1157,19.2,0,26.72469,81.23125
PHC-0172,India - Uttar Pradesh,Insulin,3046,194.5,547,62.0,71.4,4,1.14,0,2008,13.8,0,26.72469,81.23125
PHC-0172,India - Uttar Pradesh,ORS,1267,69.6,207,82.9,92.1,4,0.85,0,394,21.5,0,26.72469,81.23125
PHC-0173,India - Jharkhand,ORS,4113,190.8,338,40.3,87.2,2,1.03,0,1495,21.0,0,22.87624,85.46749
PHC-0173,India - Jharkhand,Amoxicillin,869,249.8,373,81.5,96.5,13,1.13,0,2229,3.1,1,22.87624,85.46749
PHC-0173,India - Jharkhand,Azithromycin,144,46.8,71,51.3,96.7,1,1.36,1,569,1.4,1,22.87624,85.46749
PHC-0173,India - Jharkhand,Paracetamol,1060,80.2,346,37.0,94.3,7,1.09,0,672,12.1,0,22.87624,85.46749
PHC-0173,India - Jharkhand,Insulin,1456,66.4,177,77.8,58.7,2,0.81,0,350,27.0,0,22.87624,85.46749
PHC-0174,South Africa - Durban,Insulin,664,87.0,247,68.8,55.6,12,1.03,0,623,7.4,0,-30.21419,31.18614
PHC-0174,South Africa - Durban,Azithromycin,2360,140.7,419,45.4,80.2,13,0.88,0,1011,19.1,0,-30.21419,31.18614
PHC-0174,South Africa - Durban,Paracetamol,8863,395.7,555,52.9,89.9,3,0.77,0,2772,29.2,0,-30.21419,31.18614
PHC-0174,South Africa - Durban,Amoxicillin,546,31.0,151,61.9,78.9,4,1.06,0,208,16.5,0,-30.21419,31.18614
PHC-0174,South Africa - Durban,ORS,3164,193.5,388,33.2,72.0,1,1.13,0,1740,14.5,0,-30.21419,31.18614
PHC-0175,India - West Bengal,Insulin,153,72.8,473,86.9,64.0,5,1.14,0,711,1.8,1,21.92918,88.6849
PHC-0175,India - West Bengal,Paracetamol,699,38.7,60,31.5,90.0,6,1.05,0,232,17.1,0,21.92918,88.6849
PHC-0175,India - West Bengal,ORS,2504,273.9,496,96.8,84.2,11,1.12,0,2685,8.1,0,21.92918,88.6849
PHC-0175,India - West Bengal,Amoxicillin,3533,214.0,533,64.9,89.3,4,0.88,0,1699,18.7,0,21.92918,88.6849
PHC-0175,India - West Bengal,Azithromycin,3801,192.6,320,90.4,58.8,12,1.19,1,2657,10.7,0,21.92918,88.6849
PHC-0176,China - Shanghai,Paracetamol,443,34.9,153,58.5,77.1,5,1.35,0,298,9.4,0,31.01825,121.28313
PHC-0176,China - Shanghai,Azithromycin,7597,365.1,538,46.3,55.6,8,1.14,0,3755,18.2,0,31.01825,121.28313
PHC-0176,China - Shanghai,ORS,1065,55.9,221,75.5,80.4,8,1.3,0,496,14.6,0,31.01825,121.28313
PHC-0176,China - Shanghai,Insulin,6229,361.5,671,65.7,75.9,10,1.2,0,4304,14.4,0,31.01825,121.28313
PHC-0176,China - Shanghai,Amoxicillin,1972,108.7,544,73.9,70.4,7,0.95,0,935,19.1,0,31.01825,121.28313
PHC-0177,India - Kerala,Paracetamol,3794,155.2,343,33.7,56.5,11,1.1,0,1304,22.3,0,8.291,77.08976
PHC-0177,India - Kerala,ORS,767,148.2,242,60.0,86.0,9,1.28,0,1321,4.0,1,8.291,77.08976
PHC-0177,India - Kerala,Azithromycin,3149,252.8,517,82.5,80.0,3,0.9,0,2008,13.9,0,8.291,77.08976
PHC-0177,India - Kerala,Amoxicillin,811,54.3,234,94.5,86.7,8,0.91,0,340,16.4,0,8.291,77.08976
PHC-0177,India - Kerala,Insulin,2047,145.0,314,46.8,70.7,4,1.36,0,1469,10.4,0,8.291,77.08976
PHC-0178,South Africa - Durban,Paracetamol,1580,101.9,438,96.2,94.5,3,0.72,0,608,21.6,0,-29.91624,31.13503
PHC-0178,South Africa - Durban,Insulin,976,131.5,179,43.7,82.9,3,1.09,0,932,6.8,1,-29.91624,31.13503
PHC-0178,South Africa - Durban,Azithromycin,189,77.3,427,35.6,71.4,10,1.38,0,881,1.8,1,-29.91624,31.13503
PHC-0178,South Africa - Durban,Amoxicillin,3756,202.6,628,95.7,71.1,11,1.4,0,2734,13.3,0,-29.91624,31.13503
PHC-0178,South Africa - Durban,ORS,2084,124.1,445,64.7,98.0,11,1.33,0,1384,12.6,0,-29.91624,31.13503
PHC-0179,India - Andhra Pradesh,Paracetamol,117,26.1,155,96.4,64.5,3,1.18,0,196,3.8,1,16.97223,80.52002
PHC-0179,India - Andhra Pradesh,ORS,1657,108.1,432,72.5,80.7,9,0.83,0,743,18.5,0,16.97223,80.52002
PHC-0179,India - Andhra Pradesh,Insulin,682,56.6,115,47.0,91.3,2,0.82,1,437,9.4,0,16.97223,80.52002
PHC-0179,India - Andhra Pradesh,Azithromycin,1838,203.8,587,39.3,96.2,13,1.14,0,2173,7.9,0,16.97223,80.52002
PHC-0179,India - Andhra Pradesh,Amoxicillin,1542,101.5,583,64.6,58.7,8,1.27,0,1204,12.0,0,16.97223,80.52002
PHC-0180,India - Uttar Pradesh,Paracetamol,836,38.5,112,46.0,86.8,13,0.76,1,274,18.4,0,26.3331,81.32353
PHC-0180,India - Uttar Pradesh,Azithromycin,3461,246.3,618,70.6,67.4,14,1.17,0,2765,12.0,0,26.3331,81.32353
PHC-0180,India - Uttar Pradesh,ORS,1667,72.0,338,37.8,83.3,8,0.77,0,424,30.0,0,26.3331,81.32353
PHC-0180,India - Uttar Pradesh,Insulin,606,36.3,104,65.5,85.4,1,1.17,0,254,14.3,0,26.3331,81.32353
PHC-0180,India - Uttar Pradesh,Amoxicillin,3509,206.1,401,67.9,66.1,1,1.27,0,2105,13.4,0,26.3331,81.32353
PHC-0181,India - Madhya Pradesh,Insulin,512,34.7,227,39.9,85.7,11,0.78,0,186,18.8,0,23.64011,77.54418
PHC-0181,India - Madhya Pradesh,Azithromycin,237,33.1,207,86.1,91.4,10,1.3,0,288,5.5,1,23.64011,77.54418
PHC-0181,India - Madhya Pradesh,Paracetamol,585,113.5,187,79.3,59.4,8,1.34,0,997,3.8,1,23.64011,77.54418
PHC-0181,India - Madhya Pradesh,Amoxicillin,1746,282.9,665,53.5,87.7,7,1.08,0,3022,5.7,1,23.64011,77.54418
PHC-0181,India - Madhya Pradesh,ORS,3301,299.7,540,42.4,97.5,3,1.05,0,2854,10.4,0,23.64011,77.54418
PHC-0182,India - Tripura,Amoxicillin,531,166.5,622,59.8,55.5,9,0.75,0,1199,4.3,1,23.7841,91.40207
PHC-0182,India - Tripura,Paracetamol,2762,146.5,649,94.6,88.4,11,1.25,0,1793,15.1,0,23.7841,91.40207
PHC-0182,India - Tripura,ORS,5472,229.6,661,75.0,90.5,4,1.38,0,3125,17.3,0,23.7841,91.40207
PHC-0182,India - Tripura,Azithromycin,707,276.3,525,68.8,91.4,5,1.13,0,2780,2.3,1,23.7841,91.40207
PHC-0182,India - Tripura,Insulin,2824,125.1,590,36.9,93.9,11,1.05,0,1230,21.5,0,23.7841,91.40207
PHC-0183,China - Shenzhen,Amoxicillin,2450,140.1,629,88.3,91.9,12,1.0,0,1350,17.5,0,23.26694,114.07428
PHC-0183,China - Shenzhen,Insulin,1949,189.1,512,81.6,66.9,14,1.28,0,2146,8.0,0,23.26694,114.07428
PHC-0183,China - Shenzhen,Azithromycin,11029,442.9,608,92.8,94.2,11,0.9,1,5842,17.9,0,23.26694,114.07428
PHC-0183,China - Shenzhen,Paracetamol,1957,174.0,381,37.4,81.6,13,1.19,0,1640,9.4,0,23.26694,114.07428
PHC-0183,China - Shenzhen,ORS,171,65.0,135,95.1,68.0,6,0.8,0,321,3.3,1,23.26694,114.07428
PHC-0184,India - Odisha,Paracetamol,431,22.8,96,33.9,79.7,7,0.97,0,130,19.6,0,20.35607,86.19668
PHC-0184,India - Odisha,Azithromycin,332,47.0,217,34.4,60.2,6,1.38,0,440,5.1,1,20.35607,86.19668
PHC-0184,India - Odisha,Insulin,1473,76.0,380,92.8,90.5,5,1.13,0,679,17.2,0,20.35607,86.19668
PHC-0184,India - Odisha,ORS,5119,251.4,380,30.1,77.0,6,0.89,0,1760,23.0,0,20.35607,86.19668
PHC-0184,India - Odisha,Amoxicillin,1053,56.0,448,97.2,76.7,12,0.96,0,451,19.6,0,20.35607,86.19668
PHC-0185,India - Sikkim,ORS,1751,164.2,533,97.5,62.9,14,0.75,0,1112,14.1,0,27.44657,88.60095
PHC-0185,India - Sikkim,Amoxicillin,1795,110.1,471,74.8,78.0,1,0.97,0,911,16.8,0,27.44657,88.60095
PHC-0185,India - Sikkim,Insulin,8780,434.0,693,75.2,95.2,10,1.29,0,5640,15.7,0,27.44657,88.60095
PHC-0185,India - Sikkim,Azithromycin,1362,145.2,213,31.4,82.2,14,1.01,0,986,9.3,0,27.44657,88.60095
PHC-0185,India - Sikkim,Paracetamol,121,15.8,94,90.0,56.7,8,1.22,0,114,6.3,1,27.44657,88.60095
PHC-0186,India - Telangana,ORS,576,54.3,313,80.6,87.5,10,1.08,0,437,9.8,0,17.49987,78.19832
PHC-0186,India - Telangana,Insulin,599,35.0,180,77.1,91.7,2,0.83,0,188,20.7,0,17.49987,78.19832
PHC-0186,India - Telangana,Amoxicillin,1076,77.5,297,73.4,64.7,10,0.96,0,547,14.4,0,17.49987,78.19832
PHC-0186,India - Telangana,Paracetamol,633,132.4,492,32.4,57.0,13,0.83,0,960,5.7,1,17.49987,78.19832
PHC-0186,India - Telangana,Azithromycin,576,172.6,574,57.4,57.2,1,1.13,0,1800,3.0,1,17.49987,78.19832
PHC-0187,China - Beijing,Azithromycin,1485,75.6,190,51.1,72.2,1,1.14,0,567,17.2,0,39.17446,116.00892
PHC-0187,China - Beijing,Amoxicillin,166,63.5,276,30.4,73.0,14,1.32,0,601,2.0,1,39.17446,116.00892
PHC-0187,China - Beijing,Paracetamol,3705,300.7,659,56.2,57.1,13,1.34,0,3964,9.2,0,39.17446,116.00892
PHC-0187,China - Beijing,Insulin,5387,265.8,598,45.3,86.9,7,1.2,0,3004,16.9,0,39.17446,116.00892
PHC-0187,China - Beijing,ORS,945,73.7,324,87.8,98.4,1,1.12,0,618,11.5,0,39.17446,116.00892
PHC-0188,India - West Bengal,Insulin,2696,251.9,689,32.5,66.4,12,1.19,0,3016,9.0,0,22.40946,88.25738
PHC-0188,India - West Bengal,Azithromycin,423,101.0,541,74.8,82.6,3,1.06,0,970,3.9,1,22.40946,88.25738
PHC-0188,India - West Bengal,Paracetamol,188,55.7,128,93.0,57.6,3,1.0,0,341,3.4,1,22.40946,88.25738
PHC-0188,India - West Bengal,ORS,1349,58.0,258,33.0,91.9,12,1.16,0,474,20.1,0,22.40946,88.25738
PHC-0188,India - West Bengal,Amoxicillin,3759,178.5,517,88.6,62.9,3,0.95,0,1500,22.2,0,22.40946,88.25738
PHC-0189,India - Odisha,Azithromycin,5187,262.0,443,32.7,96.2,13,1.1,0,2412,18.0,0,20.6871,85.48327
PHC-0189,India - Odisha,ORS,627,43.2,63,86.1,84.5,1,1.26,0,309,11.5,0,20.6871,85.48327
PHC-0189,India - Odisha,Insulin,470,70.8,270,78.5,77.6,13,1.12,0,566,5.9,1,20.6871,85.48327
PHC-0189,India - Odisha,Paracetamol,426,45.6,74,88.4,59.8,8,1.14,1,466,5.3,1,20.6871,85.48327
PHC-0189,India - Odisha,Amoxicillin,606,67.1,206,68.4,73.6,4,0.78,1,540,7.5,0,20.6871,85.48327
PHC-0190,India - Odisha,Paracetamol,1557,90.1,123,32.3,90.7,2,1.06,0,581,16.4,0,20.4217,85.67752
PHC-0190,India - Odisha,ORS,1666,248.2,571,89.7,68.1,10,0.9,0,2063,7.5,0,20.4217,85.67752
PHC-0190,India - Odisha,Insulin,6727,295.4,523,45.6,90.4,11,1.1,0,2899,20.7,0,20.4217,85.67752
PHC-0190,India - Odisha,Azithromycin,897,118.9,187,73.0,79.7,1,0.7,1,850,6.9,1,20.4217,85.67752
PHC-0190,India - Odisha,Amoxicillin,2055,116.4,273,62.4,88.5,12,0.79,0,662,22.2,0,20.4217,85.67752
PHC-0191,India - Chhattisgarh,Amoxicillin,50,17.1,132,55.4,82.9,14,0.83,0,87,3.5,1,21.31486,81.84671
PHC-0191,India - Chhattisgarh,ORS,2717,110.2,615,52.9,83.9,11,0.78,0,819,31.7,0,21.31486,81.84671
PHC-0191,India - Chhattisgarh,Azithromycin,258,52.7,283,49.1,55.5,12,1.39,0,530,3.5,1,21.31486,81.84671
PHC-0191,India - Chhattisgarh,Paracetamol,10592,501.1,692,85.4,70.3,9,0.93,0,4726,22.6,0,21.31486,81.84671
PHC-0191,India - Chhattisgarh,Insulin,689,131.9,374,54.2,75.1,5,0.92,0,951,5.7,1,21.31486,81.84671
PHC-0192,India - Tripura,Insulin,541,60.2,421,40.7,72.8,3,1.39,0,684,6.5,1,23.71126,91.65235
PHC-0192,India - Tripura,Paracetamol,3243,236.5,410,33.0,62.3,5,1.35,0,2601,10.1,0,23.71126,91.65235
PHC-0192,India - Tripura,Azithromycin,3483,429.7,694,79.3,62.6,9,0.9,0,3906,9.0,0,23.71126,91.65235
PHC-0192,India - Tripura,Amoxicillin,127,25.5,100,92.9,62.3,14,1.32,0,200,3.8,1,23.71126,91.65235
PHC-0192,India - Tripura,ORS,4460,238.5,402,37.5,100.0,9,1.36,1,4053,8.9,0,23.71126,91.65235
PHC-0193,India - West Bengal,Azithromycin,1680,98.0,191,52.6,76.2,7,1.15,0,739,15.0,0,22.57222,89.26919
PHC-0193,India - West Bengal,ORS,775,382.1,677,31.6,86.1,14,0.99,0,3774,2.1,1,22.57222,89.26919
PHC-0193,India - West Bengal,Insulin,487,44.5,346,80.1,98.7,3,1.32,0,451,8.3,0,22.57222,89.26919
PHC-0193,India - West Bengal,Amoxicillin,1667,109.9,669,92.9,72.8,12,1.37,0,1498,11.1,0,22.57222,89.26919
PHC-0193,India - West Bengal,Paracetamol,2576,112.7,250,51.2,91.0,2,0.82,0,645,27.9,0,22.57222,89.26919
PHC-0194,India - Telangana,Azithromycin,398,78.9,301,95.1,84.5,8,1.27,0,735,4.0,1,17.46808,78.99163
PHC-0194,India - Telangana,Insulin,1887,140.5,632,75.4,59.7,12,0.8,0,1094,16.7,0,17.46808,78.99163
PHC-0194,India - Telangana,Paracetamol,202,71.3,133,96.0,61.3,13,0.86,1,589,2.1,1,17.46808,78.99163
PHC-0194,India - Telangana,Amoxicillin,7997,389.1,548,74.3,67.8,11,0.93,1,5090,14.3,0,17.46808,78.99163
PHC-0194,India - Telangana,ORS,1364,128.9,372,50.2,69.7,13,1.3,0,1318,8.1,0,17.46808,78.99163
PHC-0195,India - Assam,Paracetamol,409,57.1,343,36.2,60.7,5,0.81,0,356,8.8,0,26.34327,91.72013
PHC-0195,India - Assam,Insulin,857,176.8,246,56.1,94.6,1,0.77,0,955,6.3,1,26.34327,91.72013
PHC-0195,India - Assam,Azithromycin,1507,220.4,468,80.0,85.7,12,0.95,0,1792,7.2,0,26.34327,91.72013
PHC-0195,India - Assam,Amoxicillin,3812,405.8,634,39.4,78.3,1,1.34,0,5286,7.0,1,26.34327,91.72013
PHC-0195,India - Assam,ORS,772,44.0,115,62.4,95.4,1,0.73,0,195,24.0,0,26.34327,91.72013
PHC-0196,China - Shanghai,Amoxicillin,1031,192.0,326,68.1,71.9,5,1.08,0,1558,5.0,1,31.17036,121.19718
PHC-0196,China - Shanghai,Insulin,8200,390.4,565,90.7,61.6,14,1.05,0,3782,20.0,0,31.17036,121.19718
PHC-0196,China - Shanghai,ORS,1000,141.7,592,76.7,59.0,13,1.21,0,1614,5.8,1,31.17036,121.19718
PHC-0196,China - Shanghai,Azithromycin,4712,294.1,439,44.5,57.2,10,0.73,0,1790,21.9,0,31.17036,121.19718
PHC-0196,China - Shanghai,Paracetamol,1296,170.7,503,44.9,97.7,9,0.78,0,1173,9.7,0,31.17036,121.19718
PHC-0197,India - Gujarat,Amoxicillin,3553,172.4,334,74.3,89.6,10,0.99,0,1302,20.7,0,22.72196,72.80295
PHC-0197,India - Gujarat,ORS,3080,223.8,468,44.0,66.6,10,0.95,0,1814,14.5,0,22.72196,72.80295
PHC-0197,India - Gujarat,Azithromycin,685,45.7,375,77.9,80.3,6,1.19,0,426,12.6,0,22.72196,72.80295
PHC-0197,India - Gujarat,Insulin,2636,128.8,230,78.8,84.8,1,1.2,0,1056,17.1,0,22.72196,72.80295
PHC-0197,India - Gujarat,Paracetamol,749,202.4,346,34.3,71.3,11,1.07,0,1660,3.5,1,22.72196,72.80295
PHC-0198,India - Goa,Paracetamol,1087,105.8,457,57.3,68.5,12,0.7,0,628,14.6,0,15.86985,73.95829
PHC-0198,India - Goa,ORS,3493,174.0,548,33.2,72.5,5,0.73,1,1780,17.8,0,15.86985,73.95829
PHC-0198,India - Goa,Amoxicillin,1440,62.8,85,51.5,86.1,12,0.91,1,520,16.2,0,15.86985,73.95829
PHC-0198,India - Goa,Insulin,1791,77.8,218,86.9,98.5,6,0.75,0,393,30.8,0,15.86985,73.95829
PHC-0198,India - Goa,Azithromycin,2969,230.5,595,49.8,90.6,5,0.86,0,1858,15.0,0,15.86985,73.95829
PHC-0199,India - Punjab,Amoxicillin,1920,150.2,255,33.1,99.3,2,1.17,0,1236,10.9,0,31.05889,75.74196
PHC-0199,India - Punjab,ORS,2669,405.0,561,42.6,95.1,7,1.32,0,4922,5.0,1,31.05889,75.74196
PHC-0199,India - Punjab,Insulin,2404,124.3,398,87.5,70.6,2,0.74,0,742,26.0,0,31.05889,75.74196
PHC-0199,India - Punjab,Azithromycin,2136,138.6,358,97.1,66.0,11,1.1,0,1184,14.0,0,31.05889,75.74196
PHC-0199,India - Punjab,Paracetamol,6906,433.9,650,64.5,60.5,8,1.19,0,5070,13.3,0,31.05889,75.74196
PHC-0200,India - Maharashtra,ORS,1429,143.4,219,64.6,98.8,10,0.99,0,965,10.0,0,19.40744,72.23901
PHC-0200,India - Maharashtra,Azithromycin,2200,143.3,549,44.8,55.1,8,0.87,0,1128,17.7,0,19.40744,72.23901
PHC-0200,India - Maharashtra,Paracetamol,2650,242.7,357,87.5,80.0,6,0.71,0,1326,15.5,0,19.40744,72.23901
PHC-0200,India - Maharashtra,Amoxicillin,5571,238.3,476,51.1,87.2,14,1.24,1,3932,12.2,0,19.40744,72.23901
PHC-0200,India - Maharashtra,Insulin,4358,396.0,550,87.0,79.5,1,1.1,0,3946,10.0,0,19.40744,72.23901
PHC-0201,China - Shenzhen,Amoxicillin,4498,254.9,611,63.0,84.7,11,1.17,0,2846,15.1,0,21.84322,113.52673
PHC-0201,China - Shenzhen,Insulin,1001,155.2,337,76.2,58.5,12,0.85,0,1008,7.6,0,21.84322,113.52673
PHC-0201,China - Shenzhen,ORS,3130,126.7,292,46.0,55.9,7,0.78,0,719,31.8,0,21.84322,113.52673
PHC-0201,China - Shenzhen,Azithromycin,2266,151.0,248,47.3,78.5,11,0.71,0,749,21.1,0,21.84322,113.52673
PHC-0201,China - Shenzhen,Paracetamol,1045,50.3,376,81.9,68.9,9,1.14,0,454,18.2,0,21.84322,113.52673
PHC-0202,India - Jammu & Kashmir,ORS,3571,211.6,443,60.0,57.4,9,0.98,1,2678,11.1,0,34.25735,76.89331
PHC-0202,India - Jammu & Kashmir,Paracetamol,1973,357.8,508,64.4,81.3,12,0.85,0,2668,6.5,1,34.25735,76.89331
PHC-0202,India - Jammu & Kashmir,Insulin,1110,65.7,121,48.2,77.8,11,0.72,0,287,23.6,0,34.25735,76.89331
PHC-0202,India - Jammu & Kashmir,Azithromycin,3784,156.3,496,62.1,58.8,8,0.71,0,971,34.0,0,34.25735,76.89331
PHC-0202,India - Jammu & Kashmir,Amoxicillin,1904,162.1,680,48.0,82.7,3,1.04,0,1687,11.3,0,34.25735,76.89331
PHC-0203,India - Gujarat,Paracetamol,2336,174.7,586,50.2,99.8,9,0.86,1,2182,10.0,0,22.49412,71.53241
PHC-0203,India - Gujarat,Insulin,1379,153.3,398,55.9,99.5,13,1.13,0,1396,7.9,0,22.49412,71.53241
PHC-0203,India - Gujarat,ORS,1295,329.7,504,33.2,67.4,1,1.03,1,4634,2.5,1,22.49412,71.53241
PHC-0203,India - Gujarat,Amoxicillin,689,65.3,267,83.1,78.7,12,0.82,0,382,12.8,0,22.49412,71.53241
PHC-0203,India - Gujarat,Azithromycin,6932,402.5,549,31.1,86.7,9,0.88,0,3205,19.7,0,22.49412,71.53241
PHC-0204,India - Uttarakhand,Insulin,5361,272.8,567,86.8,72.9,4,0.75,0,1878,26.3,0,30.12978,78.87715
PHC-0204,India - Uttarakhand,ORS,1910,84.5,346,96.2,57.3,7,1.26,0,814,18.0,0,30.12978,78.87715
PHC-0204,India - Uttarakhand,Amoxicillin,1493,301.2,579,34.7,99.7,4,1.15,0,3209,4.3,1,30.12978,78.87715
PHC-0204,India - Uttarakhand,Azithromycin,4387,362.9,505,91.2,94.1,7,0.94,0,2999,12.8,0,30.12978,78.87715
PHC-0204,India - Uttarakhand,Paracetamol,3622,347.8,574,33.6,62.7,10,1.13,0,3647,9.2,0,30.12978,78.87715
PHC-0205,India - Andhra Pradesh,Amoxicillin,3739,186.9,401,41.1,73.3,11,1.34,0,2023,14.9,0,16.31415,80.80278
PHC-0205,India - Andhra Pradesh,Insulin,4225,269.6,507,94.7,95.8,1,1.22,0,2905,12.8,0,16.31415,80.80278
PHC-0205,India - Andhra Pradesh,Paracetamol,4320,360.8,527,95.4,84.4,7,0.78,0,2504,15.4,0,16.31415,80.80278
PHC-0205,India - Andhra Pradesh,ORS,232,23.4,145,78.8,62.1,10,0.94,0,138,10.5,0,16.31415,80.80278
PHC-0205,India - Andhra Pradesh,Azithromycin,2123,88.4,198,92.9,76.3,11,0.81,0,477,29.6,0,16.31415,80.80278
PHC-0206,Russia - Moscow,Azithromycin,1654,71.1,156,44.6,96.8,8,0.72,0,325,32.2,0,55.20366,37.50594
PHC-0206,Russia - Moscow,Insulin,583,158.3,430,84.7,92.9,13,0.94,0,1223,3.9,1,55.20366,37.50594
PHC-0206,Russia - Moscow,ORS,813,49.4,205,59.3,62.8,12,1.28,0,423,12.8,0,55.20366,37.50594
PHC-0206,Russia - Moscow,Amoxicillin,1522,110.0,230,58.8,73.0,14,1.27,0,961,10.9,0,55.20366,37.50594
PHC-0206,Russia - Moscow,Paracetamol,1000,124.8,324,35.9,89.9,11,0.99,0,930,8.1,0,55.20366,37.50594
PHC-0207,South Africa - Johannesburg,Insulin,451,29.7,143,34.3,91.4,14,1.13,0,210,13.4,0,-26.23014,28.31678
PHC-0207,South Africa - Johannesburg,Azithromycin,892,123.2,303,62.1,58.2,12,1.33,0,1207,5.4,1,-26.23014,28.31678
PHC-0207,South Africa - Johannesburg,ORS,4501,222.7,332,59.4,60.3,11,0.96,1,2514,13.6,0,-26.23014,28.31678
PHC-0207,South Africa - Johannesburg,Amoxicillin,2270,338.7,561,43.2,94.6,14,0.8,0,2485,8.4,0,-26.23014,28.31678
PHC-0207,South Africa - Johannesburg,Paracetamol,485,27.6,89,95.3,90.0,6,1.04,0,169,16.9,0,-26.23014,28.31678
PHC-0208,India - Tripura,Amoxicillin,1745,80.6,503,71.3,62.4,4,0.91,1,995,15.4,0,23.95063,91.51391
PHC-0208,India - Tripura,Insulin,408,111.4,214,95.9,95.2,9,1.08,0,815,3.4,1,23.95063,91.51391
PHC-0208,India - Tripura,ORS,6735,335.4,520,96.4,83.7,10,0.92,0,2758,21.7,0,23.95063,91.51391
PHC-0208,India - Tripura,Paracetamol,814,111.1,387,79.3,75.0,12,1.27,0,1125,5.8,1,23.95063,91.51391
PHC-0208,India - Tripura,Azithromycin,2347,130.0,450,81.6,75.5,5,1.03,0,1130,17.4,0,23.95063,91.51391
PHC-0209,Brazil - Rio de Janeiro,Amoxicillin,550,204.3,668,42.2,59.6,9,0.84,0,1698,3.2,1,-22.58576,-42.59987
PHC-0209,Brazil - Rio de Janeiro,ORS,8846,371.3,622,69.1,76.8,5,1.23,0,4369,19.4,0,-22.58576,-42.59987
PHC-0209,Brazil - Rio de Janeiro,Azithromycin,3475,164.6,379,85.4,93.2,6,1.19,0,1546,17.8,0,-22.58576,-42.59987
PHC-0209,Brazil - Rio de Janeiro,Insulin,1662,127.3,190,97.0,94.4,12,1.06,0,886,12.3,0,-22.58576,-42.59987
PHC-0209,Brazil - Rio de Janeiro,Paracetamol,1421,311.9,512,61.9,82.2,4,1.31,0,3623,3.5,1,-22.58576,-42.59987
PHC-0210,India - Uttar Pradesh,Insulin,6083,247.7,523,67.4,84.1,3,1.17,0,2592,20.9,0,26.51045,80.63931
PHC-0210,India - Uttar Pradesh,Amoxicillin,1602,264.8,611,71.8,68.3,7,1.06,0,2663,5.7,1,26.51045,80.63931
PHC-0210,India - Uttar Pradesh,Azithromycin,174,29.0,61,49.0,56.6,1,0.82,1,209,4.7,1,26.51045,80.63931
PHC-0210,India - Uttar Pradesh,ORS,4461,277.6,484,82.8,95.3,14,1.06,0,2550,15.1,0,26.51045,80.63931
PHC-0210,India - Uttar Pradesh,Paracetamol,1516,191.0,258,61.5,71.3,10,0.97,0,1312,8.2,0,26.51045,80.63931
PHC-0211,Russia - Saint Petersburg,Amoxicillin,3260,234.9,387,63.8,92.6,12,1.0,0,1864,13.9,0,59.86303,30.80134
PHC-0211,Russia - Saint Petersburg,ORS,441,25.0,87,42.2,84.0,5,1.03,0,150,17.2,0,59.86303,30.80134
PHC-0211,Russia - Saint Petersburg,Paracetamol,8335,367.0,520,42.6,85.9,7,0.85,0,2774,26.7,0,59.86303,30.80134
PHC-0211,Russia - Saint Petersburg,Insulin,208,26.9,88,59.2,91.0,9,1.26,0,198,6.1,1,59.86303,30.80134
PHC-0211,Russia - Saint Petersburg,Azithromycin,2062,133.3,345,40.2,70.1,5,1.32,0,1349,11.7,0,59.86303,30.80134
PHC-0212,South Africa - Durban,ORS,3035,122.6,442,89.1,88.2,4,0.8,0,814,31.1,0,-30.00489,31.52927
PHC-0212,South Africa - Durban,Insulin,8786,422.9,595,65.6,98.6,3,0.8,0,3196,25.9,0,-30.00489,31.52927
PHC-0212,South Africa - Durban,Amoxicillin,4164,176.2,563,89.0,59.6,3,0.87,0,1417,27.0,0,-30.00489,31.52927
PHC-0212,South Africa - Durban,Paracetamol,1110,71.8,154,49.8,68.2,1,0.86,1,606,11.6,0,-30.00489,31.52927
PHC-0212,South Africa - Durban,Azithromycin,2105,235.6,482,77.8,59.6,6,0.75,0,1524,11.9,0,-30.00489,31.52927
PHC-0213,China - Beijing,ORS,1934,162.6,691,49.2,84.2,2,1.18,0,1942,10.0,0,39.99038,116.94765
PHC-0213,China - Beijing,Azithromycin,5010,257.1,654,32.9,69.1,9,1.18,0,2979,16.5,0,39.99038,116.94765
PHC-0213,China - Beijing,Amoxicillin,706,38.5,114,38.3,87.6,2,1.24,0,289,14.8,0,39.99038,116.94765
PHC-0213,China - Beijing,Paracetamol,613,88.5,141,91.6,86.8,4,0.74,0,407,9.4,0,39.99038,116.94765
PHC-0213,China - Beijing,Insulin,1622,139.0,343,71.3,87.6,8,1.33,0,1411,8.8,0,39.99038,116.94765
PHC-0214,Russia - Moscow,Paracetamol,2142,240.7,401,44.1,79.6,6,0.89,0,1721,10.0,0,55.62338,37.28061
PHC-0214,Russia - Moscow,Insulin,1632,66.9,120,60.9,61.6,1,1.27,0,519,19.2,0,55.62338,37.28061
PHC-0214,Russia - Moscow,ORS,1595,217.0,457,63.7,70.1,14,1.25,0,2284,5.9,1,55.62338,37.28061
PHC-0214,Russia - Moscow,Amoxicillin,2790,127.9,212,90.9,65.3,12,1.06,0,917,20.5,0,55.62338,37.28061
PHC-0214,Russia - Moscow,Azithromycin,208,23.9,151,46.5,94.2,6,1.02,0,154,8.5,0,55.62338,37.28061
PHC-0215,India - Gujarat,Amoxicillin,1358,147.8,666,57.4,76.5,2,0.87,0,1277,10.5,0,23.17832,72.02198
PHC-0215,India - Gujarat,ORS,1480,71.8,532,93.2,87.0,10,1.12,0,720,18.5,0,23.17832,72.02198
PHC-0215,India - Gujarat,Azithromycin,11436,473.0,669,59.0,82.8,10,1.26,0,5929,19.2,0,23.17832,72.02198
PHC-0215,India - Gujarat,Insulin,2132,115.3,217,55.1,68.3,8,0.83,0,646,22.4,0,23.17832,72.02198
PHC-0215,India - Gujarat,Paracetamol,3222,313.5,458,47.5,90.5,13,1.21,0,3201,8.5,0,23.17832,72.02198
PHC-0216,China - Shenzhen,ORS,7908,460.5,659,93.2,76.3,6,1.02,1,7169,10.9,0,22.76311,113.86143
PHC-0216,China - Shenzhen,Amoxicillin,3672,176.2,243,61.4,64.5,14,0.97,1,1839,13.9,0,22.76311,113.86143
PHC-0216,China - Shenzhen,Paracetamol,6945,299.0,501,96.0,97.6,6,1.09,0,2850,21.3,0,22.76311,113.86143
PHC-0216,China - Shenzhen,Insulin,475,75.2,292,95.5,86.0,14,1.08,0,590,5.9,1,22.76311,113.86143
PHC-0216,China - Shenzhen,Azithromycin,4424,278.8,390,57.5,79.8,8,1.32,1,4553,7.8,0,22.76311,113.86143
PHC-0217,South Africa - Durban,Insulin,4607,301.1,662,53.0,67.2,4,0.81,0,2398,19.0,0,-30.68799,30.7447
PHC-0217,South Africa - Durban,ORS,361,76.6,295,97.9,66.7,10,1.33,0,744,3.6,1,-30.68799,30.7447
PHC-0217,South Africa - Durban,Azithromycin,1630,264.6,559,87.6,92.3,11,0.94,0,2291,6.5,1,-30.68799,30.7447
PHC-0217,South Africa - Durban,Paracetamol,851,41.6,60,32.8,94.6,8,1.38,0,325,14.9,0,-30.68799,30.7447
PHC-0217,South Africa - Durban,Amoxicillin,2920,172.9,275,53.0,94.8,2,1.1,0,1359,15.4,0,-30.68799,30.7447
PHC-0218,India - Uttarakhand,Amoxicillin,951,185.2,495,76.7,74.4,8,1.35,1,3389,2.4,1,29.72974,77.74082
PHC-0218,India - Uttarakhand,Paracetamol,2881,156.0,572,31.4,92.2,11,1.05,1,2340,11.4,0,29.72974,77.74082
PHC-0218,India - Uttarakhand,ORS,1472,59.2,207,66.1,93.8,6,1.34,0,530,18.6,0,29.72974,77.74082
PHC-0218,India - Uttarakhand,Azithromycin,3413,158.8,339,95.6,69.8,7,1.22,0,1473,17.7,0,29.72974,77.74082
PHC-0218,India - Uttarakhand,Insulin,9013,402.5,642,60.5,71.6,9,0.88,0,3442,25.5,0,29.72974,77.74082
PHC-0219,China - Beijing,Amoxicillin,1307,165.5,647,93.6,58.7,11,0.99,0,1603,8.0,0,39.83727,116.31132
PHC-0219,China - Beijing,ORS,285,40.1,135,53.5,95.4,4,1.0,0,249,7.1,0,39.83727,116.31132
PHC-0219,China - Beijing,Insulin,1534,326.6,449,89.3,69.7,6,1.37,0,3754,3.4,1,39.83727,116.31132
PHC-0219,China - Beijing,Azithromycin,1984,273.9,612,81.2,84.6,2,1.18,0,3083,6.1,1,39.83727,116.31132
PHC-0219,China - Beijing,Paracetamol,3686,147.6,467,79.8,81.6,10,1.31,0,1644,19.1,0,39.83727,116.31132
PHC-0220,India - Sikkim,Paracetamol,741,232.1,366,75.7,62.1,1,1.0,0,1818,3.2,1,27.27429,88.68119
PHC-0220,India - Sikkim,ORS,3564,221.5,410,89.0,62.8,2,1.26,0,2266,12.8,0,27.27429,88.68119
PHC-0220,India - Sikkim,Insulin,2133,196.2,564,65.4,59.8,7,1.0,0,1800,10.9,0,27.27429,88.68119
PHC-0220,India - Sikkim,Amoxicillin,339,32.8,146,60.1,85.1,7,1.33,0,273,7.8,0,27.27429,88.68119
PHC-0220,India - Sikkim,Azithromycin,1070,44.7,265,51.4,70.9,10,0.86,0,272,28.0,0,27.27429,88.68119
PHC-0221,Brazil - Brasilia,Amoxicillin,3006,128.5,210,88.6,95.8,14,1.04,0,894,22.6,0,-15.5426,-47.64807
PHC-0221,Brazil - Brasilia,ORS,3112,168.2,553,31.7,61.4,5,1.18,0,1808,15.7,0,-15.5426,-47.64807
PHC-0221,Brazil - Brasilia,Insulin,1763,98.6,522,39.5,61.6,1,0.86,0,756,20.8,0,-15.5426,-47.64807
PHC-0221,Brazil - Brasilia,Azithromycin,1894,83.0,583,89.6,63.3,3,0.89,0,686,25.8,0,-15.5426,-47.64807
PHC-0221,Brazil - Brasilia,Paracetamol,1151,49.1,177,86.3,81.5,11,0.71,1,349,21.4,0,-15.5426,-47.64807
PHC-0222,India - Kerala,Azithromycin,7200,469.0,649,64.5,74.1,12,1.19,1,8478,8.3,0,8.65476,77.13479
PHC-0222,India - Kerala,Amoxicillin,380,158.2,601,72.1,93.9,9,0.75,0,1116,3.2,1,8.65476,77.13479
PHC-0222,India - Kerala,Paracetamol,623,88.1,202,54.0,73.4,14,0.78,0,459,9.0,0,8.65476,77.13479
PHC-0222,India - Kerala,ORS,2186,136.2,258,31.1,62.9,9,0.82,0,784,19.7,0,8.65476,77.13479
PHC-0222,India - Kerala,Insulin,2131,122.7,627,42.1,60.3,11,0.81,0,962,21.3,0,8.65476,77.13479
PHC-0223,India - Chhattisgarh,Amoxicillin,710,185.3,585,40.6,59.1,11,1.32,0,2288,2.9,1,21.96228,81.59952
PHC-0223,India - Chhattisgarh,Paracetamol,2275,215.7,357,74.1,58.5,8,1.04,0,1733,10.2,0,21.96228,81.59952
PHC-0223,India - Chhattisgarh,Insulin,1551,83.8,275,75.8,88.6,4,0.74,1,693,16.1,0,21.96228,81.59952
PHC-0223,India - Chhattisgarh,ORS,5055,265.7,415,70.2,74.7,1,1.23,0,2665,15.5,0,21.96228,81.59952
PHC-0223,India - Chhattisgarh,Azithromycin,1118,293.6,474,64.0,84.0,2,1.28,0,3208,3.0,1,21.96228,81.59952
PHC-0224,Russia - Moscow,ORS,1965,261.2,427,43.6,76.3,7,0.74,0,1583,10.2,0,55.64252,37.34627
PHC-0224,Russia - Moscow,Insulin,2161,263.6,617,68.1,94.5,5,1.08,0,2726,7.6,0,55.64252,37.34627
PHC-0224,Russia - Moscow,Azithromycin,1607,107.8,523,76.5,57.2,1,0.83,0,797,18.0,0,55.64252,37.34627
PHC-0224,Russia - Moscow,Paracetamol,2710,405.3,560,34.3,70.9,5,0.79,0,2952,8.4,0,55.64252,37.34627
PHC-0224,Russia - Moscow,Amoxicillin,268,65.1,208,71.1,77.6,6,0.75,0,329,5.5,1,55.64252,37.34627
PHC-0225,India - Rajasthan,Paracetamol,946,91.7,142,41.1,79.8,4,1.04,0,597,9.9,0,26.47443,75.47892
PHC-0225,India - Rajasthan,ORS,8813,466.3,694,73.7,77.5,11,1.39,1,10165,8.8,0,26.47443,75.47892
PHC-0225,India - Rajasthan,Amoxicillin,5366,351.1,577,47.7,94.4,12,0.71,0,2307,21.6,0,26.47443,75.47892
PHC-0225,India - Rajasthan,Azithromycin,4972,333.7,682,42.0,59.7,6,0.86,0,2862,17.4,0,26.47443,75.47892
PHC-0225,India - Rajasthan,Insulin,270,35.0,63,53.9,70.1,1,1.06,0,211,7.3,0,26.47443,75.47892
PHC-0226,China - Beijing,Insulin,3665,229.4,316,95.0,73.6,12,0.99,0,1696,16.1,0,39.87526,116.517
PHC-0226,China - Beijing,Azithromycin,1507,115.9,423,64.5,64.8,1,1.13,0,1075,11.5,0,39.87526,116.517
PHC-0226,China - Beijing,Paracetamol,390,21.7,89,65.1,88.1,5,0.74,0,94,24.4,0,39.87526,116.517
PHC-0226,China - Beijing,Amoxicillin,463,39.8,259,32.7,61.6,14,1.02,0,288,11.4,0,39.87526,116.517
PHC-0226,China - Beijing,ORS,2777,420.1,599,37.3,92.1,8,1.02,1,6285,4.2,1,39.87526,116.517
PHC-0227,India - Sikkim,Amoxicillin,1940,93.7,181,41.6,74.5,12,0.79,1,748,16.9,0,27.06206,88.92506
PHC-0227,India - Sikkim,ORS,2189,96.6,599,50.5,81.9,1,0.9,0,822,25.1,0,27.06206,88.92506
PHC-0227,India - Sikkim,Paracetamol,2201,154.2,377,52.7,66.3,3,0.8,0,971,17.9,0,27.06206,88.92506
PHC-0227,India - Sikkim,Azithromycin,1461,149.9,493,60.9,86.6,3,1.0,0,1304,9.8,0,27.06206,88.92506
PHC-0227,India - Sikkim,Insulin,4731,256.1,395,40.1,99.0,10,1.25,0,2567,14.8,0,27.06206,88.92506
PHC-0228,India - Sikkim,Paracetamol,1556,112.8,318,42.8,62.0,10,0.75,0,635,18.3,0,27.58879,88.55412
PHC-0228,India - Sikkim,ORS,2427,126.1,176,82.3,77.9,8,1.27,1,1611,9.8,0,27.58879,88.55412
PHC-0228,India - Sikkim,Insulin,2188,128.9,691,38.2,58.5,11,1.19,0,1541,14.3,0,27.58879,88.55412
PHC-0228,India - Sikkim,Amoxicillin,2445,109.2,655,39.0,56.6,3,1.2,0,1294,18.6,0,27.58879,88.55412
PHC-0228,India - Sikkim,Azithromycin,991,101.7,221,46.2,89.0,8,1.29,0,895,7.5,0,27.58879,88.55412
PHC-0229,India - Uttarakhand,Amoxicillin,1829,231.9,376,76.9,79.4,1,1.29,1,3644,4.0,1,30.51195,78.09579
PHC-0229,India - Uttarakhand,Azithromycin,1889,98.2,559,31.4,65.0,6,0.74,1,1028,16.8,0,30.51195,78.09579
PHC-0229,India - Uttarakhand,Paracetamol,2479,210.9,490,74.4,68.0,1,1.31,0,2401,9.0,0,30.51195,78.09579
PHC-0229,India - Uttarakhand,ORS,4470,215.3,623,81.5,73.0,7,0.94,0,1943,22.1,0,30.51195,78.09579
PHC-0229,India - Uttarakhand,Insulin,50,10.3,67,40.4,93.6,2,1.26,0,74,3.9,1,30.51195,78.09579
PHC-0230,South Africa - Johannesburg,Insulin,5474,228.5,511,89.2,65.5,4,1.22,0,2452,19.7,0,-26.70684,28.01621
PHC-0230,South Africa - Johannesburg,Azithromycin,405,68.5,497,77.3,71.3,1,0.71,1,659,5.4,1,-26.70684,28.01621
PHC-0230,South Africa - Johannesburg,Amoxicillin,1205,86.5,235,65.4,76.2,8,1.13,1,1044,8.0,0,-26.70684,28.01621
PHC-0230,South Africa - Johannesburg,ORS,181,87.1,204,88.5,68.8,5,0.89,1,802,1.5,1,-26.70684,28.01621
PHC-0230,South Africa - Johannesburg,Paracetamol,1042,128.6,651,54.0,99.4,9,1.0,0,1263,8.1,0,-26.70684,28.01621
PHC-0231,India - Tamil Nadu,Azithromycin,6476,320.4,467,35.2,87.6,1,1.24,0,3383,16.3,0,12.76511,80.33645
PHC-0231,India - Tamil Nadu,Paracetamol,201,59.8,395,79.5,59.8,9,0.87,0,416,3.9,1,12.76511,80.33645
PHC-0231,India - Tamil Nadu,Amoxicillin,3659,177.9,288,87.3,57.2,3,1.0,0,1292,20.6,0,12.76511,80.33645
PHC-0231,India - Tamil Nadu,ORS,4073,261.9,469,53.6,67.4,6,1.16,0,2585,13.4,0,12.76511,80.33645
PHC-0231,India - Tamil Nadu,Insulin,181,39.6,82,77.8,74.4,13,0.84,1,301,3.5,1,12.76511,80.33645
PHC-0232,India - Maharashtra,ORS,176,31.8,133,59.4,75.5,7,1.21,0,239,4.6,1,18.57081,73.34767
PHC-0232,India - Maharashtra,Azithromycin,8631,347.4,539,51.9,95.6,9,1.26,0,3963,19.7,0,18.57081,73.34767
PHC-0232,India - Maharashtra,Amoxicillin,2216,128.2,497,67.8,77.3,5,1.23,0,1382,14.0,0,18.57081,73.34767
PHC-0232,India - Maharashtra,Insulin,9984,409.9,616,82.8,64.8,6,0.78,0,3052,31.3,0,18.57081,73.34767
PHC-0232,India - Maharashtra,Paracetamol,3437,151.2,562,75.6,73.8,6,0.89,0,1239,25.5,0,18.57081,73.34767
PHC-0233,China - Shanghai,Amoxicillin,4872,196.0,687,42.9,59.6,2,1.15,0,2262,21.7,0,31.14162,121.59721
PHC-0233,China - Shanghai,Paracetamol,266,69.7,570,65.5,65.4,2,1.24,0,802,3.1,1,31.14162,121.59721
PHC-0233,China - Shanghai,Azithromycin,641,119.3,359,49.5,65.8,3,1.25,0,1158,4.3,1,31.14162,121.59721
PHC-0233,China - Shanghai,ORS,5455,260.8,479,50.5,64.4,7,1.38,0,3108,15.1,0,31.14162,121.59721
PHC-0233,China - Shanghai,Insulin,2246,162.5,297,45.5,61.4,10,1.04,0,1239,13.3,0,31.14162,121.59721
PHC-0234,India - Odisha,Amoxicillin,573,50.6,301,71.4,81.6,11,0.83,0,308,13.7,0,19.45653,85.41528
PHC-0234,India - Odisha,Azithromycin,2225,105.1,315,58.7,78.7,5,1.09,0,857,19.4,0,19.45653,85.41528
PHC-0234,India - Odisha,ORS,2678,276.2,555,74.5,61.6,3,1.4,0,3522,6.9,1,19.45653,85.41528
PHC-0234,India - Odisha,Insulin,254,23.2,75,79.0,84.5,6,1.19,1,248,5.9,1,19.45653,85.41528
PHC-0234,India - Odisha,Paracetamol,1758,144.7,267,73.4,76.4,7,1.24,0,1281,9.8,0,19.45653,85.41528
PHC-0235,India - Sikkim,Amoxicillin,2740,221.1,590,89.0,98.3,6,1.29,0,2677,9.6,0,26.95475,88.86004
PHC-0235,India - Sikkim,Paracetamol,3072,195.5,676,74.6,64.1,3,1.22,0,2386,12.9,0,26.95475,88.86004
PHC-0235,India - Sikkim,Azithromycin,2985,139.1,444,79.8,78.9,4,1.27,0,1481,16.8,0,26.95475,88.86004
PHC-0235,India - Sikkim,Insulin,2882,427.4,698,64.2,60.3,6,1.0,0,4327,6.8,1,26.95475,88.86004
PHC-0235,India - Sikkim,ORS,3096,182.3,443,71.8,57.4,2,0.77,0,1167,22.2,0,26.95475,88.86004
PHC-0236,Russia - Saint Petersburg,ORS,516,123.5,167,67.3,81.7,9,0.92,0,726,4.6,1,60.62905,29.89818
PHC-0236,Russia - Saint Petersburg,Amoxicillin,3935,219.5,541,77.6,63.1,1,1.3,0,2580,13.8,0,60.62905,29.89818
PHC-0236,Russia - Saint Petersburg,Insulin,995,46.9,241,91.8,92.0,14,1.27,0,412,16.8,0,60.62905,29.89818
PHC-0236,Russia - Saint Petersburg,Paracetamol,1044,88.8,183,97.5,68.1,10,0.99,1,889,7.7,0,60.62905,29.89818
PHC-0236,Russia - Saint Petersburg,Azithromycin,1370,150.0,694,81.6,93.7,5,0.78,0,1183,11.7,0,60.62905,29.89818
PHC-0237,India - Tripura,ORS,1201,78.1,253,59.2,76.3,5,0.75,0,411,20.5,0,23.91241,91.84389
PHC-0237,India - Tripura,Azithromycin,419,26.9,165,81.3,55.5,14,0.86,0,147,18.2,0,23.91241,91.84389
PHC-0237,India - Tripura,Paracetamol,1072,63.4,189,45.4,56.1,8,0.7,0,292,24.1,0,23.91241,91.84389
PHC-0237,India - Tripura,Amoxicillin,1131,373.2,520,66.0,81.0,6,1.19,0,3946,2.5,1,23.91241,91.84389
PHC-0237,India - Tripura,Insulin,1385,147.1,284,82.6,63.5,1,1.2,0,1279,7.8,0,23.91241,91.84389
PHC-0238,India - Chhattisgarh,Azithromycin,544,93.3,279,49.7,89.4,7,0.99,0,663,5.9,1,20.82217,81.71716
PHC-0238,India - Chhattisgarh,Paracetamol,6184,353.5,649,71.5,78.3,11,0.84,0,2903,20.9,0,20.82217,81.71716
PHC-0238,India - Chhattisgarh,Insulin,3923,167.2,404,97.9,76.9,14,1.21,0,1630,19.4,0,20.82217,81.71716
PHC-0238,India - Chhattisgarh,Amoxicillin,366,29.5,197,83.5,69.6,4,1.25,0,244,9.9,0,20.82217,81.71716
PHC-0238,India - Chhattisgarh,ORS,407,31.8,106,42.4,66.1,10,0.76,0,145,16.8,0,20.82217,81.71716
PHC-0239,Russia - Novosibirsk,Amoxicillin,4671,201.1,446,73.2,55.7,13,1.34,0,2255,17.3,0,54.42188,82.48163
PHC-0239,Russia - Novosibirsk,Azithromycin,3728,300.2,657,62.8,89.6,9,1.06,0,3132,11.7,0,54.42188,82.48163
PHC-0239,Russia - Novosibirsk,Insulin,460,59.1,296,55.0,95.2,1,0.87,0,375,9.0,0,54.42188,82.48163
PHC-0239,Russia - Novosibirsk,Paracetamol,4289,264.8,571,66.2,97.8,4,1.4,0,3421,11.6,0,54.42188,82.48163
PHC-0239,Russia - Novosibirsk,ORS,3414,222.6,635,53.9,90.3,12,0.82,0,1771,18.7,0,54.42188,82.48163
PHC-0240,Brazil - Brasilia,Insulin,3289,162.6,455,32.6,57.2,8,1.13,0,1556,17.8,0,-15.93826,-48.06221
PHC-0240,Brazil - Brasilia,ORS,6782,284.5,577,51.4,72.9,12,1.38,0,3659,17.2,0,-15.93826,-48.06221
PHC-0240,Brazil - Brasilia,Paracetamol,321,24.3,191,40.4,81.9,12,1.26,0,202,10.5,0,-15.93826,-48.06221
PHC-0240,Brazil - Brasilia,Azithromycin,1324,167.9,500,56.1,97.8,3,0.77,0,1133,10.2,0,-15.93826,-48.06221
PHC-0240,Brazil - Brasilia,Amoxicillin,688,81.9,276,78.6,82.8,7,1.27,0,746,6.6,1,-15.93826,-48.06221
PHC-0241,China - Shanghai,Azithromycin,2878,138.5,187,84.0,85.0,4,1.39,0,1261,15.0,0,31.31458,120.84876
PHC-0241,China - Shanghai,Amoxicillin,5045,267.8,478,81.1,63.6,11,0.94,0,2174,19.9,0,31.31458,120.84876
PHC-0241,China - Shanghai,Paracetamol,4268,201.6,353,83.6,81.8,11,0.8,0,1242,26.5,0,31.31458,120.84876
PHC-0241,China - Shanghai,Insulin,7062,312.5,595,97.9,71.2,13,1.21,0,3549,18.7,0,31.31458,120.84876
PHC-0241,China - Shanghai,ORS,980,128.0,472,42.6,83.4,7,0.8,0,875,9.6,0,31.31458,120.84876
PHC-0242,South Africa - Durban,Paracetamol,4440,207.1,278,74.9,89.0,2,0.79,0,1177,27.1,0,-29.66961,30.81786
PHC-0242,South Africa - Durban,ORS,876,143.8,336,81.3,66.1,3,0.88,0,959,6.9,1,-29.66961,30.81786
PHC-0242,South Africa - Durban,Amoxicillin,2836,203.7,665,52.6,89.9,11,0.86,1,2686,10.5,0,-29.66961,30.81786
PHC-0242,South Africa - Durban,Azithromycin,127,16.9,91,35.0,76.1,5,0.88,1,135,5.5,1,-29.66961,30.81786
PHC-0242,South Africa - Durban,Insulin,1616,130.6,489,43.3,63.0,8,0.91,0,1031,13.6,0,-29.66961,30.81786
PHC-0243,India - Tripura,ORS,3382,327.3,496,39.8,91.2,4,0.74,0,2118,13.9,0,23.61034,91.05718
PHC-0243,India - Tripura,Paracetamol,2188,157.2,309,54.0,58.4,12,1.39,0,1624,10.0,0,23.61034,91.05718
PHC-0243,India - Tripura,Insulin,1992,87.0,324,81.9,75.6,4,1.37,0,896,16.7,0,23.61034,91.05718
PHC-0243,India - Tripura,Amoxicillin,939,85.4,540,33.7,100.0,13,1.34,0,1033,8.2,0,23.61034,91.05718
PHC-0243,India - Tripura,Azithromycin,2386,193.4,657,51.9,56.0,4,1.16,0,2208,10.6,0,23.61034,91.05718
PHC-0244,India - Haryana,ORS,4448,225.7,439,40.4,69.3,3,1.31,0,2456,15.1,0,29.2494,76.34702
PHC-0244,India - Haryana,Insulin,2181,142.6,248,34.7,91.2,8,1.35,0,1341,11.4,0,29.2494,76.34702
PHC-0244,India - Haryana,Azithromycin,4158,261.4,465,56.0,79.3,2,1.19,0,2651,13.3,0,29.2494,76.34702
PHC-0244,India - Haryana,Paracetamol,934,77.2,438,92.8,80.1,2,0.95,1,947,8.2,0,29.2494,76.34702
PHC-0244,India - Haryana,Amoxicillin,1394,298.0,676,80.1,86.5,6,1.26,0,3735,3.7,1,29.2494,76.34702
PHC-0245,India - Gujarat,Paracetamol,2125,377.5,669,54.8,56.9,10,1.09,1,6333,3.3,1,22.43004,72.75831
PHC-0245,India - Gujarat,Amoxicillin,1601,326.5,439,56.7,95.6,7,1.31,0,3570,3.7,1,22.43004,72.75831
PHC-0245,India - Gujarat,ORS,826,42.1,62,72.7,61.9,10,0.75,0,180,26.1,0,22.43004,72.75831
PHC-0245,India - Gujarat,Azithromycin,321,36.7,136,56.7,77.3,8,0.97,0,222,9.0,0,22.43004,72.75831
PHC-0245,India - Gujarat,Insulin,5113,319.4,480,39.9,74.1,2,0.99,0,2727,16.1,0,22.43004,72.75831
PHC-0246,India - Himachal Pradesh,Paracetamol,395,31.7,242,59.2,88.0,5,0.82,0,180,15.2,0,30.73799,77.25235
PHC-0246,India - Himachal Pradesh,Insulin,4607,248.5,689,34.9,70.4,5,0.97,0,2437,19.0,0,30.73799,77.25235
PHC-0246,India - Himachal Pradesh,Azithromycin,4418,177.1,247,85.7,68.5,3,1.16,0,1439,21.4,0,30.73799,77.25235
PHC-0246,India - Himachal Pradesh,Amoxicillin,1267,209.2,470,52.3,91.0,13,1.31,0,2339,4.6,1,30.73799,77.25235
PHC-0246,India - Himachal Pradesh,ORS,6538,311.3,525,82.0,72.3,7,1.15,0,3193,18.3,0,30.73799,77.25235
PHC-0247,Russia - Moscow,Paracetamol,1833,126.7,519,32.5,95.4,11,1.27,0,1434,11.4,0,55.90621,37.32769
PHC-0247,Russia - Moscow,Azithromycin,1869,87.2,470,78.6,60.4,10,1.39,0,1032,15.5,0,55.90621,37.32769
PHC-0247,Russia - Moscow,Insulin,296,16.0,70,34.8,58.6,9,1.03,1,146,11.7,0,55.90621,37.32769
PHC-0247,Russia - Moscow,ORS,3248,233.2,461,87.3,68.0,4,1.09,1,3335,8.3,0,55.90621,37.32769
PHC-0247,Russia - Moscow,Amoxicillin,5753,256.3,646,52.6,72.1,5,0.91,0,2287,24.6,0,55.90621,37.32769
PHC-0248,Brazil - Rio de Janeiro,Paracetamol,186,34.4,150,37.9,84.4,1,0.8,0,173,6.8,1,-23.34892,-42.92016
PHC-0248,Brazil - Rio de Janeiro,ORS,789,147.3,532,39.9,66.5,6,1.08,0,1422,5.0,1,-23.34892,-42.92016
PHC-0248,Brazil - Rio de Janeiro,Insulin,4080,248.0,418,91.7,78.4,12,1.14,0,2319,14.4,0,-23.34892,-42.92016
PHC-0248,Brazil - Rio de Janeiro,Azithromycin,117,21.7,66,84.2,57.5,5,1.17,0,145,4.6,1,-23.34892,-42.92016
PHC-0248,Brazil - Rio de Janeiro,Amoxicillin,621,52.4,319,53.3,99.3,7,1.18,0,464,10.0,0,-23.34892,-42.92016
PHC-0249,India - Kerala,Insulin,674,49.1,383,89.6,82.4,4,1.05,1,634,8.4,0,8.30511,77.44791
PHC-0249,India - Kerala,Azithromycin,1720,74.5,446,91.4,85.7,3,0.87,1,843,17.1,0,8.30511,77.44791
PHC-0249,India - Kerala,Paracetamol,505,70.8,130,64.9,92.0,11,1.3,0,568,5.5,1,8.30511,77.44791
PHC-0249,India - Kerala,Amoxicillin,2114,149.4,267,58.4,58.8,8,0.79,0,838,18.0,0,8.30511,77.44791
PHC-0249,India - Kerala,ORS,2323,101.9,666,77.9,55.2,1,0.92,0,927,24.8,0,8.30511,77.44791
PHC-0250,India - Himachal Pradesh,Amoxicillin,776,56.8,307,41.6,57.1,11,0.8,0,336,17.1,0,30.94577,77.18124
PHC-0250,India - Himachal Pradesh,ORS,579,111.9,379,80.0,75.0,3,1.36,0,1204,3.8,1,30.94577,77.18124
PHC-0250,India - Himachal Pradesh,Azithromycin,532,181.5,340,94.6,98.0,8,0.89,0,1237,3.3,1,30.94577,77.18124
PHC-0250,India - Himachal Pradesh,Paracetamol,1394,70.7,152,93.9,70.3,3,1.19,0,529,16.6,0,30.94577,77.18124
PHC-0250,India - Himachal Pradesh,Insulin,3641,213.2,413,82.0,100.0,4,0.73,0,1264,23.4,0,30.94577,77.18124
PHC-0251,South Africa - Cape Town,ORS,2561,240.3,444,51.7,92.5,7,1.16,0,2327,9.2,0,-34.13688,18.5849
PHC-0251,South Africa - Cape Town,Azithromycin,797,125.9,290,62.9,85.4,13,0.96,0,877,6.6,1,-34.13688,18.5849
PHC-0251,South Africa - Cape Town,Amoxicillin,4934,226.8,547,61.5,73.6,8,0.77,0,1591,28.2,0,-34.13688,18.5849
PHC-0251,South Africa - Cape Town,Paracetamol,2192,141.2,604,39.8,65.1,6,1.09,0,1463,14.2,0,-34.13688,18.5849
PHC-0251,South Africa - Cape Town,Insulin,1209,135.4,244,35.9,77.0,9,0.77,0,721,11.7,0,-34.13688,18.5849
PHC-0252,India - Jharkhand,ORS,5628,275.8,409,58.5,61.9,2,0.81,1,2806,16.3,0,23.17329,85.18593
PHC-0252,India - Jharkhand,Insulin,6355,468.1,698,61.4,82.9,4,0.85,0,4036,16.0,0,23.17329,85.18593
PHC-0252,India - Jharkhand,Amoxicillin,2268,97.8,362,97.6,57.3,14,1.07,0,816,21.6,0,23.17329,85.18593
PHC-0252,India - Jharkhand,Paracetamol,9521,420.8,566,92.9,64.6,9,1.08,0,4185,21.0,0,23.17329,85.18593
PHC-0252,India - Jharkhand,Azithromycin,301,54.3,226,30.8,63.2,13,0.83,0,309,6.7,1,23.17329,85.18593
PHC-0253,India - Uttarakhand,Azithromycin,425,45.0,74,68.4,72.2,6,0.83,0,216,11.3,0,29.95579,77.18553
PHC-0253,India - Uttarakhand,Insulin,3212,315.1,530,65.3,89.4,11,0.74,0,2084,13.8,0,29.95579,77.18553
PHC-0253,India - Uttarakhand,ORS,504,47.5,182,36.4,81.6,6,1.17,0,362,9.1,0,29.95579,77.18553
PHC-0253,India - Uttarakhand,Paracetamol,2364,100.6,272,79.4,78.7,10,0.84,0,608,27.8,0,29.95579,77.18553
PHC-0253,India - Uttarakhand,Amoxicillin,4990,249.9,454,92.2,97.7,9,1.14,1,3726,11.3,0,29.95579,77.18553
PHC-0254,Brazil - Sao Paulo,Insulin,2608,198.9,647,30.7,65.6,5,0.72,0,1401,18.2,0,-22.98617,-45.73774
PHC-0254,Brazil - Sao Paulo,ORS,1872,152.0,203,47.7,93.4,13,0.78,1,1224,10.2,0,-22.98617,-45.73774
PHC-0254,Brazil - Sao Paulo,Paracetamol,1258,297.9,681,31.2,79.5,11,0.99,0,2954,4.3,1,-22.98617,-45.73774
PHC-0254,Brazil - Sao Paulo,Amoxicillin,754,104.7,267,62.7,62.3,9,1.17,0,870,6.2,1,-22.98617,-45.73774
PHC-0254,Brazil - Sao Paulo,Azithromycin,1346,160.1,397,86.9,86.1,12,1.19,0,1535,7.0,0,-22.98617,-45.73774
PHC-0255,China - Shenzhen,Amoxicillin,2830,280.0,445,38.5,58.6,2,1.29,0,3021,7.8,0,21.86211,113.94133
PHC-0255,China - Shenzhen,Insulin,416,54.1,280,44.5,88.0,5,0.85,0,332,9.0,0,21.86211,113.94133
PHC-0255,China - Shenzhen,ORS,4975,278.8,562,74.4,80.6,1,1.38,0,3523,13.0,0,21.86211,113.94133
PHC-0255,China - Shenzhen,Paracetamol,755,191.8,364,85.1,81.3,13,1.16,0,1731,3.4,1,21.86211,113.94133
PHC-0255,China - Shenzhen,Azithromycin,2276,327.3,485,30.0,66.6,7,1.04,0,2946,6.7,1,21.86211,113.94133
PHC-0256,India - Maharashtra,Amoxicillin,3338,176.3,685,35.5,65.9,4,1.32,0,2338,14.3,0,18.97982,72.81353
PHC-0256,India - Maharashtra,Azithromycin,2170,159.0,282,88.1,85.7,1,0.7,0,807,19.4,0,18.97982,72.81353
PHC-0256,India - Maharashtra,Insulin,2838,207.0,368,80.8,78.1,4,0.93,0,1505,14.8,0,18.97982,72.81353
PHC-0256,India - Maharashtra,Paracetamol,1127,76.7,206,93.8,65.8,3,1.17,0,599,12.6,0,18.97982,72.81353
PHC-0256,India - Maharashtra,ORS,232,13.6,107,41.1,63.1,10,1.09,0,89,15.7,0,18.97982,72.81353
PHC-0257,China - Shanghai,Paracetamol,1547,89.5,136,51.9,79.9,8,0.76,0,421,22.8,0,31.43285,121.65358
PHC-0257,China - Shanghai,Azithromycin,3482,161.9,271,43.6,58.7,7,0.97,0,1126,22.1,0,31.43285,121.65358
PHC-0257,China - Shanghai,ORS,788,57.8,112,93.7,73.4,6,0.76,0,264,18.0,0,31.43285,121.65358
PHC-0257,China - Shanghai,Insulin,1165,142.3,506,53.1,88.6,9,1.36,0,1700,6.0,1,31.43285,121.65358
PHC-0257,China - Shanghai,Amoxicillin,1550,153.6,399,97.3,75.9,3,1.18,1,2251,5.5,1,31.43285,121.65358
PHC-0258,India - Bihar,Azithromycin,3185,378.8,514,61.9,62.2,6,0.82,0,2765,10.2,0,25.07696,85.37472
PHC-0258,India - Bihar,ORS,1247,130.2,250,34.1,76.2,11,1.05,0,960,9.1,0,25.07696,85.37472
PHC-0258,India - Bihar,Paracetamol,923,46.2,69,54.9,83.4,9,1.22,1,502,10.6,0,25.07696,85.37472
PHC-0258,India - Bihar,Amoxicillin,3544,321.3,608,80.2,96.0,6,1.34,0,4103,8.2,0,25.07696,85.37472
PHC-0258,India - Bihar,Insulin,629,38.1,64,91.5,69.1,3,1.29,0,281,12.8,0,25.07696,85.37472
PHC-0259,India - Chhattisgarh,Paracetamol,4116,317.4,674,48.7,99.3,12,1.21,0,3814,10.8,0,21.31019,81.51194
PHC-0259,India - Chhattisgarh,ORS,3641,154.2,316,69.7,78.4,11,0.89,0,1026,26.5,0,21.31019,81.51194
PHC-0259,India - Chhattisgarh,Azithromycin,931,49.6,150,94.8,74.8,11,0.77,0,240,24.4,0,21.31019,81.51194
PHC-0259,India - Chhattisgarh,Amoxicillin,4356,309.1,502,63.3,80.6,1,1.06,0,2876,13.3,0,21.31019,81.51194
PHC-0259,India - Chhattisgarh,Insulin,3852,170.6,447,39.2,69.6,4,0.83,0,1193,27.1,0,21.31019,81.51194
PHC-0260,South Africa - Durban,Insulin,364,55.1,132,79.7,97.7,4,0.86,1,451,5.0,1,-29.8997,31.23534
PHC-0260,South Africa - Durban,Amoxicillin,3737,206.0,437,43.6,75.0,5,0.75,0,1280,24.3,0,-29.8997,31.23534
PHC-0260,South Africa - Durban,Azithromycin,1070,128.8,189,92.8,61.3,6,1.12,0,953,7.4,0,-29.8997,31.23534
PHC-0260,South Africa - Durban,ORS,297,17.4,97,45.9,80.8,3,1.39,0,143,12.3,0,-29.8997,31.23534
PHC-0260,South Africa - Durban,Paracetamol,681,143.6,684,61.5,88.5,1,0.91,0,1308,5.2,1,-29.8997,31.23534
PHC-0261,India - Bihar,Insulin,1702,82.8,187,77.0,88.8,5,1.24,0,674,16.6,0,25.15523,84.52426
PHC-0261,India - Bihar,Paracetamol,1044,57.9,101,75.6,72.2,8,1.28,0,441,14.1,0,25.15523,84.52426
PHC-0261,India - Bihar,ORS,881,112.4,333,75.1,65.4,3,1.16,0,988,6.8,1,25.15523,84.52426
PHC-0261,India - Bihar,Amoxicillin,1896,135.5,479,79.9,72.9,3,0.86,0,1006,16.2,0,25.15523,84.52426
PHC-0261,India - Bihar,Azithromycin,656,26.9,198,36.6,60.6,2,1.31,0,234,18.6,0,25.15523,84.52426
PHC-0262,South Africa - Durban,Amoxicillin,4108,205.9,311,97.6,69.1,4,1.36,0,2082,14.7,0,-29.79246,30.88334
PHC-0262,South Africa - Durban,ORS,2120,357.7,529,44.0,81.1,11,1.29,0,4133,4.6,1,-29.79246,30.88334
PHC-0262,South Africa - Durban,Azithromycin,1926,169.8,505,53.1,96.0,12,0.79,0,1181,14.3,0,-29.79246,30.88334
PHC-0262,South Africa - Durban,Insulin,6012,295.4,419,45.9,68.4,3,0.97,0,2338,21.0,0,-29.79246,30.88334
PHC-0262,South Africa - Durban,Paracetamol,1938,163.6,344,78.9,75.6,12,0.79,0,990,15.0,0,-29.79246,30.88334
PHC-0263,India - West Bengal,Insulin,220,83.2,149,61.9,57.4,4,0.93,0,487,2.8,1,22.50904,88.94376
PHC-0263,India - West Bengal,Amoxicillin,613,142.4,236,80.0,81.3,7,1.05,0,1035,4.1,1,22.50904,88.94376
PHC-0263,India - West Bengal,Azithromycin,5000,250.8,442,82.9,67.1,5,1.16,0,2423,17.2,0,22.50904,88.94376
PHC-0263,India - West Bengal,ORS,144,22.3,183,73.0,94.3,7,0.73,0,107,8.8,0,22.50904,88.94376
PHC-0263,India - West Bengal,Paracetamol,2729,159.9,226,37.0,61.6,9,1.15,0,1251,14.9,0,22.50904,88.94376
PHC-0264,India - Odisha,Paracetamol,634,224.8,418,48.1,64.3,11,0.96,1,2733,1.9,1,19.91369,86.02554
PHC-0264,India - Odisha,ORS,2388,168.3,552,43.1,67.5,12,0.75,0,1143,19.0,0,19.91369,86.02554
PHC-0264,India - Odisha,Azithromycin,5645,256.1,395,40.9,88.4,10,0.79,0,1630,27.8,0,19.91369,86.02554
PHC-0264,India - Odisha,Insulin,451,80.4,532,48.4,60.7,8,1.35,0,977,4.1,1,19.91369,86.02554
PHC-0264,India - Odisha,Amoxicillin,6048,402.3,538,58.0,96.8,8,0.86,0,3104,17.6,0,19.91369,86.02554
PHC-0265,India - Chhattisgarh,Azithromycin,7383,303.2,534,39.9,66.1,9,1.35,0,3686,18.0,0,20.94583,81.69209
PHC-0265,India - Chhattisgarh,ORS,728,36.3,215,68.6,80.4,1,1.32,0,322,15.2,0,20.94583,81.69209
PHC-0265,India - Chhattisgarh,Paracetamol,2056,92.2,182,48.0,85.7,3,0.81,0,485,27.6,0,20.94583,81.69209
PHC-0265,India - Chhattisgarh,Insulin,200,78.1,402,82.7,71.3,13,0.98,0,616,2.6,1,20.94583,81.69209
PHC-0265,India - Chhattisgarh,Amoxicillin,927,100.6,190,37.1,85.9,3,0.92,0,611,10.0,0,20.94583,81.69209
PHC-0266,India - Jammu & Kashmir,Amoxicillin,5135,280.9,693,86.2,67.5,13,0.78,0,2223,23.3,0,34.20438,76.46667
PHC-0266,India - Jammu & Kashmir,Azithromycin,2721,176.2,607,83.7,70.8,9,0.87,0,1455,17.8,0,34.20438,76.46667
PHC-0266,India - Jammu & Kashmir,Insulin,1451,269.0,373,90.5,89.4,12,1.19,0,2519,4.5,1,34.20438,76.46667
PHC-0266,India - Jammu & Kashmir,Paracetamol,1565,182.5,415,49.7,96.7,1,0.81,1,1862,6.9,1,34.20438,76.46667
PHC-0266,India - Jammu & Kashmir,ORS,331,38.9,60,73.1,80.0,8,1.35,0,297,6.3,1,34.20438,76.46667
PHC-0267,China - Shanghai,Insulin,1127,71.6,425,67.5,80.8,1,1.03,0,608,15.3,0,31.22385,121.15415
PHC-0267,China - Shanghai,Paracetamol,438,46.4,158,52.0,89.3,14,0.94,0,278,10.0,0,31.22385,121.15415
PHC-0267,China - Shanghai,Azithromycin,1038,49.3,98,65.0,76.4,7,0.89,0,259,23.8,0,31.22385,121.15415
PHC-0267,China - Shanghai,ORS,1412,129.0,198,38.8,65.8,4,1.07,1,1425,6.6,1,31.22385,121.15415
PHC-0267,China - Shanghai,Amoxicillin,1890,166.5,581,95.8,93.0,5,0.8,0,1248,14.1,0,31.22385,121.15415
PHC-0268,South Africa - Cape Town,ORS,506,153.8,623,55.1,57.8,9,0.98,0,1444,3.4,1,-34.03982,18.39144
PHC-0268,South Africa - Cape Town,Amoxicillin,225,62.5,442,75.6,77.5,12,0.8,0,420,4.5,1,-34.03982,18.39144
PHC-0268,South Africa - Cape Town,Insulin,1306,67.9,401,71.4,72.7,4,1.18,1,1004,10.5,0,-34.03982,18.39144
PHC-0268,South Africa - Cape Town,Paracetamol,2022,288.1,559,62.2,74.1,1,0.97,0,2569,7.2,0,-34.03982,18.39144
PHC-0268,South Africa - Cape Town,Azithromycin,1344,60.0,167,54.1,92.8,12,1.08,0,416,20.7,0,-34.03982,18.39144
PHC-0269,India - Kerala,Insulin,3438,291.7,597,81.5,73.0,9,1.02,0,2798,11.6,0,7.95452,77.10872
PHC-0269,India - Kerala,ORS,1305,177.9,626,42.0,86.0,14,1.01,0,1738,7.2,0,7.95452,77.10872
PHC-0269,India - Kerala,Amoxicillin,2609,214.0,314,71.3,60.1,3,0.78,0,1236,15.7,0,7.95452,77.10872
PHC-0269,India - Kerala,Azithromycin,1240,162.6,389,53.8,55.3,6,0.95,0,1226,8.1,0,7.95452,77.10872
PHC-0269,India - Kerala,Paracetamol,1450,80.5,655,93.3,83.0,2,0.77,1,941,15.1,0,7.95452,77.10872
PHC-0270,India - Gujarat,Insulin,3156,192.9,316,71.5,99.0,14,0.75,0,1082,21.8,0,22.83705,71.67234
PHC-0270,India - Gujarat,Azithromycin,574,53.1,251,49.1,66.0,12,0.72,0,267,15.1,0,22.83705,71.67234
PHC-0270,India - Gujarat,Amoxicillin,2521,280.0,599,94.0,81.6,6,1.37,0,3630,6.6,1,22.83705,71.67234
PHC-0270,India - Gujarat,ORS,978,46.5,76,34.0,83.1,1,1.16,0,313,18.1,0,22.83705,71.67234
PHC-0270,India - Gujarat,Paracetamol,346,145.4,532,88.9,77.1,8,1.25,0,1627,1.9,1,22.83705,71.67234
PHC-0271,India - West Bengal,Insulin,4326,230.6,541,54.2,60.9,9,1.3,0,2717,14.4,0,22.66533,88.11014
PHC-0271,India - West Bengal,ORS,3054,229.2,413,81.7,72.6,5,1.07,0,2006,12.4,0,22.66533,88.11014
PHC-0271,India - West Bengal,Azithromycin,3201,297.1,485,32.4,62.5,3,0.99,0,2538,10.9,0,22.66533,88.11014
PHC-0271,India - West Bengal,Paracetamol,1973,90.8,154,53.2,91.0,6,0.79,0,453,27.6,0,22.66533,88.11014
PHC-0271,India - West Bengal,Amoxicillin,151,43.3,283,37.1,92.6,2,1.08,1,525,2.1,1,22.66533,88.11014
PHC-0272,India - Uttarakhand,Azithromycin,2854,121.6,172,43.5,82.9,6,1.15,0,900,20.5,0,29.85911,78.32253
PHC-0272,India - Uttarakhand,Amoxicillin,5920,290.5,546,53.5,78.2,2,0.78,1,3192,16.8,0,29.85911,78.32253
PHC-0272,India - Uttarakhand,Paracetamol,203,22.9,91,86.2,86.5,2,0.7,0,95,12.6,0,29.85911,78.32253
PHC-0272,India - Uttarakhand,ORS,485,186.5,498,95.5,61.8,11,1.06,0,1722,2.5,1,29.85911,78.32253
PHC-0272,India - Uttarakhand,Insulin,1147,103.0,169,74.8,95.9,11,1.27,0,842,8.8,0,29.85911,78.32253
PHC-0273,India - Bihar,Paracetamol,1779,322.0,502,49.4,83.3,3,0.83,0,2339,6.7,1,26.43391,85.27707
PHC-0273,India - Bihar,Amoxicillin,727,29.3,111,41.1,93.2,7,1.03,0,182,24.1,0,26.43391,85.27707
PHC-0273,India - Bihar,Azithromycin,379,37.4,86,46.0,98.2,2,1.02,1,348,6.4,1,26.43391,85.27707
PHC-0273,India - Bihar,ORS,222,14.1,60,48.4,63.3,3,0.77,0,61,20.5,0,26.43391,85.27707
PHC-0273,India - Bihar,Insulin,3852,157.2,528,42.5,71.0,11,0.96,0,1354,25.5,0,26.43391,85.27707
PHC-0274,India - Uttar Pradesh,Paracetamol,1173,82.2,684,47.6,73.6,12,0.99,0,820,14.4,0,26.9857,80.89158
PHC-0274,India - Uttar Pradesh,Azithromycin,4362,191.4,418,79.4,70.8,13,1.05,0,1636,21.8,0,26.9857,80.89158
PHC-0274,India - Uttar Pradesh,Insulin,970,41.2,173,69.5,82.5,12,1.06,0,283,22.2,0,26.9857,80.89158
PHC-0274,India - Uttar Pradesh,ORS,2295,331.3,622,69.6,71.0,10,1.15,0,3646,6.0,1,26.9857,80.89158
PHC-0274,India - Uttar Pradesh,Amoxicillin,634,50.7,87,67.5,85.3,3,1.16,0,344,10.8,0,26.9857,80.89158
PHC-0275,India - Sikkim,Azithromycin,568,61.8,305,97.4,62.1,2,0.91,1,643,6.5,1,27.54878,89.0481
PHC-0275,India - Sikkim,Insulin,964,43.3,164,39.4,89.3,14,0.71,0,197,31.4,0,27.54878,89.0481
PHC-0275,India - Sikkim,ORS,80,33.8,60,61.6,86.4,4,0.73,1,218,2.1,1,27.54878,89.0481
PHC-0275,India - Sikkim,Amoxicillin,269,37.4,167,53.0,63.9,6,1.06,0,254,6.8,1,27.54878,89.0481
PHC-0275,India - Sikkim,Paracetamol,4220,211.2,543,50.5,83.0,7,1.33,0,2533,15.1,0,27.54878,89.0481
PHC-0276,India - Telangana,ORS,335,36.6,77,30.3,99.9,5,0.87,1,285,6.8,1,17.20754,78.33761
PHC-0276,India - Telangana,Paracetamol,8091,333.7,484,68.6,100.0,10,1.24,0,3566,19.6,0,17.20754,78.33761
PHC-0276,India - Telangana,Azithromycin,150,66.4,274,47.5,74.6,10,0.86,0,409,2.6,1,17.20754,78.33761
PHC-0276,India - Telangana,Amoxicillin,4173,185.0,347,95.7,95.1,10,1.13,0,1611,19.9,0,17.20754,78.33761
PHC-0276,India - Telangana,Insulin,82,15.0,65,51.6,80.8,14,1.18,0,100,4.7,1,17.20754,78.33761
PHC-0277,India - Andhra Pradesh,Insulin,1182,402.0,671,43.4,56.0,5,1.24,1,7714,1.5,1,16.78678,81.16443
PHC-0277,India - Andhra Pradesh,Azithromycin,2251,98.4,200,47.3,58.0,10,1.06,0,691,21.7,0,16.78678,81.16443
PHC-0277,India - Andhra Pradesh,Amoxicillin,2373,254.3,624,63.1,72.1,7,0.78,0,1905,12.0,0,16.78678,81.16443
PHC-0277,India - Andhra Pradesh,Paracetamol,50,10.8,74,36.6,57.8,10,0.74,0,46,6.3,1,16.78678,81.16443
PHC-0277,India - Andhra Pradesh,ORS,8284,414.0,645,71.8,87.6,12,1.22,1,7625,10.6,0,16.78678,81.16443
PHC-0278,India - Bihar,Amoxicillin,559,48.0,277,36.2,62.6,3,0.72,0,247,16.2,0,25.43941,84.98133
PHC-0278,India - Bihar,Paracetamol,868,115.2,321,57.4,68.6,14,1.17,0,1012,6.4,1,25.43941,84.98133
PHC-0278,India - Bihar,Azithromycin,597,210.9,477,76.1,97.1,1,1.34,0,2419,2.1,1,25.43941,84.98133
PHC-0278,India - Bihar,Insulin,9450,431.9,697,47.7,75.3,11,0.86,0,3740,25.6,0,25.43941,84.98133
PHC-0278,India - Bihar,ORS,818,106.2,271,87.6,77.3,10,1.4,0,1060,5.5,1,25.43941,84.98133
PHC-0279,Russia - Saint Petersburg,Paracetamol,1073,97.5,471,71.5,64.5,13,0.86,0,715,12.8,0,59.84398,30.64322
PHC-0279,Russia - Saint Petersburg,Amoxicillin,261,69.9,128,63.2,62.8,6,1.12,0,483,3.3,1,59.84398,30.64322
PHC-0279,Russia - Saint Petersburg,Insulin,1439,194.2,310,80.1,67.3,3,0.86,0,1246,8.6,0,59.84398,30.64322
PHC-0279,Russia - Saint Petersburg,ORS,341,44.8,121,66.5,72.4,13,1.25,1,531,3.9,1,59.84398,30.64322
PHC-0279,Russia - Saint Petersburg,Azithromycin,644,65.1,161,96.2,76.7,8,0.82,1,531,7.7,0,59.84398,30.64322
PHC-0280,India - Jharkhand,ORS,1823,189.7,437,50.5,69.7,12,0.78,0,1234,12.3,0,22.57188,85.04065
PHC-0280,India - Jharkhand,Amoxicillin,1510,71.2,192,57.5,68.3,2,1.36,0,640,15.5,0,22.57188,85.04065
PHC-0280,India - Jharkhand,Insulin,341,29.6,186,73.0,71.7,13,1.07,0,208,10.7,0,22.57188,85.04065
PHC-0280,India - Jharkhand,Paracetamol,2416,119.0,581,69.7,76.7,8,0.74,0,818,27.5,0,22.57188,85.04065
PHC-0280,India - Jharkhand,Azithromycin,1683,95.7,333,35.2,64.4,8,1.22,0,882,14.5,0,22.57188,85.04065
PHC-0281,India - Maharashtra,Paracetamol,4138,264.7,660,60.9,84.1,2,1.23,1,4978,8.2,0,18.26788,72.54273
PHC-0281,India - Maharashtra,ORS,558,69.1,310,40.1,72.7,5,1.31,0,672,6.2,1,18.26788,72.54273
PHC-0281,India - Maharashtra,Insulin,7425,299.2,666,42.8,90.0,3,1.28,0,3785,19.4,0,18.26788,72.54273
PHC-0281,India - Maharashtra,Amoxicillin,700,87.1,222,59.0,59.3,9,1.19,0,708,6.7,1,18.26788,72.54273
PHC-0281,India - Maharashtra,Azithromycin,1596,217.5,456,38.7,84.9,5,0.79,0,1457,9.2,0,18.26788,72.54273
PHC-0282,India - Himachal Pradesh,Insulin,842,127.1,288,87.8,70.3,11,0.77,0,713,8.6,0,30.7797,77.09961
PHC-0282,India - Himachal Pradesh,ORS,7265,342.4,679,66.8,65.1,9,0.88,0,3025,24.0,0,30.7797,77.09961
PHC-0282,India - Himachal Pradesh,Azithromycin,1324,83.1,445,70.6,90.3,11,0.75,0,523,21.2,0,30.7797,77.09961
PHC-0282,India - Himachal Pradesh,Paracetamol,4159,332.0,691,80.8,95.6,13,0.88,1,4590,9.1,0,30.7797,77.09961
PHC-0282,India - Himachal Pradesh,Amoxicillin,516,89.0,121,48.1,59.3,2,1.26,1,1063,3.0,1,30.7797,77.09961
PHC-0283,Russia - Saint Petersburg,Insulin,1006,41.5,262,93.1,60.3,12,1.07,1,487,14.6,0,59.84423,29.94922
PHC-0283,Russia - Saint Petersburg,ORS,639,253.9,445,34.6,90.7,12,0.96,0,2046,2.6,1,59.84423,29.94922
PHC-0283,Russia - Saint Petersburg,Amoxicillin,1370,258.6,670,56.3,94.2,11,0.93,0,2395,5.7,1,59.84423,29.94922
PHC-0283,Russia - Saint Petersburg,Azithromycin,2370,164.1,299,86.4,73.5,14,1.39,0,1674,10.4,0,59.84423,29.94922
PHC-0283,Russia - Saint Petersburg,Paracetamol,1077,129.1,365,74.8,83.8,4,1.07,1,1665,5.0,1,59.84423,29.94922
PHC-0284,India - Goa,Insulin,5092,303.4,568,38.5,90.8,1,1.03,0,2875,16.3,0,15.47007,74.19721
PHC-0284,India - Goa,Paracetamol,1875,115.0,342,72.0,57.4,12,1.0,0,876,16.4,0,15.47007,74.19721
PHC-0284,India - Goa,ORS,153,67.6,127,95.9,72.8,3,0.91,1,585,1.6,1,15.47007,74.19721
PHC-0284,India - Goa,Amoxicillin,1844,102.4,202,89.3,60.8,7,0.76,1,801,15.3,0,15.47007,74.19721
PHC-0284,India - Goa,Azithromycin,3145,195.9,346,67.6,90.4,1,1.39,0,2096,11.5,0,15.47007,74.19721
PHC-0285,China - Shenzhen,Azithromycin,1937,89.4,400,94.1,59.5,7,1.23,0,883,17.7,0,22.2213,114.24549
PHC-0285,China - Shenzhen,Insulin,542,25.0,88,39.6,60.9,1,1.22,0,179,17.8,0,22.2213,114.24549
PHC-0285,China - Shenzhen,ORS,1858,91.7,346,72.4,89.2,3,0.77,0,540,26.4,0,22.2213,114.24549
PHC-0285,China - Shenzhen,Paracetamol,689,117.0,407,56.0,70.0,12,0.83,1,1219,4.6,1,22.2213,114.24549
PHC-0285,China - Shenzhen,Amoxicillin,628,131.3,261,71.5,80.0,7,1.35,0,1257,3.5,1,22.2213,114.24549
PHC-0286,Brazil - Rio de Janeiro,ORS,3787,171.0,301,92.9,64.4,9,0.84,0,1053,26.5,0,-22.97754,-42.94338
PHC-0286,Brazil - Rio de Janeiro,Azithromycin,2534,263.7,615,66.5,57.9,14,0.82,0,2076,11.7,0,-22.97754,-42.94338
PHC-0286,Brazil - Rio de Janeiro,Paracetamol,780,82.2,143,41.5,78.1,1,0.93,0,476,10.2,0,-22.97754,-42.94338
PHC-0286,Brazil - Rio de Janeiro,Amoxicillin,308,17.3,141,37.5,64.9,5,0.83,0,90,21.4,0,-22.97754,-42.94338
PHC-0286,Brazil - Rio de Janeiro,Insulin,699,92.1,272,34.2,94.2,3,0.91,0,602,8.3,0,-22.97754,-42.94338
PHC-0287,India - Uttar Pradesh,Amoxicillin,1681,297.3,416,43.7,82.0,7,1.39,0,3363,4.1,1,27.09558,80.58772
PHC-0287,India - Uttar Pradesh,Azithromycin,651,38.9,180,47.2,82.6,10,0.76,0,193,22.0,0,27.09558,80.58772
PHC-0287,India - Uttar Pradesh,Paracetamol,823,42.9,78,87.7,99.7,4,1.02,0,254,18.8,0,27.09558,80.58772
PHC-0287,India - Uttar Pradesh,Insulin,6191,383.1,555,58.7,74.5,1,1.23,0,4306,13.1,0,27.09558,80.58772
PHC-0287,India - Uttar Pradesh,ORS,544,51.7,117,94.3,83.5,12,1.08,0,339,9.8,0,27.09558,80.58772
PHC-0288,India - Jammu & Kashmir,ORS,457,77.7,195,69.2,82.9,13,1.07,1,850,3.6,1,33.77577,76.50626
PHC-0288,India - Jammu & Kashmir,Paracetamol,3708,169.2,562,93.9,74.2,2,0.83,0,1297,26.2,0,33.77577,76.50626
PHC-0288,India - Jammu & Kashmir,Insulin,1717,206.7,462,51.3,84.5,7,1.14,0,1991,7.3,0,33.77577,76.50626
PHC-0288,India - Jammu & Kashmir,Amoxicillin,425,42.2,127,94.7,72.8,6,1.12,0,291,9.0,0,33.77577,76.50626
PHC-0288,India - Jammu & Kashmir,Azithromycin,2248,187.6,532,87.3,62.2,13,1.12,0,1878,10.7,0,33.77577,76.50626
PHC-0289,India - Madhya Pradesh,Azithromycin,1361,183.2,387,40.2,83.3,10,1.01,0,1470,7.4,0,22.70278,77.65001
PHC-0289,India - Madhya Pradesh,Paracetamol,1986,257.2,493,73.3,57.2,4,0.97,0,2180,7.9,0,22.70278,77.65001
PHC-0289,India - Madhya Pradesh,Insulin,1647,83.4,261,37.8,80.0,9,1.12,0,658,17.7,0,22.70278,77.65001
PHC-0289,India - Madhya Pradesh,ORS,1026,64.1,204,95.5,59.1,1,1.19,0,510,13.4,0,22.70278,77.65001
PHC-0289,India - Madhya Pradesh,Amoxicillin,3140,129.5,291,64.1,92.7,10,0.88,0,834,27.4,0,22.70278,77.65001
PHC-0290,India - Odisha,Amoxicillin,734,74.4,136,74.8,73.6,2,0.71,0,326,14.0,0,20.17717,85.4622
PHC-0290,India - Odisha,Azithromycin,5419,254.1,653,80.2,90.5,1,1.27,0,3157,16.9,0,20.17717,85.4622
PHC-0290,India - Odisha,ORS,262,56.8,129,70.7,87.4,8,1.13,0,394,4.1,1,20.17717,85.4622
PHC-0290,India - Odisha,Paracetamol,1221,179.9,300,89.6,66.0,2,1.04,0,1381,6.5,1,20.17717,85.4622
PHC-0290,India - Odisha,Insulin,970,154.8,445,68.8,96.1,4,0.92,0,1193,6.8,1,20.17717,85.4622
PHC-0291,India - Chhattisgarh,Paracetamol,633,129.9,593,71.6,92.2,7,0.79,1,1504,4.0,1,21.64481,80.83174
PHC-0291,India - Chhattisgarh,Amoxicillin,1655,73.3,189,90.9,78.6,6,0.89,0,431,25.3,0,21.64481,80.83174
PHC-0291,India - Chhattisgarh,Azithromycin,3903,412.4,674,77.2,63.8,4,1.03,0,4254,9.1,0,21.64481,80.83174
PHC-0291,India - Chhattisgarh,Insulin,4679,188.8,394,91.2,86.3,8,0.81,1,1892,19.8,0,21.64481,80.83174
PHC-0291,India - Chhattisgarh,ORS,3666,281.6,415,41.6,88.9,13,0.97,0,2232,13.4,0,21.64481,80.83174
PHC-0292,India - Madhya Pradesh,Amoxicillin,597,184.2,418,93.7,73.5,10,1.01,0,1528,3.2,1,22.72618,77.08699
PHC-0292,India - Madhya Pradesh,Azithromycin,690,297.6,546,89.4,59.6,6,1.4,0,3779,1.7,1,22.72618,77.08699
PHC-0292,India - Madhya Pradesh,ORS,2478,257.6,543,94.8,89.0,1,1.05,0,2459,9.1,0,22.72618,77.08699
PHC-0292,India - Madhya Pradesh,Paracetamol,3652,264.3,489,57.1,69.6,14,1.19,0,2736,11.6,0,22.72618,77.08699
PHC-0292,India - Madhya Pradesh,Insulin,3168,205.8,439,62.5,89.3,12,0.99,0,1696,15.5,0,22.72618,77.08699
PHC-0293,India - Karnataka,ORS,1325,196.1,347,34.0,90.6,5,1.27,0,1905,5.3,1,13.06891,77.85856
PHC-0293,India - Karnataka,Paracetamol,5718,250.6,625,83.6,95.5,14,1.28,1,4798,11.5,0,13.06891,77.85856
PHC-0293,India - Karnataka,Amoxicillin,836,76.3,290,81.1,62.1,9,1.35,0,751,8.1,0,13.06891,77.85856
PHC-0293,India - Karnataka,Insulin,4041,189.4,446,95.2,74.0,13,1.19,0,1884,18.0,0,13.06891,77.85856
PHC-0293,India - Karnataka,Azithromycin,1186,134.9,212,31.6,74.4,12,0.82,0,744,10.7,0,13.06891,77.85856
PHC-0294,India - Gujarat,Amoxicillin,3981,193.6,671,77.7,99.0,9,0.96,0,1856,21.3,0,22.62094,72.17816
PHC-0294,India - Gujarat,Paracetamol,676,95.3,147,79.3,55.0,14,1.09,0,652,6.5,1,22.62094,72.17816
PHC-0294,India - Gujarat,ORS,1594,191.6,699,60.9,66.2,6,1.03,0,1994,8.1,0,22.62094,72.17816
PHC-0294,India - Gujarat,Azithromycin,2796,369.5,676,32.7,92.5,10,1.31,1,7493,3.7,1,22.62094,72.17816
PHC-0294,India - Gujarat,Insulin,7618,337.5,650,60.5,90.4,14,1.37,0,4528,16.5,0,22.62094,72.17816
PHC-0295,China - Shanghai,Amoxicillin,980,126.4,225,78.4,72.1,12,1.09,0,941,7.1,0,31.2504,121.66206
PHC-0295,China - Shanghai,ORS,2596,138.0,238,81.2,72.6,8,1.18,0,1129,15.9,0,31.2504,121.66206
PHC-0295,China - Shanghai,Azithromycin,5419,304.6,625,92.0,68.7,7,1.29,0,3787,13.8,0,31.2504,121.66206
PHC-0295,China - Shanghai,Paracetamol,1566,84.1,131,88.7,91.7,8,0.89,1,718,13.5,0,31.2504,121.66206
PHC-0295,China - Shanghai,Insulin,637,206.5,528,50.6,92.6,14,1.37,0,2522,2.3,1,31.2504,121.66206
PHC-0296,Brazil - Rio de Janeiro,Insulin,221,40.0,214,44.0,88.9,2,0.97,0,261,5.7,1,-22.96568,-43.07265
PHC-0296,Brazil - Rio de Janeiro,ORS,3445,177.6,245,73.9,88.5,9,1.2,0,1489,16.1,0,-22.96568,-43.07265
PHC-0296,Brazil - Rio de Janeiro,Paracetamol,3262,258.6,542,56.9,67.2,7,0.95,0,2219,13.3,0,-22.96568,-43.07265
PHC-0296,Brazil - Rio de Janeiro,Amoxicillin,595,132.7,305,53.1,71.9,9,1.19,0,1171,3.8,1,-22.96568,-43.07265
PHC-0296,Brazil - Rio de Janeiro,Azithromycin,1253,93.3,539,42.8,77.3,1,1.1,1,1438,7.9,0,-22.96568,-43.07265
PHC-0297,India - Haryana,Amoxicillin,856,60.4,86,36.3,65.9,4,1.33,1,731,6.8,1,29.33222,76.36245
PHC-0297,India - Haryana,Azithromycin,2428,123.3,383,45.1,72.3,13,1.19,1,1801,10.7,0,29.33222,76.36245
PHC-0297,India - Haryana,ORS,641,90.8,210,57.4,57.8,7,1.3,0,794,5.4,1,29.33222,76.36245
PHC-0297,India - Haryana,Paracetamol,2259,174.4,597,49.1,73.0,10,1.08,0,1780,12.0,0,29.33222,76.36245
PHC-0297,India - Haryana,Insulin,1908,123.5,375,91.3,68.1,14,1.31,1,1968,7.6,0,29.33222,76.36245
PHC-0298,India - Jammu & Kashmir,Insulin,2009,258.3,352,83.9,77.8,9,0.82,0,1642,9.4,0,33.21304,75.79346
PHC-0298,India - Jammu & Kashmir,ORS,854,40.2,84,54.9,96.1,12,1.15,0,271,18.4,0,33.21304,75.79346
PHC-0298,India - Jammu & Kashmir,Azithromycin,3843,167.6,418,33.5,73.2,4,1.25,0,1708,18.4,0,33.21304,75.79346
PHC-0298,India - Jammu & Kashmir,Amoxicillin,6911,290.6,496,63.9,83.1,12,1.29,0,3278,18.4,0,33.21304,75.79346
PHC-0298,India - Jammu & Kashmir,Paracetamol,3280,223.0,635,81.3,79.5,2,1.24,0,2690,11.8,0,33.21304,75.79346
PHC-0299,India - Odisha,Paracetamol,2431,116.9,251,61.3,58.6,7,1.04,0,853,20.0,0,20.7157,85.46278
PHC-0299,India - Odisha,ORS,2388,103.0,321,40.6,69.7,8,1.01,0,777,23.0,0,20.7157,85.46278
PHC-0299,India - Odisha,Insulin,2049,101.4,646,79.0,95.3,12,1.33,0,1318,15.2,0,20.7157,85.46278
PHC-0299,India - Odisha,Azithromycin,2954,125.5,395,70.7,79.2,3,1.34,0,1349,17.6,0,20.7157,85.46278
PHC-0299,India - Odisha,Amoxicillin,1105,239.2,354,81.5,98.5,11,0.73,0,1358,6.3,1,20.7157,85.46278
PHC-0300,India - Gujarat,Paracetamol,3275,147.6,458,75.0,88.1,5,0.71,0,886,31.3,0,22.36906,72.60466
PHC-0300,India - Gujarat,Insulin,6320,264.0,402,58.8,98.8,5,0.71,0,1512,33.7,0,22.36906,72.60466
PHC-0300,India - Gujarat,Amoxicillin,4905,211.6,610,44.9,90.8,11,0.84,0,1694,27.6,0,22.36906,72.60466
PHC-0300,India - Gujarat,ORS,3983,257.5,360,73.2,55.4,7,0.74,0,1480,20.9,0,22.36906,72.60466
PHC-0300,India - Gujarat,Azithromycin,1130,118.2,439,71.5,81.3,12,0.99,0,971,9.7,0,22.36906,72.60466
PHC-0301,India - Maharashtra,Insulin,6866,287.9,416,30.2,75.6,1,0.99,0,2326,24.1,0,19.70916,73.0607
PHC-0301,India - Maharashtra,Paracetamol,2297,345.0,683,35.2,86.2,8,1.13,0,3926,5.9,1,19.70916,73.0607
PHC-0301,India - Maharashtra,Amoxicillin,1571,109.2,211,92.2,91.1,12,1.32,1,1500,7.0,0,19.70916,73.0607
PHC-0301,India - Maharashtra,Azithromycin,1936,108.6,190,41.8,83.6,6,1.0,0,714,17.8,0,19.70916,73.0607
PHC-0301,India - Maharashtra,ORS,1925,106.6,181,66.2,62.1,3,1.09,0,757,16.6,0,19.70916,73.0607
PHC-0302,China - Beijing,Azithromycin,2445,207.4,309,90.1,61.1,9,0.96,0,1469,12.3,0,39.7699,116.0874
PHC-0302,China - Beijing,ORS,1695,99.1,137,72.6,67.5,8,1.35,0,831,12.7,0,39.7699,116.0874
PHC-0302,China - Beijing,Paracetamol,4955,422.3,569,55.3,56.6,4,0.82,0,3216,14.2,0,39.7699,116.0874
PHC-0302,China - Beijing,Insulin,542,137.8,191,71.9,87.4,7,1.13,0,1030,3.5,1,39.7699,116.0874
PHC-0302,China - Beijing,Amoxicillin,2169,99.2,179,52.9,75.7,9,1.15,0,739,19.1,0,39.7699,116.0874
PHC-0303,India - Maharashtra,Amoxicillin,50,16.9,100,34.4,60.5,9,1.0,0,100,3.0,1,18.97526,72.52473
PHC-0303,India - Maharashtra,Insulin,4289,271.4,697,50.5,74.5,5,0.97,0,2667,16.3,0,18.97526,72.52473
PHC-0303,India - Maharashtra,Paracetamol,1834,81.9,645,96.5,93.8,6,0.7,0,563,31.8,0,18.97526,72.52473
PHC-0303,India - Maharashtra,ORS,1842,78.5,438,82.8,61.5,9,1.37,0,898,17.1,0,18.97526,72.52473
PHC-0303,India - Maharashtra,Azithromycin,337,61.9,281,95.8,80.7,7,0.88,0,394,6.2,1,18.97526,72.52473
PHC-0304,India - Madhya Pradesh,ORS,4770,204.8,610,38.3,62.6,9,1.0,0,1957,23.2,0,23.96706,78.03481
PHC-0304,India - Madhya Pradesh,Amoxicillin,1514,113.9,165,67.7,74.0,9,1.2,0,872,11.1,0,23.96706,78.03481
PHC-0304,India - Madhya Pradesh,Paracetamol,5104,356.9,681,57.7,70.0,1,0.74,0,2632,19.4,0,23.96706,78.03481
PHC-0304,India - Madhya Pradesh,Insulin,4443,197.1,492,80.2,64.9,6,1.16,0,1987,19.4,0,23.96706,78.03481
PHC-0304,India - Madhya Pradesh,Azithromycin,1523,311.2,546,49.1,95.4,3,1.22,1,5324,2.6,1,23.96706,78.03481
PHC-0305,India - Punjab,Paracetamol,144,71.0,209,36.4,89.7,10,0.76,0,361,2.7,1,30.5777,76.14926
PHC-0305,India - Punjab,ORS,3837,333.4,568,44.2,96.5,13,1.1,0,3372,10.5,0,30.5777,76.14926
PHC-0305,India - Punjab,Insulin,681,55.9,219,37.4,60.6,14,0.98,0,372,12.4,0,30.5777,76.14926
PHC-0305,India - Punjab,Amoxicillin,7623,371.5,670,89.7,57.0,5,1.24,0,4585,16.5,0,30.5777,76.14926
PHC-0305,India - Punjab,Azithromycin,3496,191.2,540,44.5,84.0,10,0.79,0,1361,23.2,0,30.5777,76.14926
PHC-0306,India - Kerala,ORS,2410,118.9,205,92.0,58.6,9,1.1,0,875,18.4,0,8.74387,77.09489
PHC-0306,India - Kerala,Azithromycin,948,116.4,407,68.9,71.5,4,1.17,0,1100,7.0,1,8.74387,77.09489
PHC-0306,India - Kerala,Paracetamol,3810,193.9,695,75.2,60.9,10,0.84,0,1648,23.4,0,8.74387,77.09489
PHC-0306,India - Kerala,Amoxicillin,491,199.9,614,39.6,56.4,14,0.98,0,1874,2.5,1,8.74387,77.09489
PHC-0306,India - Kerala,Insulin,861,278.2,429,61.9,90.4,7,1.17,0,2692,2.6,1,8.74387,77.09489
PHC-0307,India - Maharashtra,Insulin,409,98.7,312,82.1,86.7,12,1.32,1,1499,2.0,1,19.30238,73.139
PHC-0307,India - Maharashtra,ORS,8077,323.3,617,46.6,76.3,4,1.34,0,4137,18.7,0,19.30238,73.139
PHC-0307,India - Maharashtra,Azithromycin,3778,167.6,392,72.3,85.2,13,1.24,0,1663,18.2,0,19.30238,73.139
PHC-0307,India - Maharashtra,Amoxicillin,7900,329.3,469,95.8,84.1,9,1.14,0,3212,21.0,0,19.30238,73.139
PHC-0307,India - Maharashtra,Paracetamol,217,72.8,144,36.0,82.9,9,0.92,0,419,3.2,1,19.30238,73.139
PHC-0308,India - West Bengal,Azithromycin,2160,308.0,455,40.4,64.5,14,0.77,0,1993,9.1,0,22.79292,88.47928
PHC-0308,India - West Bengal,Amoxicillin,2105,130.7,188,54.5,99.3,4,1.37,0,1173,11.8,0,22.79292,88.47928
PHC-0308,India - West Bengal,Paracetamol,6572,415.7,565,89.8,57.9,12,1.09,0,4162,14.5,0,22.79292,88.47928
PHC-0308,India - West Bengal,Insulin,171,68.3,391,50.0,57.4,1,1.0,0,544,2.5,1,22.79292,88.47928
PHC-0308,India - West Bengal,ORS,605,222.2,408,87.1,61.6,9,0.91,0,1642,3.0,1,22.79292,88.47928
PHC-0309,Brazil - Brasilia,Azithromycin,327,61.5,114,48.3,99.3,8,1.39,0,515,3.8,1,-15.76073,-48.07467
PHC-0309,Brazil - Brasilia,Amoxicillin,2307,175.4,663,45.2,84.2,4,0.75,0,1305,17.5,0,-15.76073,-48.07467
PHC-0309,Brazil - Brasilia,Paracetamol,3993,423.2,694,62.0,84.5,4,1.25,0,5356,7.5,0,-15.76073,-48.07467
PHC-0309,Brazil - Brasilia,Insulin,1359,80.8,269,60.7,96.7,11,1.39,0,799,12.1,0,-15.76073,-48.07467
PHC-0309,Brazil - Brasilia,ORS,755,44.3,215,43.5,67.5,13,1.07,0,319,16.0,0,-15.76073,-48.07467
PHC-0310,India - Karnataka,Insulin,3232,444.0,678,66.1,88.1,13,1.38,0,6140,5.3,1,12.52206,78.17864
PHC-0310,India - Karnataka,Azithromycin,803,93.0,277,85.6,57.0,5,0.95,0,636,9.1,0,12.52206,78.17864
PHC-0310,India - Karnataka,ORS,1390,86.6,411,65.5,99.2,6,1.22,1,1336,8.5,0,12.52206,78.17864
PHC-0310,India - Karnataka,Amoxicillin,1181,80.4,134,78.5,76.0,3,0.85,0,422,17.3,0,12.52206,78.17864
PHC-0310,India - Karnataka,Paracetamol,2166,377.5,596,73.9,88.2,12,1.09,0,3878,5.3,1,12.52206,78.17864
PHC-0311,India - Maharashtra,Azithromycin,1654,71.2,337,49.4,92.6,11,1.33,0,718,17.5,0,19.55573,72.96932
PHC-0311,India - Maharashtra,Insulin,634,52.6,279,71.6,58.7,9,0.78,1,457,10.0,0,19.55573,72.96932
PHC-0311,India - Maharashtra,Paracetamol,1852,237.9,699,73.9,76.3,5,1.25,0,3024,6.2,1,19.55573,72.96932
PHC-0311,India - Maharashtra,Amoxicillin,219,67.0,158,86.2,60.1,1,0.85,0,363,3.8,1,19.55573,72.96932
PHC-0311,India - Maharashtra,ORS,2739,217.4,473,94.8,59.0,3,1.1,0,2055,11.4,0,19.55573,72.96932
PHC-0312,Brazil - Brasilia,Azithromycin,2698,243.9,425,92.6,65.1,14,1.11,0,2224,10.0,0,-15.31728,-47.87578
PHC-0312,Brazil - Brasilia,Paracetamol,450,113.7,163,79.4,64.2,13,1.25,0,905,3.2,1,-15.31728,-47.87578
PHC-0312,Brazil - Brasilia,ORS,1741,138.0,214,67.0,98.7,3,1.16,0,1080,10.9,0,-15.31728,-47.87578
PHC-0312,Brazil - Brasilia,Insulin,76,29.2,119,52.7,70.5,1,1.07,0,190,2.4,1,-15.31728,-47.87578
PHC-0312,Brazil - Brasilia,Amoxicillin,7986,345.8,693,42.6,84.7,3,0.73,0,2557,31.5,0,-15.31728,-47.87578
PHC-0313,Russia - Moscow,ORS,5700,354.5,616,41.1,88.4,4,1.07,0,3635,15.0,0,55.36729,37.74895
PHC-0313,Russia - Moscow,Amoxicillin,4607,240.8,560,44.8,61.2,14,1.22,0,2691,15.7,0,55.36729,37.74895
PHC-0313,Russia - Moscow,Azithromycin,1872,137.5,233,53.7,90.4,4,1.13,0,1071,12.0,0,55.36729,37.74895
PHC-0313,Russia - Moscow,Paracetamol,6599,279.8,604,85.6,71.1,11,1.03,1,4215,14.8,0,55.36729,37.74895
PHC-0313,Russia - Moscow,Insulin,1239,149.1,620,54.8,94.6,13,1.35,0,1929,6.2,1,55.36729,37.74895
PHC-0314,India - Uttar Pradesh,Paracetamol,4317,289.9,634,45.3,64.2,6,1.26,0,3545,11.8,0,26.87114,80.49407
PHC-0314,India - Uttar Pradesh,Azithromycin,1517,162.3,674,48.9,86.9,7,1.02,0,1648,9.2,0,26.87114,80.49407
PHC-0314,India - Uttar Pradesh,Insulin,1930,98.3,565,46.9,96.3,12,0.7,0,637,27.9,0,26.87114,80.49407
PHC-0314,India - Uttar Pradesh,ORS,6021,290.2,600,37.6,73.7,9,1.3,1,5546,10.3,0,26.87114,80.49407
PHC-0314,India - Uttar Pradesh,Amoxicillin,877,44.8,95,83.0,95.0,7,1.29,0,342,15.2,0,26.87114,80.49407
PHC-0315,India - Madhya Pradesh,Azithromycin,1906,108.5,693,49.3,58.1,9,1.12,0,1232,15.6,0,23.22209,78.03915
PHC-0315,India - Madhya Pradesh,Paracetamol,1132,74.1,600,30.4,96.7,8,0.89,0,621,17.2,0,23.22209,78.03915
PHC-0315,India - Madhya Pradesh,Insulin,976,78.8,435,81.6,97.4,1,1.06,0,696,11.6,0,23.22209,78.03915
PHC-0315,India - Madhya Pradesh,ORS,3101,288.7,592,91.8,76.6,1,1.24,0,3352,8.7,0,23.22209,78.03915
PHC-0315,India - Madhya Pradesh,Amoxicillin,1023,45.3,114,58.9,80.4,2,1.31,0,360,17.2,0,23.22209,78.03915
PHC-0316,India - Jammu & Kashmir,Paracetamol,369,105.3,697,58.2,70.1,8,1.13,0,1206,3.1,1,34.09297,76.58401
PHC-0316,India - Jammu & Kashmir,Insulin,346,28.5,113,46.8,61.2,3,1.12,0,192,10.8,0,34.09297,76.58401
PHC-0316,India - Jammu & Kashmir,Azithromycin,3991,184.3,627,71.6,82.7,10,0.85,0,1508,25.5,0,34.09297,76.58401
PHC-0316,India - Jammu & Kashmir,Amoxicillin,2333,130.9,485,51.0,61.8,7,0.81,0,912,22.1,0,34.09297,76.58401
PHC-0316,India - Jammu & Kashmir,ORS,754,52.1,427,50.3,79.9,7,1.35,0,581,10.7,0,34.09297,76.58401
PHC-0317,India - Assam,Insulin,1709,87.1,477,30.7,89.4,7,0.76,0,568,25.8,0,26.15547,91.66898
PHC-0317,India - Assam,Paracetamol,4509,302.1,545,85.8,93.3,11,1.02,1,4331,9.4,0,26.15547,91.66898
PHC-0317,India - Assam,Azithromycin,1718,80.0,351,58.3,94.4,6,0.74,0,458,28.9,0,26.15547,91.66898
PHC-0317,India - Assam,Amoxicillin,6573,311.0,623,57.4,59.1,1,0.96,0,2874,22.0,0,26.15547,91.66898
PHC-0317,India - Assam,ORS,1260,288.3,543,58.6,83.9,10,0.88,0,2299,5.0,1,26.15547,91.66898
PHC-0318,China - Shenzhen,Paracetamol,2843,136.6,494,61.7,76.3,11,1.24,0,1474,16.8,0,22.16115,113.99713
PHC-0318,China - Shenzhen,Insulin,247,14.1,76,62.0,91.4,4,1.02,0,83,17.1,0,22.16115,113.99713
PHC-0318,China - Shenzhen,Azithromycin,1778,84.3,343,36.5,95.6,5,0.72,0,463,29.4,0,22.16115,113.99713
PHC-0318,China - Shenzhen,ORS,2563,373.4,611,68.5,96.2,1,1.15,0,4107,5.9,1,22.16115,113.99713
PHC-0318,China - Shenzhen,Amoxicillin,203,88.0,221,63.1,91.6,12,1.0,0,599,2.3,1,22.16115,113.99713
PHC-0319,Brazil - Rio de Janeiro,Azithromycin,234,25.0,110,89.6,67.8,6,0.86,0,130,10.9,0,-23.33761,-42.99107
PHC-0319,Brazil - Rio de Janeiro,Insulin,6582,458.8,624,79.6,89.8,1,0.95,0,4178,15.2,0,-23.33761,-42.99107
PHC-0319,Brazil - Rio de Janeiro,Amoxicillin,3431,186.8,318,59.4,92.9,14,0.76,0,1064,24.1,0,-23.33761,-42.99107
PHC-0319,Brazil - Rio de Janeiro,Paracetamol,6595,292.6,614,71.1,56.2,6,1.21,1,5222,12.1,0,-23.33761,-42.99107
PHC-0319,Brazil - Rio de Janeiro,ORS,7508,357.9,540,88.6,70.5,9,1.03,0,3335,20.3,0,-23.33761,-42.99107
PHC-0320,India - Himachal Pradesh,Azithromycin,1998,130.2,194,37.7,68.7,11,1.3,0,1119,11.8,0,31.23694,76.54465
PHC-0320,India - Himachal Pradesh,Insulin,3891,189.3,610,63.6,62.7,2,0.92,1,2566,14.4,0,31.23694,76.54465
PHC-0320,India - Himachal Pradesh,Paracetamol,1040,188.4,473,50.7,91.7,7,1.25,0,2016,4.4,1,31.23694,76.54465
PHC-0320,India - Himachal Pradesh,ORS,5310,242.7,675,32.1,70.6,13,1.3,1,4873,10.9,0,31.23694,76.54465
PHC-0320,India - Himachal Pradesh,Amoxicillin,7504,361.5,667,78.1,66.4,11,1.03,0,3681,20.2,0,31.23694,76.54465
PHC-0321,India - Bihar,Insulin,1003,455.8,698,89.1,57.5,4,0.97,0,4501,2.3,1,25.9485,85.50073
PHC-0321,India - Bihar,ORS,1569,364.3,571,64.8,81.2,6,1.32,0,4459,3.3,1,25.9485,85.50073
PHC-0321,India - Bihar,Amoxicillin,6608,269.3,503,87.7,93.1,5,1.06,0,2509,23.1,0,25.9485,85.50073
PHC-0321,India - Bihar,Paracetamol,1448,70.8,106,85.7,94.6,13,0.78,0,331,26.2,0,25.9485,85.50073
PHC-0321,India - Bihar,Azithromycin,1089,179.7,388,64.2,84.1,14,1.28,0,1832,4.7,1,25.9485,85.50073
PHC-0322,India - Jammu & Kashmir,Azithromycin,5081,335.9,654,72.5,80.4,3,1.2,0,3965,12.6,0,34.13904,76.59362
PHC-0322,India - Jammu & Kashmir,Paracetamol,2599,178.3,508,52.1,89.2,2,0.92,0,1449,15.8,0,34.13904,76.59362
PHC-0322,India - Jammu & Kashmir,Amoxicillin,2234,359.2,594,65.9,69.4,3,1.15,0,3873,5.4,1,34.13904,76.59362
PHC-0322,India - Jammu & Kashmir,ORS,5619,233.9,486,78.4,82.3,12,1.28,0,2592,18.8,0,34.13904,76.59362
PHC-0322,India - Jammu & Kashmir,Insulin,1329,69.5,190,31.7,74.2,9,1.16,0,529,16.5,0,34.13904,76.59362
PHC-0323,India - Sikkim,Paracetamol,9682,421.1,566,32.3,78.9,6,0.75,1,4484,19.9,0,26.95071,88.73061
PHC-0323,India - Sikkim,ORS,1607,194.1,506,68.7,61.5,7,1.26,0,2149,6.6,1,26.95071,88.73061
PHC-0323,India - Sikkim,Amoxicillin,1781,284.6,438,41.9,73.9,8,1.25,0,2959,5.0,1,26.95071,88.73061
PHC-0323,India - Sikkim,Insulin,2463,165.0,379,68.4,57.5,12,0.87,0,1141,17.1,0,26.95071,88.73061
PHC-0323,India - Sikkim,Azithromycin,3470,146.2,309,33.1,75.2,6,0.95,0,1033,24.9,0,26.95071,88.73061
PHC-0324,India - Uttarakhand,ORS,6579,309.9,420,44.6,82.0,1,1.26,0,3195,16.9,0,30.45275,78.48057
PHC-0324,India - Uttarakhand,Amoxicillin,1837,341.2,661,38.0,66.2,5,1.22,0,4108,4.4,1,30.45275,78.48057
PHC-0324,India - Uttarakhand,Insulin,446,69.1,284,74.2,59.9,8,1.17,0,583,5.5,1,30.45275,78.48057
PHC-0324,India - Uttarakhand,Azithromycin,4139,192.9,535,33.8,95.2,10,0.89,0,1541,24.2,0,30.45275,78.48057
PHC-0324,India - Uttarakhand,Paracetamol,427,34.0,130,84.6,90.6,8,1.12,1,363,7.2,0,30.45275,78.48057
PHC-0325,Russia - Moscow,Paracetamol,1024,107.3,654,52.2,68.6,3,1.12,0,1176,8.6,0,55.70372,37.17453
PHC-0325,Russia - Moscow,ORS,602,110.2,615,70.1,59.4,14,0.96,0,1011,5.7,1,55.70372,37.17453
PHC-0325,Russia - Moscow,Amoxicillin,2156,124.2,483,73.9,93.7,11,0.92,0,986,18.9,0,55.70372,37.17453
PHC-0325,Russia - Moscow,Insulin,1314,80.7,298,75.9,67.3,11,1.02,0,601,16.0,0,55.70372,37.17453
PHC-0325,Russia - Moscow,Azithromycin,406,30.0,249,42.5,84.1,11,1.18,0,247,11.5,0,55.70372,37.17453
PHC-0326,India - Assam,ORS,6929,406.1,670,90.1,66.7,2,1.05,0,4255,16.2,0,26.02831,91.81603
PHC-0326,India - Assam,Azithromycin,1924,117.8,216,79.8,67.8,13,1.12,0,895,14.5,0,26.02831,91.81603
PHC-0326,India - Assam,Amoxicillin,1125,50.0,69,95.5,91.4,2,0.91,0,260,24.8,0,26.02831,91.81603
PHC-0326,India - Assam,Paracetamol,1719,310.7,522,88.9,65.8,2,0.81,0,2247,6.8,1,26.02831,91.81603
PHC-0326,India - Assam,Insulin,583,89.0,375,41.5,68.8,10,1.36,0,952,4.8,1,26.02831,91.81603
PHC-0327,South Africa - Johannesburg,Azithromycin,170,38.9,284,51.7,88.8,2,0.75,0,210,5.8,1,-26.40226,28.12851
PHC-0327,South Africa - Johannesburg,Insulin,2888,463.5,686,84.0,93.9,9,1.38,0,6446,4.5,1,-26.40226,28.12851
PHC-0327,South Africa - Johannesburg,Paracetamol,8534,411.4,574,44.4,62.4,2,1.36,0,5168,15.3,0,-26.40226,28.12851
PHC-0327,South Africa - Johannesburg,ORS,4640,248.8,663,36.2,87.6,11,1.06,1,4037,11.4,0,-26.40226,28.12851
PHC-0327,South Africa - Johannesburg,Amoxicillin,609,93.5,495,35.3,99.1,3,0.79,0,640,8.3,0,-26.40226,28.12851
PHC-0328,India - Jammu & Kashmir,Insulin,4237,254.0,393,49.6,81.9,6,1.31,0,2655,12.8,0,33.60361,76.36018
PHC-0328,India - Jammu & Kashmir,Amoxicillin,1777,122.6,321,79.9,57.7,11,1.02,0,936,14.2,0,33.60361,76.36018
PHC-0328,India - Jammu & Kashmir,Azithromycin,3121,327.9,652,35.2,96.7,11,0.92,0,2962,10.3,0,33.60361,76.36018
PHC-0328,India - Jammu & Kashmir,ORS,2303,284.0,587,87.3,85.7,2,0.7,0,1868,11.5,0,33.60361,76.36018
PHC-0328,India - Jammu & Kashmir,Paracetamol,162,10.0,72,43.9,95.5,4,1.1,0,63,14.8,0,33.60361,76.36018
PHC-0329,Russia - Moscow,Azithromycin,1780,151.0,390,61.4,67.6,14,0.81,0,980,14.5,0,55.6093,37.69544
PHC-0329,Russia - Moscow,Paracetamol,1686,400.3,686,57.3,55.2,13,0.92,0,3684,4.6,1,55.6093,37.69544
PHC-0329,Russia - Moscow,Amoxicillin,4671,359.9,554,75.5,94.8,5,1.18,1,5997,7.1,0,55.6093,37.69544
PHC-0329,Russia - Moscow,ORS,2222,251.5,527,50.3,94.4,12,0.74,1,2571,7.7,0,55.6093,37.69544
PHC-0329,Russia - Moscow,Insulin,2712,282.8,483,94.8,56.6,5,0.95,0,2312,10.1,0,55.6093,37.69544
PHC-0330,China - Shenzhen,Amoxicillin,1664,233.0,480,44.6,82.7,2,0.79,0,1579,9.1,0,22.63562,113.6512
PHC-0330,China - Shenzhen,Azithromycin,2223,150.7,229,44.6,96.7,4,1.28,0,1318,11.6,0,22.63562,113.6512
PHC-0330,China - Shenzhen,ORS,1457,166.9,578,56.2,62.4,14,1.18,0,1832,7.4,0,22.63562,113.6512
PHC-0330,China - Shenzhen,Insulin,883,149.2,549,54.4,61.6,13,1.36,0,1848,4.3,1,22.63562,113.6512
PHC-0330,China - Shenzhen,Paracetamol,457,60.3,102,39.6,74.3,12,1.28,0,461,5.9,1,22.63562,113.6512
PHC-0331,India - Madhya Pradesh,Insulin,984,89.0,202,89.9,87.5,1,0.73,0,430,15.2,0,23.75322,77.00327
PHC-0331,India - Madhya Pradesh,Azithromycin,2691,115.1,214,84.6,64.9,12,0.97,0,751,24.2,0,23.75322,77.00327
PHC-0331,India - Madhya Pradesh,Paracetamol,1456,90.1,125,51.3,97.4,8,1.19,0,657,13.6,0,23.75322,77.00327
PHC-0331,India - Madhya Pradesh,ORS,1509,108.8,323,62.6,96.6,13,0.89,0,724,15.7,0,23.75322,77.00327
PHC-0331,India - Madhya Pradesh,Amoxicillin,1307,281.6,415,44.3,97.7,10,1.24,0,2857,3.7,1,23.75322,77.00327
PHC-0332,India - Bihar,Insulin,1741,83.5,542,33.9,94.6,11,0.73,0,552,28.5,0,24.85917,84.47835
PHC-0332,India - Bihar,Paracetamol,556,49.5,190,74.6,95.2,3,1.07,0,348,10.5,0,24.85917,84.47835
PHC-0332,India - Bihar,ORS,423,93.0,149,50.5,59.4,5,0.85,0,498,5.3,1,24.85917,84.47835
PHC-0332,India - Bihar,Azithromycin,2618,124.7,680,38.0,82.4,2,0.95,1,1831,14.3,0,24.85917,84.47835
PHC-0332,India - Bihar,Amoxicillin,1064,47.1,299,58.1,68.4,10,1.17,0,405,19.3,0,24.85917,84.47835
PHC-0333,India - Tripura,Azithromycin,2430,97.5,255,42.0,90.8,14,1.35,0,926,18.5,0,23.84082,91.23884
PHC-0333,India - Tripura,Paracetamol,229,57.7,177,70.9,99.9,2,0.96,0,360,4.1,1,23.84082,91.23884
PHC-0333,India - Tripura,Amoxicillin,2684,177.9,371,45.6,88.8,4,0.76,0,1063,19.8,0,23.84082,91.23884
PHC-0333,India - Tripura,ORS,1650,99.5,497,75.8,74.8,6,1.26,0,1093,13.2,0,23.84082,91.23884
PHC-0333,India - Tripura,Insulin,5931,250.1,347,36.5,97.6,5,1.24,0,2387,19.1,0,23.84082,91.23884
PHC-0334,China - Shanghai,Azithromycin,1351,186.7,424,66.8,91.1,6,0.85,0,1306,8.5,0,31.65497,120.53451
PHC-0334,China - Shanghai,Paracetamol,7284,401.4,679,77.5,72.0,5,1.12,0,4495,16.2,0,31.65497,120.53451
PHC-0334,China - Shanghai,Insulin,7323,333.8,692,46.9,57.5,10,1.37,0,4629,16.0,0,31.65497,120.53451
PHC-0334,China - Shanghai,Amoxicillin,3428,148.2,293,68.4,91.9,13,1.2,0,1304,19.2,0,31.65497,120.53451
PHC-0334,China - Shanghai,ORS,490,63.1,518,94.7,67.4,6,1.23,0,687,6.3,1,31.65497,120.53451
PHC-0335,India - Chhattisgarh,Amoxicillin,270,39.0,232,77.2,59.9,7,1.26,0,338,5.5,1,21.7965,81.23528
PHC-0335,India - Chhattisgarh,Azithromycin,667,129.3,430,84.2,79.0,2,0.7,0,750,7.3,0,21.7965,81.23528
PHC-0335,India - Chhattisgarh,Insulin,377,134.4,256,32.4,70.7,7,1.18,0,1119,2.4,1,21.7965,81.23528
PHC-0335,India - Chhattisgarh,ORS,1361,76.8,300,31.8,80.1,4,1.0,0,563,17.8,0,21.7965,81.23528
PHC-0335,India - Chhattisgarh,Paracetamol,2331,155.6,606,40.1,73.3,8,1.06,0,1562,14.2,0,21.7965,81.23528
PHC-0336,Russia - Saint Petersburg,Paracetamol,1151,51.2,164,57.7,68.6,3,1.22,0,399,18.5,0,59.79707,30.04649
PHC-0336,Russia - Saint Petersburg,ORS,3099,189.3,469,79.7,69.6,8,1.15,0,1850,14.3,0,59.79707,30.04649
PHC-0336,Russia - Saint Petersburg,Amoxicillin,3648,188.5,279,92.7,87.4,2,0.87,0,1183,22.2,0,59.79707,30.04649
PHC-0336,Russia - Saint Petersburg,Insulin,245,21.4,150,53.5,55.2,6,1.29,0,174,8.8,0,59.79707,30.04649
PHC-0336,Russia - Saint Petersburg,Azithromycin,5461,343.4,559,41.5,82.8,8,1.23,0,3872,12.9,0,59.79707,30.04649
PHC-0337,China - Shanghai,Insulin,2029,102.5,187,95.8,81.3,11,1.33,0,897,14.8,0,31.11581,121.96962
PHC-0337,China - Shanghai,ORS,1791,99.8,160,96.5,66.0,3,0.93,0,593,19.2,0,31.11581,121.96962
PHC-0337,China - Shanghai,Azithromycin,4309,301.0,580,41.5,62.4,1,1.27,0,3551,11.3,0,31.11581,121.96962
PHC-0337,China - Shanghai,Amoxicillin,3291,194.2,334,57.8,56.3,11,1.26,0,1859,13.4,0,31.11581,121.96962
PHC-0337,China - Shanghai,Paracetamol,2806,313.8,438,47.3,98.8,4,0.76,0,1984,11.8,0,31.11581,121.96962
PHC-0338,Russia - Saint Petersburg,ORS,1356,83.5,639,37.9,96.0,14,1.35,0,1099,12.0,0,60.57309,30.19242
PHC-0338,Russia - Saint Petersburg,Amoxicillin,461,107.0,207,71.0,98.9,12,0.92,0,657,4.7,1,60.57309,30.19242
PHC-0338,Russia - Saint Petersburg,Paracetamol,1991,167.2,439,78.5,82.2,14,0.91,0,1268,13.1,0,60.57309,30.19242
PHC-0338,Russia - Saint Petersburg,Azithromycin,957,54.8,129,88.5,55.8,12,1.3,0,439,13.4,0,60.57309,30.19242
PHC-0338,Russia - Saint Petersburg,Insulin,687,72.9,273,75.0,96.7,14,1.39,0,729,6.8,1,60.57309,30.19242
PHC-0339,India - West Bengal,ORS,5297,219.3,649,38.2,77.2,12,1.09,0,2337,22.2,0,22.58245,88.97379
PHC-0339,India - West Bengal,Paracetamol,919,243.5,483,42.2,79.0,11,1.19,0,2493,3.2,1,22.58245,88.97379
PHC-0339,India - West Bengal,Insulin,868,43.2,284,63.8,79.2,5,1.03,0,322,19.5,0,22.58245,88.97379
PHC-0339,India - West Bengal,Azithromycin,1219,66.7,417,48.5,68.4,4,1.4,0,761,13.1,0,22.58245,88.97379
PHC-0339,India - West Bengal,Amoxicillin,1119,129.0,355,30.4,93.5,8,1.03,0,1029,8.4,0,22.58245,88.97379
PHC-0340,South Africa - Durban,Paracetamol,838,230.0,352,97.3,81.1,7,0.98,0,1733,3.7,1,-29.88265,31.06587
PHC-0340,South Africa - Durban,ORS,642,92.4,214,63.4,55.6,9,1.4,0,873,5.0,1,-29.88265,31.06587
PHC-0340,South Africa - Durban,Insulin,6012,326.9,532,90.4,97.4,7,0.83,0,2442,22.1,0,-29.88265,31.06587
PHC-0340,South Africa - Durban,Amoxicillin,1594,86.2,581,30.3,96.1,10,1.2,0,966,15.4,0,-29.88265,31.06587
PHC-0340,South Africa - Durban,Azithromycin,3150,166.3,224,84.9,92.1,7,0.72,0,811,26.5,0,-29.88265,31.06587
PHC-0341,India - Sikkim,Paracetamol,2215,111.5,624,62.7,73.8,14,0.72,0,770,27.7,0,28.4426,88.90795
PHC-0341,India - Sikkim,Azithromycin,660,47.5,148,71.2,71.5,11,1.13,0,338,12.3,0,28.4426,88.90795
PHC-0341,India - Sikkim,Insulin,1745,384.3,671,84.4,70.2,13,1.35,0,5179,3.4,1,28.4426,88.90795
PHC-0341,India - Sikkim,Amoxicillin,254,50.7,87,89.7,97.7,1,1.19,0,352,4.2,1,28.4426,88.90795
PHC-0341,India - Sikkim,ORS,849,216.5,555,93.2,69.8,9,0.92,0,1818,4.3,1,28.4426,88.90795
PHC-0342,India - Goa,Azithromycin,1640,67.6,175,91.3,89.2,12,0.76,0,334,31.8,0,15.24246,74.16915
PHC-0342,India - Goa,ORS,2492,111.9,315,57.8,98.7,14,1.16,0,965,19.2,0,15.24246,74.16915
PHC-0342,India - Goa,Amoxicillin,542,48.9,323,92.2,65.4,7,1.37,0,501,8.1,0,15.24246,74.16915
PHC-0342,India - Goa,Paracetamol,6195,363.5,499,91.1,99.6,10,1.15,0,3652,14.8,0,15.24246,74.16915
PHC-0342,India - Goa,Insulin,715,82.9,213,86.0,85.5,1,1.13,1,979,4.9,1,15.24246,74.16915
PHC-0343,India - Assam,Paracetamol,3517,198.7,593,82.7,92.3,9,0.83,0,1542,21.4,0,25.96859,92.05801
PHC-0343,India - Assam,Insulin,242,46.8,109,51.7,92.8,1,1.36,0,384,3.8,1,25.96859,92.05801
PHC-0343,India - Assam,Amoxicillin,1017,174.4,365,55.6,74.3,1,1.36,0,1851,4.3,1,25.96859,92.05801
PHC-0343,India - Assam,ORS,7676,321.3,612,34.0,91.7,4,0.85,0,2609,28.0,0,25.96859,92.05801
PHC-0343,India - Assam,Azithromycin,372,19.5,161,35.9,82.8,13,1.13,0,141,16.8,0,25.96859,92.05801
PHC-0344,South Africa - Johannesburg,Azithromycin,332,87.5,202,95.0,69.1,9,0.7,1,634,3.5,1,-26.18912,28.1375
PHC-0344,South Africa - Johannesburg,ORS,545,98.9,170,57.5,84.0,9,0.88,0,558,6.3,1,-26.18912,28.1375
PHC-0344,South Africa - Johannesburg,Insulin,305,134.4,534,49.2,66.1,4,1.24,0,1492,1.8,1,-26.18912,28.1375
PHC-0344,South Africa - Johannesburg,Paracetamol,330,45.9,96,58.9,95.0,3,1.2,0,327,6.0,1,-26.18912,28.1375
PHC-0344,South Africa - Johannesburg,Amoxicillin,729,37.7,190,68.6,83.0,4,1.38,0,343,14.0,0,-26.18912,28.1375
PHC-0345,Russia - Moscow,Paracetamol,587,32.6,106,77.6,75.5,9,1.08,0,210,16.7,0,55.8678,37.75874
PHC-0345,Russia - Moscow,Amoxicillin,738,197.1,293,96.6,56.5,7,0.85,0,1217,4.4,1,55.8678,37.75874
PHC-0345,Russia - Moscow,Insulin,430,77.6,272,79.2,81.1,2,0.75,0,413,7.4,0,55.8678,37.75874
PHC-0345,Russia - Moscow,ORS,2181,486.7,667,70.7,76.7,3,1.1,1,8265,2.6,1,55.8678,37.75874
PHC-0345,Russia - Moscow,Azithromycin,4808,391.1,661,74.9,71.5,5,0.86,0,3318,14.3,0,55.8678,37.75874
PHC-0346,India - Rajasthan,Amoxicillin,3975,393.3,690,59.9,87.3,8,0.86,0,3406,11.8,0,26.23206,76.0233
PHC-0346,India - Rajasthan,ORS,1064,59.5,488,78.1,99.8,3,0.83,0,426,21.6,0,26.23206,76.0233
PHC-0346,India - Rajasthan,Paracetamol,3278,135.7,258,97.6,91.1,14,1.4,0,1340,17.3,0,26.23206,76.0233
PHC-0346,India - Rajasthan,Insulin,1503,71.2,102,37.5,68.6,7,0.88,0,375,23.9,0,26.23206,76.0233
PHC-0346,India - Rajasthan,Azithromycin,2179,156.4,502,35.2,98.3,4,1.04,0,1431,13.3,0,26.23206,76.0233
PHC-0347,Brazil - Brasilia,Paracetamol,2895,146.4,213,78.8,75.1,5,1.39,0,1369,14.3,0,-16.2948,-47.90044
PHC-0347,Brazil - Brasilia,ORS,7211,319.1,440,80.3,89.5,6,1.0,0,2649,22.7,0,-16.2948,-47.90044
PHC-0347,Brazil - Brasilia,Insulin,2971,282.7,571,53.6,97.7,3,0.82,0,2131,12.9,0,-16.2948,-47.90044
PHC-0347,Brazil - Brasilia,Amoxicillin,110,37.6,272,59.2,75.5,4,0.92,0,248,3.2,1,-16.2948,-47.90044
PHC-0347,Brazil - Brasilia,Azithromycin,1141,114.0,684,36.9,57.8,7,0.85,0,968,11.8,0,-16.2948,-47.90044
PHC-0348,India - Gujarat,ORS,570,33.8,273,49.7,66.3,5,1.38,0,334,12.2,0,23.04939,72.32727
PHC-0348,India - Gujarat,Azithromycin,4154,459.6,640,56.8,58.6,1,0.98,1,6812,5.9,1,23.04939,72.32727
PHC-0348,India - Gujarat,Amoxicillin,2396,264.1,631,54.9,82.5,10,0.88,0,2242,10.3,0,23.04939,72.32727
PHC-0348,India - Gujarat,Insulin,2125,93.5,140,87.2,78.9,10,1.25,1,1130,11.7,0,23.04939,72.32727
PHC-0348,India - Gujarat,Paracetamol,661,98.7,260,97.8,96.8,1,1.26,0,880,5.3,1,23.04939,72.32727
PHC-0349,India - Odisha,Amoxicillin,3443,386.4,571,56.6,75.5,12,0.72,0,2569,12.4,0,19.83024,85.67757
PHC-0349,India - Odisha,Paracetamol,1634,143.2,583,78.3,94.2,5,0.85,0,1136,13.4,0,19.83024,85.67757
PHC-0349,India - Odisha,Insulin,1255,120.5,258,43.6,99.8,14,1.2,0,1023,8.7,0,19.83024,85.67757
PHC-0349,India - Odisha,ORS,1302,169.2,689,37.6,65.3,2,0.78,0,1332,9.8,0,19.83024,85.67757
PHC-0349,India - Odisha,Azithromycin,3832,181.9,447,47.3,94.9,7,1.34,1,3155,10.2,0,19.83024,85.67757
PHC-0350,India - West Bengal,Paracetamol,1236,77.6,466,84.7,66.6,2,1.35,0,894,11.8,0,22.36529,88.34369
PHC-0350,India - West Bengal,ORS,748,209.8,557,92.2,88.4,2,1.18,0,2266,3.0,1,22.36529,88.34369
PHC-0350,India - West Bengal,Insulin,1332,57.4,81,80.3,76.1,4,0.73,0,245,31.7,0,22.36529,88.34369
PHC-0350,India - West Bengal,Azithromycin,2944,144.6,292,94.5,62.9,2,0.89,0,942,22.8,0,22.36529,88.34369
PHC-0350,India - West Bengal,Amoxicillin,5361,410.6,671,69.1,80.3,14,0.88,0,3586,14.9,0,22.36529,88.34369
PHC-0351,India - Rajasthan,Insulin,2926,205.5,430,94.7,69.5,11,1.14,0,1943,12.4,0,26.55724,76.0435
PHC-0351,India - Rajasthan,ORS,1516,223.1,511,30.1,86.8,11,1.16,0,2292,5.8,1,26.55724,76.0435
PHC-0351,India - Rajasthan,Paracetamol,4424,292.2,559,46.2,78.3,7,1.06,0,2839,14.3,0,26.55724,76.0435
PHC-0351,India - Rajasthan,Azithromycin,3978,161.4,409,90.8,65.9,7,1.34,0,1751,18.4,0,26.55724,76.0435
PHC-0351,India - Rajasthan,Amoxicillin,1918,162.7,691,96.9,59.4,12,1.29,0,2114,9.2,0,26.55724,76.0435
PHC-0352,India - Himachal Pradesh,Azithromycin,437,54.0,418,52.9,79.1,13,0.75,0,331,10.8,0,31.12205,76.50782
PHC-0352,India - Himachal Pradesh,Paracetamol,345,19.0,83,61.3,58.2,12,0.82,0,91,22.0,0,31.12205,76.50782
PHC-0352,India - Himachal Pradesh,Insulin,1828,87.3,499,84.9,58.6,9,1.32,1,1564,10.2,0,31.12205,76.50782
PHC-0352,India - Himachal Pradesh,Amoxicillin,775,92.0,128,75.2,62.9,1,1.27,0,719,6.6,1,31.12205,76.50782
PHC-0352,India - Himachal Pradesh,ORS,1312,350.3,470,74.7,67.3,14,0.79,0,2357,4.8,1,31.12205,76.50782
PHC-0353,China - Shanghai,Insulin,1474,114.9,365,79.4,85.4,12,1.02,0,918,12.5,0,31.22569,121.39266
PHC-0353,China - Shanghai,Amoxicillin,1142,116.3,267,49.4,67.1,1,1.15,0,955,8.5,0,31.22569,121.39266
PHC-0353,China - Shanghai,Paracetamol,2885,119.6,543,45.2,73.3,6,0.83,0,902,29.0,0,31.22569,121.39266
PHC-0353,China - Shanghai,Azithromycin,5322,240.5,632,81.6,78.4,7,1.03,1,3708,13.9,0,31.22569,121.39266
PHC-0353,China - Shanghai,ORS,2132,109.4,194,91.1,98.4,14,0.76,1,849,16.6,0,31.22569,121.39266
PHC-0354,India - Haryana,Insulin,1831,276.8,520,71.5,61.4,12,1.05,0,2578,6.3,1,29.0238,76.07021
PHC-0354,India - Haryana,Amoxicillin,299,71.3,337,47.6,82.3,9,1.35,0,733,3.1,1,29.0238,76.07021
PHC-0354,India - Haryana,Azithromycin,952,208.3,635,90.7,77.5,11,0.77,0,1556,5.9,1,29.0238,76.07021
PHC-0354,India - Haryana,Paracetamol,329,148.9,463,72.3,56.8,10,1.0,0,1268,2.2,1,29.0238,76.07021
PHC-0354,India - Haryana,ORS,385,156.2,442,63.5,67.4,14,1.32,0,1726,1.9,1,29.0238,76.07021
PHC-0355,Russia - Moscow,Amoxicillin,1537,167.1,679,90.2,75.8,13,0.92,0,1542,10.0,0,56.08168,37.22111
PHC-0355,Russia - Moscow,Insulin,3443,303.5,697,48.9,71.6,6,1.15,1,5478,6.4,1,56.08168,37.22111
PHC-0355,Russia - Moscow,ORS,7473,359.5,682,41.2,68.5,10,0.74,0,2650,28.3,0,56.08168,37.22111
PHC-0355,Russia - Moscow,Azithromycin,1804,82.8,253,35.8,75.7,14,0.95,0,550,23.0,0,56.08168,37.22111
PHC-0355,Russia - Moscow,Paracetamol,3190,240.2,453,87.4,95.7,6,1.04,1,3253,8.3,0,56.08168,37.22111
PHC-0356,China - Shenzhen,Amoxicillin,6548,289.6,606,48.9,91.8,8,1.09,0,2998,20.7,0,22.12981,113.66734
PHC-0356,China - Shenzhen,Insulin,300,27.4,88,81.9,76.5,5,0.81,0,130,13.5,0,22.12981,113.66734
PHC-0356,China - Shenzhen,ORS,6596,465.3,648,74.5,76.6,10,1.18,0,5357,12.0,0,22.12981,113.66734
PHC-0356,China - Shenzhen,Azithromycin,7092,381.9,515,71.4,76.7,2,1.2,0,4052,15.5,0,22.12981,113.66734
PHC-0356,China - Shenzhen,Paracetamol,559,114.2,575,31.5,89.0,5,0.86,0,910,5.7,1,22.12981,113.66734
PHC-0357,India - Tamil Nadu,Paracetamol,1303,121.6,286,50.0,95.7,13,0.86,0,757,12.5,0,13.51573,80.11903
PHC-0357,India - Tamil Nadu,Insulin,3055,246.9,470,37.1,60.7,3,0.9,0,1892,13.8,0,13.51573,80.11903
PHC-0357,India - Tamil Nadu,Azithromycin,1178,91.0,365,36.6,87.2,11,1.26,1,1381,6.7,1,13.51573,80.11903
PHC-0357,India - Tamil Nadu,Amoxicillin,507,64.6,194,91.0,61.6,13,0.74,0,316,10.6,0,13.51573,80.11903
PHC-0357,India - Tamil Nadu,ORS,7517,304.3,546,54.4,67.4,11,0.96,0,2663,25.6,0,13.51573,80.11903
PHC-0358,India - Rajasthan,ORS,2474,129.9,308,54.8,91.5,12,1.28,0,1228,14.9,0,26.03441,75.1936
PHC-0358,India - Rajasthan,Paracetamol,10694,449.7,615,72.1,99.3,4,1.05,0,4520,22.6,0,26.03441,75.1936
PHC-0358,India - Rajasthan,Insulin,743,50.8,341,75.3,59.9,7,0.88,0,341,16.6,0,26.03441,75.1936
PHC-0358,India - Rajasthan,Amoxicillin,2122,271.2,366,87.2,62.7,12,0.79,0,1677,9.9,0,26.03441,75.1936
PHC-0358,India - Rajasthan,Azithromycin,2103,247.4,399,44.5,79.7,7,0.78,0,1554,10.9,0,26.03441,75.1936
PHC-0359,Brazil - Brasilia,Amoxicillin,1678,116.7,239,62.9,84.9,9,1.3,0,1048,11.1,0,-15.98521,-48.02294
PHC-0359,Brazil - Brasilia,ORS,436,33.3,210,64.8,63.9,12,0.76,0,171,17.2,0,-15.98521,-48.02294
PHC-0359,Brazil - Brasilia,Paracetamol,263,47.2,98,85.0,95.5,1,0.9,0,253,6.2,1,-15.98521,-48.02294
PHC-0359,Brazil - Brasilia,Azithromycin,4522,403.9,598,37.4,99.3,6,1.05,0,4001,10.7,0,-15.98521,-48.02294
PHC-0359,Brazil - Brasilia,Insulin,3026,225.4,320,50.9,76.7,13,0.85,0,1441,15.7,0,-15.98521,-48.02294
PHC-0360,India - Sikkim,ORS,254,36.9,212,66.2,66.6,12,0.71,0,177,9.7,0,27.3435,88.50089
PHC-0360,India - Sikkim,Amoxicillin,151,11.0,68,96.5,85.5,6,0.81,0,51,16.9,0,27.3435,88.50089
PHC-0360,India - Sikkim,Azithromycin,1529,91.7,595,79.0,86.7,13,0.81,1,1078,13.4,0,27.3435,88.50089
PHC-0360,India - Sikkim,Insulin,204,52.2,342,61.1,56.8,5,1.25,0,497,3.1,1,27.3435,88.50089
PHC-0360,India - Sikkim,Paracetamol,4491,182.8,290,32.1,87.6,1,1.4,0,1862,17.6,0,27.3435,88.50089
PHC-0361,India - Haryana,Azithromycin,2882,272.4,615,52.4,63.0,4,1.29,0,3362,8.2,0,28.82339,75.77819
PHC-0361,India - Haryana,ORS,633,127.9,474,37.7,83.1,5,0.78,1,1318,4.1,1,28.82339,75.77819
PHC-0361,India - Haryana,Paracetamol,1290,59.5,437,55.0,70.4,4,0.78,0,387,27.7,0,28.82339,75.77819
PHC-0361,India - Haryana,Amoxicillin,7355,445.7,698,89.8,83.0,6,1.25,0,5626,13.3,0,28.82339,75.77819
PHC-0361,India - Haryana,Insulin,1845,106.9,193,30.5,86.4,7,0.88,0,623,19.5,0,28.82339,75.77819
PHC-0362,China - Beijing,Paracetamol,810,54.5,268,57.2,99.1,1,1.27,0,492,11.7,0,40.06761,115.86253
PHC-0362,China - Beijing,Amoxicillin,849,82.2,210,63.7,85.1,6,1.15,0,635,9.0,0,40.06761,115.86253
PHC-0362,China - Beijing,Azithromycin,2887,136.1,450,95.6,68.3,10,1.25,0,1428,17.0,0,40.06761,115.86253
PHC-0362,China - Beijing,ORS,1792,89.2,509,57.7,64.4,7,1.14,0,895,17.6,0,40.06761,115.86253
PHC-0362,China - Beijing,Insulin,739,96.9,131,64.7,85.0,2,0.78,0,466,9.8,0,40.06761,115.86253
PHC-0363,China - Beijing,Azithromycin,206,19.6,103,65.1,96.4,13,1.27,0,149,8.2,0,39.93589,116.3484
PHC-0363,China - Beijing,Paracetamol,257,31.2,87,71.5,71.0,13,1.14,0,207,7.3,0,39.93589,116.3484
PHC-0363,China - Beijing,ORS,3627,441.4,612,64.7,87.6,12,0.81,0,3413,10.1,0,39.93589,116.3484
PHC-0363,China - Beijing,Amoxicillin,2547,116.0,541,59.0,62.9,9,0.84,0,877,26.3,0,39.93589,116.3484
PHC-0363,China - Beijing,Insulin,126,33.0,92,36.9,84.5,14,0.96,0,186,4.0,1,39.93589,116.3484
PHC-0364,India - Tamil Nadu,ORS,1634,129.7,302,67.1,60.0,3,0.81,0,771,15.6,0,13.6359,80.05223
PHC-0364,India - Tamil Nadu,Insulin,3548,335.6,650,45.0,84.5,4,0.98,0,3209,10.8,0,13.6359,80.05223
PHC-0364,India - Tamil Nadu,Paracetamol,4454,193.3,493,43.2,94.4,12,1.27,0,2137,18.1,0,13.6359,80.05223
PHC-0364,India - Tamil Nadu,Azithromycin,3213,239.9,451,56.5,97.5,8,1.19,1,3721,7.3,0,13.6359,80.05223
PHC-0364,India - Tamil Nadu,Amoxicillin,8281,443.1,698,73.9,94.9,12,1.13,0,5072,16.5,0,13.6359,80.05223
PHC-0365,India - Tamil Nadu,ORS,1078,77.8,318,53.3,85.4,8,1.12,0,653,12.3,0,13.0011,79.82304
PHC-0365,India - Tamil Nadu,Azithromycin,2386,189.1,419,87.9,95.2,4,1.23,0,1905,10.2,0,13.0011,79.82304
PHC-0365,India - Tamil Nadu,Amoxicillin,7362,296.6,422,38.6,85.9,1,1.0,0,2428,24.9,0,13.0011,79.82304
PHC-0365,India - Tamil Nadu,Insulin,8742,355.4,502,39.8,77.1,14,1.33,0,4133,18.5,0,13.0011,79.82304
PHC-0365,India - Tamil Nadu,Paracetamol,834,288.7,648,71.6,93.7,7,0.7,0,1983,4.1,1,13.0011,79.82304
PHC-0366,India - Rajasthan,Insulin,2297,136.5,500,68.0,74.4,11,1.11,0,1330,15.1,0,26.93447,75.41331
PHC-0366,India - Rajasthan,Azithromycin,3600,299.2,635,59.2,77.1,9,1.02,0,2949,11.8,0,26.93447,75.41331
PHC-0366,India - Rajasthan,ORS,1864,368.5,639,91.8,83.1,3,0.73,0,2631,6.9,1,26.93447,75.41331
PHC-0366,India - Rajasthan,Paracetamol,3172,134.8,191,87.5,80.6,6,1.34,0,1193,17.5,0,26.93447,75.41331
PHC-0366,India - Rajasthan,Amoxicillin,388,17.0,77,75.0,68.6,13,1.4,0,138,16.3,0,26.93447,75.41331
PHC-0367,India - Sikkim,ORS,3956,233.0,388,48.7,86.0,1,0.79,0,1469,21.5,0,27.46896,88.80445
PHC-0367,India - Sikkim,Insulin,2579,188.7,443,57.3,70.5,13,1.31,0,2065,10.4,0,27.46896,88.80445
PHC-0367,India - Sikkim,Azithromycin,682,39.9,129,85.4,62.4,6,0.88,0,215,19.5,0,27.46896,88.80445
PHC-0367,India - Sikkim,Amoxicillin,4145,208.9,555,66.8,57.4,3,1.14,0,2170,17.4,0,27.46896,88.80445
PHC-0367,India - Sikkim,Paracetamol,3071,156.9,572,31.6,91.7,6,1.26,1,2843,10.0,0,27.46896,88.80445
PHC-0368,India - Bihar,Azithromycin,396,118.4,246,73.8,97.5,6,1.17,0,968,2.9,1,25.38224,85.47559
PHC-0368,India - Bihar,ORS,620,187.2,338,75.6,57.7,14,0.92,0,1304,3.6,1,25.38224,85.47559
PHC-0368,India - Bihar,Amoxicillin,163,10.1,70,49.4,79.0,4,0.88,0,51,18.4,0,25.38224,85.47559
PHC-0368,India - Bihar,Insulin,238,11.9,68,40.6,69.8,13,0.95,0,65,21.1,0,25.38224,85.47559
PHC-0368,India - Bihar,Paracetamol,4980,245.9,407,97.8,97.1,2,1.0,0,2000,20.2,0,25.38224,85.47559
PHC-0369,India - Rajasthan,Paracetamol,2423,107.5,271,60.7,87.5,3,1.02,0,786,22.0,0,27.41271,75.97529
PHC-0369,India - Rajasthan,ORS,4232,218.7,362,59.4,67.0,7,0.8,0,1357,24.3,0,27.41271,75.97529
PHC-0369,India - Rajasthan,Azithromycin,1067,59.7,267,85.6,88.2,2,1.21,1,795,9.6,0,27.41271,75.97529
PHC-0369,India - Rajasthan,Insulin,672,125.9,435,40.4,95.3,14,0.77,0,806,6.9,1,27.41271,75.97529
PHC-0369,India - Rajasthan,Amoxicillin,1066,67.9,134,83.5,80.7,8,1.3,0,544,12.1,0,27.41271,75.97529
PHC-0370,China - Beijing,Insulin,6612,287.9,441,56.0,65.3,14,0.83,0,1987,27.7,0,40.3772,115.74172
PHC-0370,China - Beijing,Azithromycin,4794,222.9,302,73.0,61.4,12,0.82,0,1338,26.4,0,40.3772,115.74172
PHC-0370,China - Beijing,Paracetamol,1263,54.8,239,76.5,69.1,11,1.32,0,501,17.5,0,40.3772,115.74172
PHC-0370,China - Beijing,ORS,453,41.0,113,30.9,79.2,11,1.23,1,473,5.8,1,40.3772,115.74172
PHC-0370,China - Beijing,Amoxicillin,1013,41.3,236,40.2,56.9,13,1.22,1,540,12.9,0,40.3772,115.74172
PHC-0371,India - Maharashtra,Azithromycin,3117,236.0,485,37.4,75.9,1,1.1,0,2239,12.0,0,18.77655,72.92173
PHC-0371,India - Maharashtra,Amoxicillin,1665,96.2,300,76.5,67.2,6,0.71,1,782,15.6,0,18.77655,72.92173
PHC-0371,India - Maharashtra,Insulin,2248,149.7,607,70.5,60.7,11,0.83,1,1839,11.6,0,18.77655,72.92173
PHC-0371,India - Maharashtra,ORS,2805,137.9,573,62.0,83.7,8,0.91,0,1160,22.4,0,18.77655,72.92173
PHC-0371,India - Maharashtra,Paracetamol,7391,452.3,617,86.5,56.0,3,1.24,0,5348,13.2,0,18.77655,72.92173
PHC-0372,India - Uttar Pradesh,Azithromycin,979,201.3,323,31.0,96.1,1,0.89,0,1340,5.5,1,26.64999,80.89184
PHC-0372,India - Uttar Pradesh,ORS,714,232.4,394,68.1,79.4,12,0.95,0,1759,3.3,1,26.64999,80.89184
PHC-0372,India - Uttar Pradesh,Insulin,186,34.9,164,80.0,75.4,14,1.26,0,280,4.2,1,26.64999,80.89184
PHC-0372,India - Uttar Pradesh,Amoxicillin,6085,244.6,437,36.4,93.9,1,0.97,0,1971,25.7,0,26.64999,80.89184
PHC-0372,India - Uttar Pradesh,Paracetamol,515,28.7,97,49.6,76.7,8,0.84,0,143,21.4,0,26.64999,80.89184
PHC-0373,India - Maharashtra,ORS,5342,355.0,564,89.9,68.2,2,0.91,0,2963,16.6,0,19.0206,73.02483
PHC-0373,India - Maharashtra,Azithromycin,2773,111.5,491,46.9,55.9,1,0.89,0,867,27.8,0,19.0206,73.02483
PHC-0373,India - Maharashtra,Amoxicillin,1633,80.9,496,86.1,64.6,8,1.26,0,889,16.0,0,19.0206,73.02483
PHC-0373,India - Maharashtra,Paracetamol,7192,319.5,450,55.5,77.0,6,0.9,0,2417,25.0,0,19.0206,73.02483
PHC-0373,India - Maharashtra,Insulin,1727,74.6,418,78.9,59.4,10,1.31,0,798,17.7,0,19.0206,73.02483
PHC-0374,India - Odisha,ORS,2459,112.9,213,97.2,58.2,4,1.05,0,801,20.7,0,20.21871,85.8465
PHC-0374,India - Odisha,Azithromycin,2643,171.2,433,65.8,88.0,1,0.75,0,1058,20.7,0,20.21871,85.8465
PHC-0374,India - Odisha,Paracetamol,4654,399.5,625,32.9,98.4,4,1.25,0,4793,9.3,0,20.21871,85.8465
PHC-0374,India - Odisha,Insulin,4780,193.5,394,49.7,97.7,4,0.93,0,1443,26.5,0,20.21871,85.8465
PHC-0374,India - Odisha,Amoxicillin,1487,63.2,364,41.1,97.5,6,0.77,0,381,30.5,0,20.21871,85.8465
PHC-0375,India - Karnataka,Insulin,1475,469.0,699,66.0,57.9,3,1.19,1,8748,1.7,1,13.12691,77.99786
PHC-0375,India - Karnataka,Paracetamol,398,53.5,151,38.2,94.3,12,0.76,0,255,9.8,0,13.12691,77.99786
PHC-0375,India - Karnataka,Amoxicillin,3052,222.7,298,67.3,96.3,6,1.38,0,2253,9.9,0,13.12691,77.99786
PHC-0375,India - Karnataka,Azithromycin,3045,257.4,495,33.9,87.3,12,1.19,0,2669,9.9,0,13.12691,77.99786
PHC-0375,India - Karnataka,ORS,1737,319.1,549,77.0,87.3,4,0.95,0,2749,5.7,1,13.12691,77.99786
PHC-0376,India - Rajasthan,ORS,1692,90.4,651,51.4,92.7,13,0.75,0,668,24.8,0,27.48659,75.89837
PHC-0376,India - Rajasthan,Insulin,1346,55.4,170,37.3,61.1,8,1.15,0,410,21.1,0,27.48659,75.89837
PHC-0376,India - Rajasthan,Paracetamol,1221,217.6,698,89.0,80.6,4,0.87,0,1922,6.4,1,27.48659,75.89837
PHC-0376,India - Rajasthan,Azithromycin,163,45.5,67,74.5,61.9,13,0.85,0,220,4.2,1,27.48659,75.89837
PHC-0376,India - Rajasthan,Amoxicillin,848,38.4,223,79.5,89.9,13,1.25,0,328,17.6,0,27.48659,75.89837
PHC-0377,India - Kerala,Paracetamol,183,15.3,89,82.6,69.1,12,0.87,0,78,13.8,0,8.1172,76.90924
PHC-0377,India - Kerala,ORS,332,29.5,98,67.1,97.3,10,1.26,0,220,9.0,0,8.1172,76.90924
PHC-0377,India - Kerala,Insulin,3533,184.6,283,65.1,58.1,13,1.2,0,1599,16.0,0,8.1172,76.90924
PHC-0377,India - Kerala,Azithromycin,356,48.6,385,71.2,60.1,5,1.16,0,448,6.3,1,8.1172,76.90924
PHC-0377,India - Kerala,Amoxicillin,487,93.4,544,54.3,91.6,5,1.14,0,968,4.6,1,8.1172,76.90924
PHC-0378,India - Chhattisgarh,Paracetamol,315,31.9,98,76.0,82.9,7,0.92,0,175,10.7,0,21.5791,81.93309
PHC-0378,India - Chhattisgarh,Azithromycin,1548,104.3,178,30.2,67.7,9,1.25,0,843,11.9,0,21.5791,81.93309
PHC-0378,India - Chhattisgarh,Insulin,969,80.3,193,74.4,60.6,1,1.13,1,933,6.9,1,21.5791,81.93309
PHC-0378,India - Chhattisgarh,Amoxicillin,321,121.0,364,33.9,96.9,6,1.38,0,1305,1.9,1,21.5791,81.93309
PHC-0378,India - Chhattisgarh,ORS,236,15.8,69,76.1,71.2,13,1.07,0,97,13.9,0,21.5791,81.93309
PHC-0379,India - Uttar Pradesh,Paracetamol,837,74.9,192,48.7,56.2,14,0.89,0,437,12.6,0,27.16024,81.12177
PHC-0379,India - Uttar Pradesh,Insulin,744,33.5,82,92.0,69.3,8,1.37,0,267,16.2,0,27.16024,81.12177
PHC-0379,India - Uttar Pradesh,Amoxicillin,1757,267.8,474,43.3,95.9,13,1.05,1,3752,4.0,1,27.16024,81.12177
PHC-0379,India - Uttar Pradesh,Azithromycin,727,67.0,264,95.8,55.9,11,1.2,1,885,5.8,1,27.16024,81.12177
PHC-0379,India - Uttar Pradesh,ORS,2209,151.5,520,87.4,77.8,2,0.74,0,999,19.7,0,27.16024,81.12177
PHC-0380,South Africa - Johannesburg,Insulin,6245,269.2,419,72.8,83.1,1,0.8,0,1772,28.8,0,-25.77989,28.14128
PHC-0380,South Africa - Johannesburg,Azithromycin,921,59.7,226,30.1,67.4,6,1.16,0,473,13.3,0,-25.77989,28.14128
PHC-0380,South Africa - Johannesburg,Paracetamol,338,41.1,340,67.3,79.1,3,0.79,0,248,10.4,0,-25.77989,28.14128
PHC-0380,South Africa - Johannesburg,ORS,3300,233.5,478,72.3,94.6,14,1.36,0,2734,10.4,0,-25.77989,28.14128
PHC-0380,South Africa - Johannesburg,Amoxicillin,1213,61.4,318,33.1,95.6,3,0.71,0,328,27.7,0,-25.77989,28.14128
PHC-0381,India - Chhattisgarh,ORS,4462,237.4,616,93.0,90.7,7,1.22,0,2760,15.5,0,21.36754,80.60429
PHC-0381,India - Chhattisgarh,Insulin,6724,287.4,674,84.6,61.8,13,0.73,0,2099,31.9,0,21.36754,80.60429
PHC-0381,India - Chhattisgarh,Amoxicillin,3773,154.3,309,67.1,70.7,10,1.1,0,1253,22.3,0,21.36754,80.60429
PHC-0381,India - Chhattisgarh,Azithromycin,292,139.1,202,87.5,91.1,9,0.77,0,718,2.7,1,21.36754,80.60429
PHC-0381,India - Chhattisgarh,Paracetamol,909,118.9,277,49.6,82.6,11,0.87,0,746,8.8,0,21.36754,80.60429
PHC-0382,India - Chhattisgarh,Insulin,1981,115.6,422,59.8,60.1,1,1.25,0,1183,13.7,0,21.38401,80.35306
PHC-0382,India - Chhattisgarh,Paracetamol,4243,255.2,538,51.5,56.1,8,1.32,1,4716,8.1,0,21.38401,80.35306
PHC-0382,India - Chhattisgarh,ORS,243,15.8,119,51.5,63.2,7,0.82,0,79,18.8,0,21.38401,80.35306
PHC-0382,India - Chhattisgarh,Amoxicillin,3051,143.6,484,63.7,74.2,5,0.8,0,995,26.5,0,21.38401,80.35306
PHC-0382,India - Chhattisgarh,Azithromycin,3028,185.8,686,77.8,91.1,1,0.99,0,1844,16.5,0,21.38401,80.35306
PHC-0383,India - Kerala,Insulin,312,91.8,128,48.4,96.5,1,1.21,0,686,2.8,1,8.67812,77.10714
PHC-0383,India - Kerala,ORS,2411,117.0,646,47.0,98.0,10,0.86,0,986,23.9,0,8.67812,77.10714
PHC-0383,India - Kerala,Amoxicillin,1383,133.7,636,83.1,64.6,8,1.37,0,1782,7.5,0,8.67812,77.10714
PHC-0383,India - Kerala,Azithromycin,1066,83.1,163,74.6,88.5,9,1.13,0,602,11.3,0,8.67812,77.10714
PHC-0383,India - Kerala,Paracetamol,541,148.9,399,40.9,82.3,9,1.35,0,1616,2.7,1,8.67812,77.10714
PHC-0384,India - Andhra Pradesh,ORS,3687,185.1,321,34.9,77.9,11,0.88,1,1900,14.5,0,16.10315,80.39076
PHC-0384,India - Andhra Pradesh,Paracetamol,351,46.2,246,61.0,98.3,11,0.78,0,250,9.8,0,16.10315,80.39076
PHC-0384,India - Andhra Pradesh,Insulin,4059,239.9,455,46.4,90.4,5,0.76,0,1546,22.2,0,16.10315,80.39076
PHC-0384,India - Andhra Pradesh,Amoxicillin,1659,166.1,338,71.5,67.0,3,1.1,0,1389,9.1,0,16.10315,80.39076
PHC-0384,India - Andhra Pradesh,Azithromycin,2074,164.0,256,63.9,83.0,6,1.0,0,1159,12.6,0,16.10315,80.39076
PHC-0385,South Africa - Johannesburg,Paracetamol,2318,119.6,219,42.6,65.8,6,0.8,0,651,24.1,0,-26.36941,28.82502
PHC-0385,South Africa - Johannesburg,Amoxicillin,834,58.1,243,82.0,97.6,11,0.82,0,333,17.4,0,-26.36941,28.82502
PHC-0385,South Africa - Johannesburg,ORS,1214,236.3,460,43.2,90.1,5,1.08,0,2161,4.8,1,-26.36941,28.82502
PHC-0385,South Africa - Johannesburg,Azithromycin,656,63.5,310,57.2,60.0,6,0.74,1,542,9.0,0,-26.36941,28.82502
PHC-0385,South Africa - Johannesburg,Insulin,593,35.4,291,36.4,91.5,13,1.32,0,339,12.7,0,-26.36941,28.82502
PHC-0386,India - Karnataka,Paracetamol,3725,290.8,535,42.1,81.5,2,1.26,0,3287,10.2,0,12.96933,77.73281
PHC-0386,India - Karnataka,Amoxicillin,104,46.4,71,71.9,73.4,8,0.84,1,346,1.7,1,12.96933,77.73281
PHC-0386,India - Karnataka,Azithromycin,1189,202.0,610,97.8,93.5,6,0.75,0,1441,7.9,0,12.96933,77.73281
PHC-0386,India - Karnataka,ORS,930,70.8,124,37.5,80.1,3,1.34,0,579,9.8,0,12.96933,77.73281
PHC-0386,India - Karnataka,Insulin,2285,434.3,607,62.3,79.5,1,0.87,0,3572,6.1,1,12.96933,77.73281
PHC-0387,Russia - Novosibirsk,Insulin,2451,213.3,380,32.4,79.1,2,0.88,0,1479,13.1,0,55.04586,82.57918
PHC-0387,Russia - Novosibirsk,Paracetamol,3084,133.3,247,46.6,97.3,5,0.84,0,785,27.4,0,55.04586,82.57918
PHC-0387,Russia - Novosibirsk,ORS,5925,337.0,532,96.0,86.9,3,0.99,1,4635,11.5,0,55.04586,82.57918
PHC-0387,Russia - Novosibirsk,Azithromycin,953,64.3,104,86.2,63.1,14,1.33,1,793,7.2,0,55.04586,82.57918
PHC-0387,Russia - Novosibirsk,Amoxicillin,228,42.8,176,95.2,94.2,10,1.22,1,527,2.8,1,55.04586,82.57918
PHC-0388,India - West Bengal,Amoxicillin,1354,113.3,344,84.3,57.4,8,1.2,0,1046,9.9,0,22.5316,88.34754
PHC-0388,India - West Bengal,Azithromycin,1117,59.1,239,70.2,72.4,12,0.89,0,363,21.3,0,22.5316,88.34754
PHC-0388,India - West Bengal,Paracetamol,677,132.0,536,80.2,64.6,5,0.86,0,1018,6.0,1,22.5316,88.34754
PHC-0388,India - West Bengal,ORS,5199,300.8,678,70.0,76.7,7,0.98,0,2934,17.7,0,22.5316,88.34754
PHC-0388,India - West Bengal,Insulin,3964,184.0,575,69.9,83.5,10,1.06,1,2794,13.2,0,22.5316,88.34754
PHC-0389,India - Chhattisgarh,Azithromycin,235,30.8,108,84.5,67.6,7,0.7,0,130,10.8,0,21.16046,81.37023
PHC-0389,India - Chhattisgarh,Amoxicillin,889,67.1,142,92.4,70.8,14,1.26,0,527,10.5,0,21.16046,81.37023
PHC-0389,India - Chhattisgarh,Paracetamol,6610,273.0,449,43.6,55.8,7,1.28,0,2921,19.0,0,21.16046,81.37023
PHC-0389,India - Chhattisgarh,Insulin,2134,99.9,384,79.0,97.9,8,1.03,1,1269,13.3,0,21.16046,81.37023
PHC-0389,India - Chhattisgarh,ORS,5166,295.1,577,63.3,80.3,8,0.86,0,2348,20.4,0,21.16046,81.37023
PHC-0390,South Africa - Durban,Insulin,499,71.8,129,95.4,99.6,4,1.02,0,451,6.8,1,-29.52647,31.03211
PHC-0390,South Africa - Durban,ORS,1086,189.2,310,93.4,99.6,2,0.79,0,1103,7.3,0,-29.52647,31.03211
PHC-0390,South Africa - Durban,Paracetamol,1944,317.1,688,79.2,62.5,7,1.32,0,4213,4.6,1,-29.52647,31.03211
PHC-0390,South Africa - Durban,Amoxicillin,1276,67.3,96,66.8,73.1,9,1.02,0,408,18.5,0,-29.52647,31.03211
PHC-0390,South Africa - Durban,Azithromycin,1135,99.4,356,82.9,71.4,14,1.32,0,1017,8.6,0,-29.52647,31.03211
PHC-0391,India - Telangana,Azithromycin,878,91.6,446,56.7,81.2,6,0.89,0,684,10.7,0,17.35284,78.56809
PHC-0391,India - Telangana,Insulin,4069,239.5,619,45.6,91.1,13,0.89,0,2040,19.1,0,17.35284,78.56809
PHC-0391,India - Telangana,Paracetamol,293,31.4,193,44.4,95.2,5,0.89,1,284,6.8,1,17.35284,78.56809
PHC-0391,India - Telangana,Amoxicillin,1412,128.3,495,42.5,92.5,7,0.78,0,877,14.0,0,17.35284,78.56809
PHC-0391,India - Telangana,ORS,540,103.4,335,76.6,78.1,1,1.36,0,1066,3.8,1,17.35284,78.56809
PHC-0392,India - Uttar Pradesh,ORS,1583,266.8,456,98.0,62.8,6,1.28,0,2885,4.6,1,27.06588,80.6001
PHC-0392,India - Uttar Pradesh,Insulin,7372,332.6,502,62.3,74.3,11,1.28,0,3742,17.3,0,27.06588,80.6001
PHC-0392,India - Uttar Pradesh,Azithromycin,208,16.9,63,55.1,84.9,9,0.84,0,81,14.6,0,27.06588,80.6001
PHC-0392,India - Uttar Pradesh,Amoxicillin,3737,165.3,356,45.8,74.8,12,1.05,0,1344,21.5,0,27.06588,80.6001
PHC-0392,India - Uttar Pradesh,Paracetamol,1332,95.5,447,39.4,83.3,10,1.28,0,1025,10.9,0,27.06588,80.6001
PHC-0393,India - Tamil Nadu,Paracetamol,805,56.6,92,81.0,71.4,6,1.34,0,448,10.6,0,13.46664,80.12568
PHC-0393,India - Tamil Nadu,Insulin,2138,166.7,368,73.4,65.3,2,0.86,0,1120,14.9,0,13.46664,80.12568
PHC-0393,India - Tamil Nadu,ORS,1422,85.0,147,35.7,87.0,5,1.32,0,702,12.7,0,13.46664,80.12568
PHC-0393,India - Tamil Nadu,Azithromycin,1831,79.6,173,70.7,68.1,1,0.84,0,430,27.5,0,13.46664,80.12568
PHC-0393,India - Tamil Nadu,Amoxicillin,6045,264.8,381,53.1,82.2,11,0.77,0,1616,29.6,0,13.46664,80.12568
PHC-0394,Brazil - Brasilia,Azithromycin,2047,142.5,439,30.2,72.1,7,1.04,0,1228,13.9,0,-16.28589,-47.72467
PHC-0394,Brazil - Brasilia,Insulin,2842,266.7,407,39.6,73.0,10,1.37,0,2968,7.8,0,-16.28589,-47.72467
PHC-0394,Brazil - Brasilia,Paracetamol,9463,396.8,555,40.1,89.6,3,1.0,0,3628,23.8,0,-16.28589,-47.72467
PHC-0394,Brazil - Brasilia,ORS,3015,482.6,661,82.6,55.3,7,1.14,0,5434,5.5,1,-16.28589,-47.72467
PHC-0394,Brazil - Brasilia,Amoxicillin,4149,214.5,305,79.8,66.4,11,1.39,0,2210,13.9,0,-16.28589,-47.72467
PHC-0395,India - Sikkim,Amoxicillin,392,16.8,62,93.1,77.3,5,1.37,0,131,17.0,0,26.79425,88.69032
PHC-0395,India - Sikkim,Insulin,2356,142.3,204,81.9,73.6,6,0.98,0,936,16.8,0,26.79425,88.69032
PHC-0395,India - Sikkim,ORS,264,19.8,75,37.8,84.1,14,0.97,0,111,13.7,0,26.79425,88.69032
PHC-0395,India - Sikkim,Azithromycin,297,132.0,655,44.4,87.6,8,1.28,0,1662,1.8,1,26.79425,88.69032
PHC-0395,India - Sikkim,Paracetamol,561,25.2,93,95.6,88.9,8,0.76,0,113,29.2,0,26.79425,88.69032
PHC-0396,South Africa - Cape Town,ORS,3699,270.9,538,93.2,72.8,11,1.33,0,3251,10.3,0,-33.66255,18.55104
PHC-0396,South Africa - Cape Town,Azithromycin,7123,485.7,697,51.1,57.3,11,1.27,0,6231,11.6,0,-33.66255,18.55104
PHC-0396,South Africa - Cape Town,Insulin,8572,370.0,550,90.3,82.1,4,1.38,0,4659,16.7,0,-33.66255,18.55104
PHC-0396,South Africa - Cape Town,Amoxicillin,4155,284.2,385,92.6,89.2,2,1.15,0,2604,12.7,0,-33.66255,18.55104
PHC-0396,South Africa - Cape Town,Paracetamol,1334,75.1,255,88.7,55.1,1,0.85,0,446,21.0,0,-33.66255,18.55104
PHC-0397,India - Uttarakhand,Amoxicillin,3652,395.2,598,39.3,91.0,9,1.39,0,5190,6.6,1,29.82851,78.14586
PHC-0397,India - Uttarakhand,Azithromycin,7584,330.2,550,58.9,59.6,13,0.78,0,2352,29.3,0,29.82851,78.14586
PHC-0397,India - Uttarakhand,Insulin,294,87.3,214,34.5,81.9,13,1.34,0,791,2.5,1,29.82851,78.14586
PHC-0397,India - Uttarakhand,ORS,3338,148.6,322,86.6,64.0,10,1.17,0,1309,19.1,0,29.82851,78.14586
PHC-0397,India - Uttarakhand,Paracetamol,193,32.0,65,68.0,85.0,14,0.89,1,252,4.4,1,29.82851,78.14586
PHC-0398,India - Himachal Pradesh,Insulin,2939,133.6,259,66.8,59.2,8,1.35,0,1273,16.3,0,30.99408,77.00102
PHC-0398,India - Himachal Pradesh,ORS,961,201.1,293,36.6,79.1,4,1.14,0,1670,4.2,1,30.99408,77.00102
PHC-0398,India - Himachal Pradesh,Azithromycin,3099,125.1,438,31.3,60.3,14,0.83,0,863,29.9,0,30.99408,77.00102
PHC-0398,India - Himachal Pradesh,Paracetamol,8249,395.1,594,80.6,55.3,7,1.31,0,4855,16.0,0,30.99408,77.00102
PHC-0398,India - Himachal Pradesh,Amoxicillin,657,108.1,187,65.0,96.7,11,0.88,0,627,6.9,1,30.99408,77.00102
PHC-0399,India - Bihar,Amoxicillin,816,61.9,156,45.1,99.5,12,1.32,0,520,10.0,0,26.11775,85.75803
PHC-0399,India - Bihar,Azithromycin,7289,302.9,548,41.0,65.1,14,1.32,0,3632,18.2,0,26.11775,85.75803
PHC-0399,India - Bihar,Insulin,5479,332.1,558,53.4,72.9,6,0.99,0,2998,16.7,0,26.11775,85.75803
PHC-0399,India - Bihar,Paracetamol,4903,245.4,535,58.5,72.3,4,1.16,0,2550,17.3,0,26.11775,85.75803
PHC-0399,India - Bihar,ORS,1109,65.3,260,37.6,75.2,6,1.12,0,516,15.2,0,26.11775,85.75803
PHC-0400,India - Maharashtra,Paracetamol,163,19.5,125,39.3,71.6,4,1.19,0,142,7.0,0,19.54018,72.84159
PHC-0400,India - Maharashtra,ORS,1766,252.8,574,64.2,78.0,5,0.91,0,2134,7.7,0,19.54018,72.84159
PHC-0400,India - Maharashtra,Insulin,3900,261.3,570,30.5,63.2,14,0.95,1,3554,10.1,0,19.54018,72.84159
PHC-0400,India - Maharashtra,Azithromycin,3699,149.3,480,62.7,69.3,3,1.14,0,1471,21.7,0,19.54018,72.84159
PHC-0400,India - Maharashtra,Amoxicillin,619,30.7,178,49.0,91.3,14,1.29,0,258,15.6,0,19.54018,72.84159
PHC-0401,China - Shenzhen,Amoxicillin,1846,206.0,477,80.5,87.5,5,1.38,0,2442,6.5,1,22.80839,114.09241
PHC-0401,China - Shenzhen,Insulin,7740,312.8,533,82.6,67.8,12,0.71,1,3095,22.5,0,22.80839,114.09241
PHC-0401,China - Shenzhen,Paracetamol,8879,438.6,694,80.0,88.8,11,1.35,1,9280,9.7,0,22.80839,114.09241
PHC-0401,China - Shenzhen,ORS,63,21.8,156,60.4,92.6,6,1.29,0,179,2.2,1,22.80839,114.09241
PHC-0401,China - Shenzhen,Azithromycin,6278,296.9,676,73.3,61.3,5,0.95,0,2826,22.2,0,22.80839,114.09241
PHC-0402,India - Assam,Paracetamol,1249,141.7,386,57.8,56.8,4,0.75,0,841,11.8,0,26.18577,92.02831
PHC-0402,India - Assam,ORS,3771,416.7,652,51.0,59.5,2,0.71,0,2901,12.8,0,26.18577,92.02831
PHC-0402,India - Assam,Amoxicillin,174,51.1,73,32.1,62.1,12,1.24,0,364,2.8,1,26.18577,92.02831
PHC-0402,India - Assam,Insulin,6695,302.6,445,75.6,62.4,4,0.97,0,2447,22.9,0,26.18577,92.02831
PHC-0402,India - Assam,Azithromycin,2210,419.4,686,91.1,75.8,10,1.26,0,5297,4.2,1,26.18577,92.02831
PHC-0403,India - Bihar,Paracetamol,1908,99.2,162,73.5,86.2,5,1.16,0,732,16.6,0,25.34475,84.98493
PHC-0403,India - Bihar,Azithromycin,1035,85.1,618,33.1,76.1,5,1.02,0,835,11.9,0,25.34475,84.98493
PHC-0403,India - Bihar,Insulin,5557,373.7,663,93.0,67.9,11,0.88,0,3265,16.8,0,25.34475,84.98493
PHC-0403,India - Bihar,Amoxicillin,899,40.9,164,50.7,77.1,8,1.07,0,280,20.5,0,25.34475,84.98493
PHC-0403,India - Bihar,ORS,2168,111.2,200,71.2,75.7,11,1.01,0,750,19.2,0,25.34475,84.98493
PHC-0404,India - Tripura,Amoxicillin,782,147.3,198,56.0,65.7,2,0.9,0,883,5.9,1,24.05187,91.28105
PHC-0404,India - Tripura,Azithromycin,418,51.8,224,36.9,69.9,11,1.36,0,480,5.9,1,24.05187,91.28105
PHC-0404,India - Tripura,Insulin,2926,237.1,577,86.0,56.2,11,1.31,0,2875,9.5,0,24.05187,91.28105
PHC-0404,India - Tripura,ORS,848,86.4,125,96.5,97.1,5,0.89,0,470,11.1,0,24.05187,91.28105
PHC-0404,India - Tripura,Paracetamol,321,17.0,70,38.8,64.3,12,1.05,0,103,17.9,0,24.05187,91.28105
PHC-0405,Russia - Novosibirsk,Insulin,1567,166.1,564,70.7,64.3,4,0.73,0,1115,12.9,0,55.23453,82.79881
PHC-0405,Russia - Novosibirsk,ORS,2538,252.4,345,30.4,94.8,1,1.12,0,2167,9.0,0,55.23453,82.79881
PHC-0405,Russia - Novosibirsk,Amoxicillin,2630,154.1,449,57.6,80.0,7,0.89,0,1157,19.1,0,55.23453,82.79881
PHC-0405,Russia - Novosibirsk,Azithromycin,644,64.3,105,96.3,66.7,2,1.03,0,397,9.7,0,55.23453,82.79881
PHC-0405,Russia - Novosibirsk,Paracetamol,1171,88.7,141,55.0,88.5,10,0.83,0,462,15.8,0,55.23453,82.79881
PHC-0406,India - Haryana,Azithromycin,1728,152.3,470,82.8,80.5,2,1.01,0,1320,11.2,0,29.32469,76.21259
PHC-0406,India - Haryana,Paracetamol,321,42.6,321,37.9,60.4,1,1.12,0,358,6.7,1,29.32469,76.21259
PHC-0406,India - Haryana,ORS,1524,284.6,576,55.7,99.5,1,1.07,0,2815,5.0,1,29.32469,76.21259
PHC-0406,India - Haryana,Amoxicillin,1221,170.4,314,95.6,74.1,5,0.71,0,907,10.0,0,29.32469,76.21259
PHC-0406,India - Haryana,Insulin,3537,151.5,372,91.3,61.3,10,0.76,0,900,30.9,0,29.32469,76.21259
PHC-0407,China - Shanghai,ORS,3470,164.2,262,36.7,65.5,5,0.85,1,1533,16.0,0,31.73481,121.29474
PHC-0407,China - Shanghai,Azithromycin,4708,362.3,560,61.1,95.7,5,1.01,0,3351,12.9,0,31.73481,121.29474
PHC-0407,China - Shanghai,Insulin,167,51.9,282,44.2,87.5,6,0.96,0,361,3.3,1,31.73481,121.29474
PHC-0407,China - Shanghai,Paracetamol,6444,314.7,614,72.5,99.3,2,0.71,0,2138,28.8,0,31.73481,121.29474
PHC-0407,China - Shanghai,Amoxicillin,947,53.2,185,83.9,59.6,8,1.34,0,468,13.3,0,31.73481,121.29474
PHC-0408,India - Goa,Paracetamol,5123,367.4,517,64.7,83.6,14,1.11,0,3604,12.6,0,14.91072,73.46423
PHC-0408,India - Goa,Insulin,4414,274.9,416,43.3,96.1,9,0.85,0,1910,18.9,0,14.91072,73.46423
PHC-0408,India - Goa,Azithromycin,101,23.4,92,68.2,92.2,14,0.74,0,102,5.8,1,14.91072,73.46423
PHC-0408,India - Goa,Amoxicillin,2610,263.3,675,39.3,96.9,1,1.14,0,3006,8.7,0,14.91072,73.46423
PHC-0408,India - Goa,ORS,7960,414.4,587,50.9,92.3,13,1.06,0,4127,18.0,0,14.91072,73.46423
PHC-0409,China - Shenzhen,Azithromycin,152,37.8,131,88.2,73.8,7,1.01,0,235,4.0,1,22.55826,113.95415
PHC-0409,China - Shenzhen,Amoxicillin,1762,106.5,241,46.3,97.1,12,1.1,0,811,15.1,0,22.55826,113.95415
PHC-0409,China - Shenzhen,Insulin,1099,104.8,201,60.6,85.7,2,1.26,0,877,8.3,0,22.55826,113.95415
PHC-0409,China - Shenzhen,Paracetamol,254,17.0,66,40.3,68.0,13,1.33,0,129,11.3,0,22.55826,113.95415
PHC-0409,China - Shenzhen,ORS,665,36.9,113,36.2,83.9,13,1.34,0,298,13.5,0,22.55826,113.95415
PHC-0410,Brazil - Sao Paulo,Paracetamol,5821,301.7,560,51.5,73.1,10,1.37,0,3796,14.1,0,-23.66789,-46.4131
PHC-0410,Brazil - Sao Paulo,Azithromycin,2014,276.7,373,57.1,89.2,8,1.2,1,4042,3.9,1,-23.66789,-46.4131
PHC-0410,Brazil - Sao Paulo,ORS,1365,122.5,386,36.1,96.6,10,0.79,0,769,14.1,0,-23.66789,-46.4131
PHC-0410,Brazil - Sao Paulo,Amoxicillin,113,12.9,63,73.1,56.4,6,1.38,1,156,4.1,1,-23.66789,-46.4131
PHC-0410,Brazil - Sao Paulo,Insulin,1058,110.7,166,34.6,68.8,2,1.27,0,899,7.5,0,-23.66789,-46.4131
PHC-0411,India - Maharashtra,ORS,7318,436.9,687,38.5,91.5,8,0.93,0,4072,18.1,0,19.19062,73.02344
PHC-0411,India - Maharashtra,Azithromycin,303,53.1,160,77.3,93.2,10,1.29,0,435,4.4,1,19.19062,73.02344
PHC-0411,India - Maharashtra,Insulin,1885,97.4,305,57.9,88.0,4,0.92,0,659,21.1,0,19.19062,73.02344
PHC-0411,India - Maharashtra,Amoxicillin,1327,80.8,162,48.2,91.5,9,1.04,0,537,15.8,0,19.19062,73.02344
PHC-0411,India - Maharashtra,Paracetamol,1678,95.1,249,69.1,78.0,9,1.15,0,768,15.3,0,19.19062,73.02344
PHC-0412,Brazil - Sao Paulo,Insulin,1535,131.5,176,50.2,57.8,4,0.73,0,622,16.0,0,-23.33435,-47.36778
PHC-0412,Brazil - Sao Paulo,Amoxicillin,471,51.5,158,59.2,65.5,1,0.74,0,244,12.3,0,-23.33435,-47.36778
PHC-0412,Brazil - Sao Paulo,Azithromycin,126,23.3,73,54.8,96.5,3,0.88,0,119,6.1,1,-23.33435,-47.36778
PHC-0412,Brazil - Sao Paulo,ORS,759,246.0,573,83.6,87.2,10,1.38,1,4887,1.4,1,-23.33435,-47.36778
PHC-0412,Brazil - Sao Paulo,Paracetamol,3865,338.5,613,90.4,79.9,9,0.93,0,2997,12.3,0,-23.33435,-47.36778
PHC-0413,Russia - Moscow,Azithromycin,790,50.9,393,57.0,69.9,12,1.0,0,409,15.5,0,54.98693,37.62262
PHC-0413,Russia - Moscow,Amoxicillin,1176,162.4,259,80.1,87.0,3,0.72,1,1286,6.5,1,54.98693,37.62262
PHC-0413,Russia - Moscow,ORS,6341,307.7,495,69.6,99.7,12,0.83,0,2213,25.0,0,54.98693,37.62262
PHC-0413,Russia - Moscow,Insulin,2718,170.0,557,56.6,70.0,10,1.33,0,2061,12.1,0,54.98693,37.62262
PHC-0413,Russia - Moscow,Paracetamol,876,43.8,81,86.6,65.4,3,1.32,0,336,15.2,0,54.98693,37.62262
PHC-0414,South Africa - Cape Town,Amoxicillin,388,27.0,148,75.3,71.3,9,1.05,0,178,13.7,0,-33.92162,18.78594
PHC-0414,South Africa - Cape Town,Insulin,4404,300.0,603,94.2,84.9,13,0.9,0,2545,16.4,0,-33.92162,18.78594
PHC-0414,South Africa - Cape Town,Azithromycin,686,41.8,310,40.7,91.7,14,1.15,1,552,9.2,0,-33.92162,18.78594
PHC-0414,South Africa - Cape Town,Paracetamol,1066,77.6,593,91.4,65.5,10,0.76,0,553,18.1,0,-33.92162,18.78594
PHC-0414,South Africa - Cape Town,ORS,856,101.4,676,52.2,85.1,8,1.03,0,1043,8.2,0,-33.92162,18.78594
PHC-0415,Brazil - Rio de Janeiro,Insulin,5044,280.3,596,94.3,67.1,6,0.77,0,2040,23.3,0,-22.82903,-43.34513
PHC-0415,Brazil - Rio de Janeiro,ORS,818,36.4,138,84.3,77.2,8,1.02,0,230,22.1,0,-22.82903,-43.34513
PHC-0415,Brazil - Rio de Janeiro,Azithromycin,6600,293.2,592,64.1,62.1,8,0.83,0,2275,27.2,0,-22.82903,-43.34513
PHC-0415,Brazil - Rio de Janeiro,Amoxicillin,2639,125.8,203,87.1,59.3,14,1.19,0,1000,17.6,0,-22.82903,-43.34513
PHC-0415,Brazil - Rio de Janeiro,Paracetamol,5140,298.2,695,91.0,60.0,4,1.32,1,6193,8.4,0,-22.82903,-43.34513
PHC-0416,South Africa - Durban,Azithromycin,514,26.3,166,31.9,75.1,5,1.36,0,230,14.3,0,-29.68019,30.83523
PHC-0416,South Africa - Durban,Paracetamol,1292,129.5,343,37.3,71.1,13,0.94,0,928,10.7,0,-29.68019,30.83523
PHC-0416,South Africa - Durban,Insulin,162,38.1,285,73.7,76.8,13,0.91,0,251,4.7,1,-29.68019,30.83523
PHC-0416,South Africa - Durban,ORS,220,91.6,203,80.2,68.5,4,1.0,0,610,2.4,1,-29.68019,30.83523
PHC-0416,South Africa - Durban,Amoxicillin,3854,217.9,322,89.2,76.4,3,1.0,0,1640,17.6,0,-29.68019,30.83523
PHC-0417,Brazil - Rio de Janeiro,Insulin,805,86.2,668,69.5,98.0,4,0.82,0,705,11.3,0,-22.55485,-43.36522
PHC-0417,Brazil - Rio de Janeiro,ORS,2359,131.1,599,30.4,99.1,5,1.3,0,1607,13.9,0,-22.55485,-43.36522
PHC-0417,Brazil - Rio de Janeiro,Amoxicillin,5486,220.7,428,48.9,99.9,13,0.83,0,1504,30.1,0,-22.55485,-43.36522
PHC-0417,Brazil - Rio de Janeiro,Azithromycin,487,71.4,202,34.0,61.7,14,0.95,0,451,7.2,0,-22.55485,-43.36522
PHC-0417,Brazil - Rio de Janeiro,Paracetamol,99,43.0,68,87.2,81.0,8,1.23,0,303,1.9,1,-22.55485,-43.36522
PHC-0418,China - Shanghai,ORS,1799,111.6,617,84.4,67.4,11,1.14,0,1220,14.1,0,31.51199,121.70709
PHC-0418,China - Shanghai,Azithromycin,394,26.9,111,70.0,73.1,8,1.18,0,191,12.5,0,31.51199,121.70709
PHC-0418,China - Shanghai,Paracetamol,7411,361.3,584,65.8,63.8,13,1.21,0,4073,17.0,0,31.51199,121.70709
PHC-0418,China - Shanghai,Amoxicillin,142,10.0,64,76.6,73.9,8,0.99,0,57,14.3,0,31.51199,121.70709
PHC-0418,China - Shanghai,Insulin,892,40.8,102,91.1,97.9,5,0.77,0,187,28.4,0,31.51199,121.70709
PHC-0419,India - Goa,ORS,1769,73.4,156,46.3,91.2,7,1.2,0,558,20.1,0,15.83086,74.0745
PHC-0419,India - Goa,Paracetamol,2797,140.3,213,38.6,61.3,13,1.18,0,1115,16.9,0,15.83086,74.0745
PHC-0419,India - Goa,Insulin,289,136.2,366,79.1,79.3,2,0.75,0,803,2.8,1,15.83086,74.0745
PHC-0419,India - Goa,Azithromycin,290,22.0,134,64.0,70.3,1,1.14,0,155,11.6,0,15.83086,74.0745
PHC-0419,India - Goa,Amoxicillin,3999,216.8,637,69.4,62.2,9,1.18,0,2485,15.6,0,15.83086,74.0745
PHC-0420,India - Goa,Amoxicillin,991,52.2,137,91.1,99.5,13,1.11,0,360,17.1,0,15.52567,73.56319
PHC-0420,India - Goa,ORS,3513,162.9,538,57.1,92.0,4,0.74,0,1080,29.3,0,15.52567,73.56319
PHC-0420,India - Goa,Azithromycin,515,133.8,296,53.4,99.4,3,1.26,0,1231,3.1,1,15.52567,73.56319
PHC-0420,India - Goa,Insulin,1574,89.2,255,31.5,74.5,2,1.35,0,847,13.1,0,15.52567,73.56319
PHC-0420,India - Goa,Paracetamol,522,82.2,339,43.3,96.9,13,1.12,0,704,5.7,1,15.52567,73.56319
PHC-0421,Russia - Novosibirsk,Insulin,5918,334.7,551,38.1,94.0,11,0.88,1,4170,12.9,0,54.81182,83.11991
PHC-0421,Russia - Novosibirsk,Paracetamol,450,48.5,248,69.0,72.6,6,1.28,0,434,7.2,0,54.81182,83.11991
PHC-0421,Russia - Novosibirsk,Azithromycin,3992,198.5,432,90.6,72.8,3,1.35,0,2212,14.9,0,54.81182,83.11991
PHC-0421,Russia - Novosibirsk,Amoxicillin,4366,370.7,605,30.7,85.9,10,0.94,0,3304,12.5,0,54.81182,83.11991
PHC-0421,Russia - Novosibirsk,ORS,347,55.0,91,62.9,98.7,3,1.23,0,399,5.1,1,54.81182,83.11991
PHC-0422,India - Gujarat,Insulin,1042,65.3,346,43.2,61.7,2,1.31,0,655,12.2,0,22.68553,72.72313
PHC-0422,India - Gujarat,ORS,903,58.9,154,31.6,55.0,10,1.27,0,474,12.0,0,22.68553,72.72313
PHC-0422,India - Gujarat,Amoxicillin,353,25.9,77,39.2,79.6,1,1.07,0,160,12.8,0,22.68553,72.72313
PHC-0422,India - Gujarat,Paracetamol,4707,209.8,552,62.3,75.6,12,1.16,0,2216,19.4,0,22.68553,72.72313
PHC-0422,India - Gujarat,Azithromycin,1050,44.3,60,49.1,80.1,1,1.24,1,483,12.3,0,22.68553,72.72313
PHC-0423,India - Jammu & Kashmir,Paracetamol,1255,75.0,153,42.9,77.2,10,1.13,0,537,14.8,0,33.70858,76.61838
PHC-0423,India - Jammu & Kashmir,ORS,362,16.7,64,61.6,84.7,3,1.06,0,101,20.5,0,33.70858,76.61838
PHC-0423,India - Jammu & Kashmir,Azithromycin,506,77.2,432,30.9,92.4,8,1.16,0,744,5.6,1,33.70858,76.61838
PHC-0423,India - Jammu & Kashmir,Amoxicillin,11040,447.0,699,74.4,66.4,11,0.77,0,3495,32.0,0,33.70858,76.61838
PHC-0423,India - Jammu & Kashmir,Insulin,1238,137.9,291,78.9,75.2,11,0.9,0,905,10.0,0,33.70858,76.61838
PHC-0424,Brazil - Brasilia,ORS,2259,140.9,637,76.9,55.0,6,1.08,0,1471,14.9,0,-14.9342,-48.36206
PHC-0424,Brazil - Brasilia,Insulin,363,39.0,117,60.3,91.5,5,1.03,1,377,5.8,1,-14.9342,-48.36206
PHC-0424,Brazil - Brasilia,Amoxicillin,1697,116.0,207,81.8,95.0,6,1.06,0,823,13.8,0,-14.9342,-48.36206
PHC-0424,Brazil - Brasilia,Azithromycin,9075,364.0,514,40.6,55.2,14,1.01,0,3241,24.8,0,-14.9342,-48.36206
PHC-0424,Brazil - Brasilia,Paracetamol,3191,207.5,584,44.5,87.9,2,0.86,0,1668,17.9,0,-14.9342,-48.36206
PHC-0425,Brazil - Rio de Janeiro,Paracetamol,5839,399.6,612,33.8,87.1,7,0.83,0,3154,17.7,0,-22.84756,-43.02609
PHC-0425,Brazil - Rio de Janeiro,Insulin,470,173.2,406,48.5,57.3,7,0.99,0,1388,2.7,1,-22.84756,-43.02609
PHC-0425,Brazil - Rio de Janeiro,ORS,84,17.8,111,75.0,78.9,10,1.28,0,138,3.7,1,-22.84756,-43.02609
PHC-0425,Brazil - Rio de Janeiro,Azithromycin,2075,124.6,358,63.0,59.4,2,0.75,0,725,22.2,0,-22.84756,-43.02609
PHC-0425,Brazil - Rio de Janeiro,Amoxicillin,3288,374.4,691,51.4,64.4,5,1.39,0,5244,6.3,1,-22.84756,-43.02609
PHC-0426,India - Gujarat,Azithromycin,2979,260.0,465,87.2,88.6,4,1.07,0,2370,10.7,0,23.06142,72.72565
PHC-0426,India - Gujarat,Insulin,7109,334.8,503,33.5,86.4,12,1.19,1,5429,11.5,0,23.06142,72.72565
PHC-0426,India - Gujarat,Amoxicillin,2801,156.9,255,89.8,86.2,4,1.3,0,1432,13.8,0,23.06142,72.72565
PHC-0426,India - Gujarat,ORS,876,42.2,121,39.0,83.7,3,1.39,1,555,9.6,0,23.06142,72.72565
PHC-0426,India - Gujarat,Paracetamol,1643,351.2,567,63.9,78.9,10,1.25,0,4040,3.7,1,23.06142,72.72565
PHC-0427,India - Kerala,Amoxicillin,1162,84.9,130,83.2,87.4,7,0.89,0,464,15.4,0,9.02892,76.78024
PHC-0427,India - Kerala,Azithromycin,3138,173.9,655,39.9,89.0,13,0.86,0,1465,21.1,0,9.02892,76.78024
PHC-0427,India - Kerala,ORS,1912,143.7,579,89.8,85.6,8,1.39,0,1865,9.5,0,9.02892,76.78024
PHC-0427,India - Kerala,Paracetamol,6142,260.7,549,65.8,73.1,10,1.28,1,4718,11.8,0,9.02892,76.78024
PHC-0427,India - Kerala,Insulin,647,40.5,196,80.4,71.8,7,1.22,0,328,13.1,0,9.02892,76.78024
PHC-0428,India - Tamil Nadu,Amoxicillin,984,108.7,171,95.3,89.2,1,0.87,1,943,6.7,1,13.47628,80.04447
PHC-0428,India - Tamil Nadu,Azithromycin,2874,125.4,279,92.5,86.4,7,1.38,0,1251,16.5,0,13.47628,80.04447
PHC-0428,India - Tamil Nadu,ORS,675,67.7,489,71.0,68.7,4,1.11,0,649,9.0,0,13.47628,80.04447
PHC-0428,India - Tamil Nadu,Paracetamol,923,209.9,355,78.6,89.3,5,1.1,1,2763,2.6,1,13.47628,80.04447
PHC-0428,India - Tamil Nadu,Insulin,1692,96.0,677,46.1,73.4,14,1.14,0,1090,15.5,0,13.47628,80.04447
PHC-0429,India - Kerala,Azithromycin,456,32.2,241,78.7,59.9,2,1.0,0,223,14.2,0,8.14481,77.09926
PHC-0429,India - Kerala,Paracetamol,342,51.6,141,30.3,69.5,8,1.06,1,530,4.0,1,8.14481,77.09926
PHC-0429,India - Kerala,ORS,2788,185.5,419,74.1,69.8,4,0.77,1,1811,12.6,0,8.14481,77.09926
PHC-0429,India - Kerala,Insulin,414,26.9,68,32.0,57.1,14,0.75,0,116,20.4,0,8.14481,77.09926
PHC-0429,India - Kerala,Amoxicillin,280,127.8,541,31.6,73.2,4,1.08,0,1246,2.0,1,8.14481,77.09926
PHC-0430,India - Jammu & Kashmir,Paracetamol,881,49.4,75,62.4,67.4,4,0.8,0,227,22.4,0,34.28579,76.55293
PHC-0430,India - Jammu & Kashmir,Amoxicillin,878,287.4,582,40.8,67.6,12,0.88,0,2369,3.5,1,34.28579,76.55293
PHC-0430,India - Jammu & Kashmir,ORS,2218,119.6,177,91.9,93.8,6,1.34,1,1618,8.9,0,34.28579,76.55293
PHC-0430,India - Jammu & Kashmir,Insulin,784,135.1,536,72.7,85.6,5,0.76,0,926,7.6,0,34.28579,76.55293
PHC-0430,India - Jammu & Kashmir,Azithromycin,924,76.9,149,40.4,77.8,11,0.81,0,393,14.8,0,34.28579,76.55293
PHC-0431,Brazil - Rio de Janeiro,ORS,175,82.2,113,92.1,55.0,6,0.85,1,655,1.6,1,-23.29012,-43.25025
PHC-0431,Brazil - Rio de Janeiro,Amoxicillin,954,51.0,97,57.8,90.3,11,0.81,0,245,23.1,0,-23.29012,-43.25025
PHC-0431,Brazil - Rio de Janeiro,Azithromycin,8286,435.8,660,74.3,78.4,14,0.98,0,4201,19.5,0,-23.29012,-43.25025
PHC-0431,Brazil - Rio de Janeiro,Paracetamol,3650,182.0,462,33.7,91.6,10,1.27,0,1957,15.8,0,-23.29012,-43.25025
PHC-0431,Brazil - Rio de Janeiro,Insulin,1811,274.6,482,97.7,55.4,1,0.86,0,2038,7.7,0,-23.29012,-43.25025
PHC-0432,Russia - Moscow,ORS,147,35.6,134,88.9,66.0,9,1.33,0,292,3.1,1,55.19252,37.29049
PHC-0432,Russia - Moscow,Paracetamol,7049,295.3,590,81.4,85.7,9,1.01,0,2784,23.7,0,55.19252,37.29049
PHC-0432,Russia - Moscow,Amoxicillin,1159,69.5,97,83.1,56.7,6,1.3,0,534,12.9,0,55.19252,37.29049
PHC-0432,Russia - Moscow,Azithromycin,1753,77.7,535,74.9,75.6,11,0.91,0,638,24.7,0,55.19252,37.29049
PHC-0432,Russia - Moscow,Insulin,636,50.2,248,60.8,73.5,5,1.19,0,418,10.6,0,55.19252,37.29049
PHC-0433,South Africa - Cape Town,ORS,877,61.0,101,67.1,93.2,14,1.28,0,463,11.3,0,-33.45835,19.40322
PHC-0433,South Africa - Cape Town,Insulin,1076,52.6,79,38.5,74.6,9,1.06,0,324,19.3,0,-33.45835,19.40322
PHC-0433,South Africa - Cape Town,Amoxicillin,1627,184.0,438,52.9,93.6,10,1.31,0,1999,6.8,1,-33.45835,19.40322
PHC-0433,South Africa - Cape Town,Azithromycin,5568,418.3,581,36.6,91.0,13,1.14,0,4456,11.6,0,-33.45835,19.40322
PHC-0433,South Africa - Cape Town,Paracetamol,3790,165.7,497,70.3,56.6,14,1.3,0,1883,17.6,0,-33.45835,19.40322
PHC-0434,India - Uttar Pradesh,Amoxicillin,1355,139.2,641,66.8,60.9,1,1.09,0,1477,8.9,0,26.6447,81.45236
PHC-0434,India - Uttar Pradesh,Insulin,2012,81.0,113,85.2,57.4,4,1.21,0,592,20.5,0,26.6447,81.45236
PHC-0434,India - Uttar Pradesh,Paracetamol,3339,310.8,455,93.2,86.9,8,0.91,0,2387,11.8,0,26.6447,81.45236
PHC-0434,India - Uttar Pradesh,Azithromycin,888,241.9,592,37.0,98.5,12,0.87,1,3064,2.7,1,26.6447,81.45236
PHC-0434,India - Uttar Pradesh,ORS,542,50.1,162,82.8,74.6,10,0.75,0,241,14.4,0,26.6447,81.45236
PHC-0435,India - Sikkim,Azithromycin,1368,352.9,572,97.6,93.7,7,0.92,0,3013,4.2,1,27.27706,88.76141
PHC-0435,India - Sikkim,Insulin,425,81.5,151,91.6,75.3,10,1.26,0,649,4.1,1,27.27706,88.76141
PHC-0435,India - Sikkim,ORS,5646,420.6,578,34.1,92.6,5,0.86,0,3359,15.6,0,27.27706,88.76141
PHC-0435,India - Sikkim,Amoxicillin,1210,78.6,474,96.7,96.9,13,1.07,0,719,14.4,0,27.27706,88.76141
PHC-0435,India - Sikkim,Paracetamol,853,50.1,202,52.7,70.2,9,0.99,0,332,17.1,0,27.27706,88.76141
PHC-0436,India - Punjab,Amoxicillin,1258,193.9,493,95.7,56.2,14,1.04,0,1753,6.2,1,30.92167,75.88864
PHC-0436,India - Punjab,Insulin,1211,66.3,277,72.3,85.4,11,0.89,0,422,20.6,0,30.92167,75.88864
PHC-0436,India - Punjab,Paracetamol,2356,99.8,173,88.2,90.2,8,0.9,0,582,26.2,0,30.92167,75.88864
PHC-0436,India - Punjab,ORS,768,41.7,294,80.1,80.3,9,0.82,0,249,22.5,0,30.92167,75.88864
PHC-0436,India - Punjab,Azithromycin,2335,155.1,349,35.6,88.3,9,0.74,0,886,20.3,0,30.92167,75.88864
PHC-0437,India - Gujarat,Azithromycin,1123,413.0,659,33.9,90.2,13,0.7,0,2871,3.9,1,22.53066,72.02973
PHC-0437,India - Gujarat,Insulin,1870,74.9,152,41.7,98.1,2,1.31,1,957,12.3,0,22.53066,72.02973
PHC-0437,India - Gujarat,Paracetamol,6507,415.1,629,89.0,60.0,11,1.22,0,4885,12.9,0,22.53066,72.02973
PHC-0437,India - Gujarat,ORS,315,45.3,149,57.6,63.9,1,0.89,0,254,7.8,0,22.53066,72.02973
PHC-0437,India - Gujarat,Amoxicillin,433,57.4,280,51.6,75.2,9,0.73,1,466,6.7,1,22.53066,72.02973
PHC-0438,India - Tripura,ORS,1118,74.5,269,62.8,74.0,7,1.39,1,1143,7.0,1,24.05864,91.18315
PHC-0438,India - Tripura,Paracetamol,796,52.9,325,94.8,96.7,8,0.85,0,339,17.7,0,24.05864,91.18315
PHC-0438,India - Tripura,Insulin,5364,404.2,635,53.0,69.6,3,0.89,1,5422,9.6,0,24.05864,91.18315
PHC-0438,India - Tripura,Amoxicillin,868,47.4,173,73.2,87.2,6,1.28,0,390,14.4,0,24.05864,91.18315
PHC-0438,India - Tripura,Azithromycin,1031,56.5,372,93.5,69.9,1,1.25,0,553,14.6,0,24.05864,91.18315
PHC-0439,India - Jharkhand,Insulin,3263,149.3,264,55.2,86.1,12,0.88,0,938,24.7,0,23.36298,85.60823
PHC-0439,India - Jharkhand,Amoxicillin,60,21.3,98,75.7,94.4,4,0.92,0,116,3.1,1,23.36298,85.60823
PHC-0439,India - Jharkhand,Azithromycin,2170,256.2,674,69.0,95.9,1,1.05,0,2692,8.0,0,23.36298,85.60823
PHC-0439,India - Jharkhand,ORS,1305,130.9,606,37.7,74.8,10,1.32,0,1642,7.5,0,23.36298,85.60823
PHC-0439,India - Jharkhand,Paracetamol,1459,159.7,634,93.7,68.6,7,1.21,0,1875,7.5,0,23.36298,85.60823
PHC-0440,India - Chhattisgarh,Paracetamol,2214,137.6,610,69.9,83.0,11,0.9,0,1179,17.9,0,21.31313,81.40038
PHC-0440,India - Chhattisgarh,ORS,2120,308.3,644,58.1,58.0,13,1.03,0,3107,6.7,1,21.31313,81.40038
PHC-0440,India - Chhattisgarh,Azithromycin,3990,238.8,597,93.1,86.6,2,1.05,0,2368,15.9,0,21.31313,81.40038
PHC-0440,India - Chhattisgarh,Insulin,361,170.5,315,34.9,83.1,4,0.83,0,1061,2.5,1,21.31313,81.40038
PHC-0440,India - Chhattisgarh,Amoxicillin,856,77.7,485,71.7,87.1,9,1.27,0,853,8.7,0,21.31313,81.40038
PHC-0441,India - Jammu & Kashmir,Azithromycin,359,45.2,228,86.3,96.1,4,1.37,0,425,5.8,1,33.75652,77.13271
PHC-0441,India - Jammu & Kashmir,Paracetamol,3996,429.2,686,56.2,65.7,7,1.1,0,4748,8.5,0,33.75652,77.13271
PHC-0441,India - Jammu & Kashmir,Insulin,730,38.6,285,71.9,64.9,5,0.92,1,398,13.3,0,33.75652,77.13271
PHC-0441,India - Jammu & Kashmir,ORS,3873,231.7,468,94.9,70.3,9,0.9,0,1772,18.6,0,33.75652,77.13271
PHC-0441,India - Jammu & Kashmir,Amoxicillin,777,115.0,586,45.5,83.6,12,1.15,0,1236,5.9,1,33.75652,77.13271
PHC-0442,South Africa - Durban,Insulin,587,51.0,74,73.7,60.4,3,0.88,0,258,13.1,0,-29.67691,31.36078
PHC-0442,South Africa - Durban,Paracetamol,2581,172.5,285,68.7,93.6,8,1.0,1,1932,9.7,0,-29.67691,31.36078
PHC-0442,South Africa - Durban,Azithromycin,2163,108.6,332,30.8,62.7,6,0.75,0,617,26.6,0,-29.67691,31.36078
PHC-0442,South Africa - Durban,ORS,169,29.6,234,50.6,68.2,9,0.77,0,157,7.4,0,-29.67691,31.36078
PHC-0442,South Africa - Durban,Amoxicillin,1548,175.7,313,47.9,58.6,12,0.94,0,1235,9.3,0,-29.67691,31.36078
PHC-0443,India - Goa,Insulin,816,215.0,303,87.7,63.1,10,1.19,0,1888,3.2,1,15.88553,74.04493
PHC-0443,India - Goa,Azithromycin,1224,84.7,314,70.8,82.8,9,1.18,0,743,12.3,0,15.88553,74.04493
PHC-0443,India - Goa,ORS,2433,138.5,637,38.4,76.6,10,0.97,1,2023,11.7,0,15.88553,74.04493
PHC-0443,India - Goa,Paracetamol,2001,110.4,629,43.2,67.9,9,0.96,0,1029,18.8,0,15.88553,74.04493
PHC-0443,India - Goa,Amoxicillin,2551,430.5,613,34.1,92.3,14,0.9,0,3704,6.6,1,15.88553,74.04493
PHC-0444,India - Goa,ORS,6238,377.4,531,50.6,91.2,10,1.23,1,6459,8.7,0,15.69942,74.01188
PHC-0444,India - Goa,Insulin,1015,107.5,246,48.3,99.8,7,1.38,0,1037,6.8,1,15.69942,74.01188
PHC-0444,India - Goa,Amoxicillin,1076,49.9,145,73.2,87.3,14,1.2,0,376,17.9,0,15.69942,74.01188
PHC-0444,India - Goa,Azithromycin,901,41.8,114,42.5,64.0,12,1.2,0,304,17.9,0,15.69942,74.01188
PHC-0444,India - Goa,Paracetamol,491,149.2,509,64.5,94.4,13,1.38,0,1814,2.4,1,15.69942,74.01188
PHC-0445,Russia - Moscow,Amoxicillin,1927,125.3,343,83.3,65.8,8,0.77,0,739,19.9,0,55.99525,37.13547
PHC-0445,Russia - Moscow,Azithromycin,1671,316.4,607,73.8,60.2,14,0.91,0,2743,5.8,1,55.99525,37.13547
PHC-0445,Russia - Moscow,Insulin,260,61.3,190,51.0,84.1,7,0.9,0,364,4.7,1,55.99525,37.13547
PHC-0445,Russia - Moscow,ORS,2583,122.5,206,62.1,87.0,8,1.28,0,1052,16.4,0,55.99525,37.13547
PHC-0445,Russia - Moscow,Paracetamol,912,105.2,667,51.7,72.8,8,1.37,0,1425,6.3,1,55.99525,37.13547
PHC-0446,India - Karnataka,Paracetamol,656,211.4,637,59.3,65.8,14,1.27,0,2613,2.4,1,12.69189,78.04625
PHC-0446,India - Karnataka,ORS,234,10.0,63,32.9,97.2,12,0.75,0,43,31.1,0,12.69189,78.04625
PHC-0446,India - Karnataka,Insulin,819,289.8,586,72.2,82.8,12,1.09,0,2954,2.6,1,12.69189,78.04625
PHC-0446,India - Karnataka,Azithromycin,6994,500.6,670,36.2,61.0,14,1.2,1,9288,7.5,0,12.69189,78.04625
PHC-0446,India - Karnataka,Amoxicillin,320,31.6,174,56.2,99.8,7,1.18,0,242,8.6,0,12.69189,78.04625
PHC-0447,India - Tamil Nadu,ORS,3923,172.3,520,86.2,80.8,1,1.04,1,2468,14.1,0,13.60059,80.17491
PHC-0447,India - Tamil Nadu,Azithromycin,914,250.6,348,44.4,56.4,11,1.31,0,2519,2.8,1,13.60059,80.17491
PHC-0447,India - Tamil Nadu,Paracetamol,1461,60.9,83,45.3,84.1,3,1.17,0,415,20.5,0,13.60059,80.17491
PHC-0447,India - Tamil Nadu,Amoxicillin,3892,171.2,660,87.0,95.7,10,1.23,0,2079,18.5,0,13.60059,80.17491
PHC-0447,India - Tamil Nadu,Insulin,2775,294.1,519,78.3,70.1,6,0.82,0,2154,11.4,0,13.60059,80.17491
PHC-0448,India - Goa,Paracetamol,2723,179.0,338,59.6,79.1,11,0.74,0,1003,20.7,0,15.08671,73.74585
PHC-0448,India - Goa,ORS,1807,87.4,132,65.9,93.1,3,1.17,0,631,17.7,0,15.08671,73.74585
PHC-0448,India - Goa,Insulin,1399,475.3,636,46.7,81.9,11,0.99,0,4568,3.0,1,15.08671,73.74585
PHC-0448,India - Goa,Azithromycin,224,61.6,100,60.0,93.7,9,0.95,0,350,3.8,1,15.08671,73.74585
PHC-0448,India - Goa,Amoxicillin,672,53.0,203,57.1,87.2,1,1.13,1,619,7.2,0,15.08671,73.74585
PHC-0449,India - Madhya Pradesh,Amoxicillin,1045,185.3,547,77.1,67.6,5,0.82,0,1385,6.9,1,23.27765,77.80679
PHC-0449,India - Madhya Pradesh,Azithromycin,1462,78.5,271,61.4,73.2,11,0.95,0,534,19.6,0,23.27765,77.80679
PHC-0449,India - Madhya Pradesh,Insulin,481,110.5,164,95.2,59.8,5,0.95,0,674,4.6,1,23.27765,77.80679
PHC-0449,India - Madhya Pradesh,ORS,583,111.1,528,72.7,68.2,12,1.15,0,1144,4.6,1,23.27765,77.80679
PHC-0449,India - Madhya Pradesh,Paracetamol,969,338.4,519,91.1,98.9,2,1.17,1,5439,1.6,1,23.27765,77.80679
PHC-0450,India - Uttar Pradesh,Paracetamol,3352,256.4,500,76.0,75.2,7,0.73,0,1637,17.9,0,26.72356,81.07321
PHC-0450,India - Uttar Pradesh,Azithromycin,1078,113.9,337,40.4,99.4,14,0.86,0,746,11.0,0,26.72356,81.07321
PHC-0450,India - Uttar Pradesh,Amoxicillin,1409,76.2,471,73.2,85.6,1,0.86,1,870,13.8,0,26.72356,81.07321
PHC-0450,India - Uttar Pradesh,ORS,1245,215.6,295,57.5,70.1,8,1.23,0,1937,4.7,1,26.72356,81.07321
PHC-0450,India - Uttar Pradesh,Insulin,238,39.4,303,33.4,93.1,7,0.9,0,262,6.7,1,26.72356,81.07321
PHC-0451,India - Maharashtra,Paracetamol,4289,285.5,519,62.3,85.9,14,1.18,0,2994,12.7,0,19.23761,72.88109
PHC-0451,India - Maharashtra,Amoxicillin,2230,220.2,626,57.6,85.8,13,0.96,0,2043,10.5,0,19.23761,72.88109
PHC-0451,India - Maharashtra,ORS,722,132.7,347,88.2,70.1,1,1.37,0,1399,4.0,1,19.23761,72.88109
PHC-0451,India - Maharashtra,Insulin,3429,457.5,638,68.6,56.8,11,0.77,0,3425,9.7,0,19.23761,72.88109
PHC-0451,India - Maharashtra,Azithromycin,3209,406.3,631,80.9,65.1,10,0.7,0,2766,11.2,0,19.23761,72.88109
PHC-0452,India - Punjab,Amoxicillin,1347,376.6,593,80.1,83.6,8,1.04,0,3666,3.5,1,30.63757,75.76746
PHC-0452,India - Punjab,ORS,3070,274.4,652,88.6,93.1,13,1.21,0,3255,9.3,0,30.63757,75.76746
PHC-0452,India - Punjab,Insulin,3209,336.3,561,89.0,71.7,2,0.74,0,2277,12.9,0,30.63757,75.76746
PHC-0452,India - Punjab,Paracetamol,597,30.5,70,32.4,63.0,11,1.09,0,192,17.9,0,30.63757,75.76746
PHC-0452,India - Punjab,Azithromycin,5503,320.3,441,58.4,79.4,10,1.34,0,3576,12.8,0,30.63757,75.76746
PHC-0453,India - Haryana,Insulin,8756,385.6,571,37.9,92.3,11,0.78,0,2771,29.2,0,28.96545,76.69997
PHC-0453,India - Haryana,ORS,2433,247.8,583,76.5,84.7,10,1.11,0,2562,8.9,0,28.96545,76.69997
PHC-0453,India - Haryana,Azithromycin,262,73.3,196,66.5,87.6,10,0.91,0,441,3.9,1,28.96545,76.69997
PHC-0453,India - Haryana,Amoxicillin,1142,70.4,106,83.5,98.6,13,1.1,0,463,14.8,0,28.96545,76.69997
PHC-0453,India - Haryana,Paracetamol,5761,322.3,463,31.8,96.3,9,1.23,0,3360,14.6,0,28.96545,76.69997
PHC-0454,India - Himachal Pradesh,ORS,2945,270.5,445,89.1,94.6,1,1.28,0,2896,8.5,0,31.06554,77.08464
PHC-0454,India - Himachal Pradesh,Amoxicillin,1296,114.1,372,37.8,92.4,12,1.15,0,1033,9.9,0,31.06554,77.08464
PHC-0454,India - Himachal Pradesh,Azithromycin,1289,103.5,204,97.7,93.8,4,1.07,0,738,11.7,0,31.06554,77.08464
PHC-0454,India - Himachal Pradesh,Insulin,1569,95.1,517,79.4,57.4,3,0.84,0,709,19.6,0,31.06554,77.08464
PHC-0454,India - Himachal Pradesh,Paracetamol,3157,241.2,623,92.7,69.2,1,0.82,0,1896,16.0,0,31.06554,77.08464
PHC-0455,India - Punjab,Azithromycin,856,184.8,300,48.3,93.2,14,1.18,1,2495,2.5,1,30.58703,75.75792
PHC-0455,India - Punjab,ORS,1376,366.3,602,52.9,88.8,2,1.2,0,4152,3.1,1,30.58703,75.75792
PHC-0455,India - Punjab,Insulin,661,134.9,221,52.2,63.3,3,0.78,0,713,6.3,1,30.58703,75.75792
PHC-0455,India - Punjab,Paracetamol,583,32.5,71,33.9,83.5,1,0.93,0,174,19.2,0,30.58703,75.75792
PHC-0455,India - Punjab,Amoxicillin,3803,340.5,549,85.9,83.3,12,0.97,0,2988,11.6,0,30.58703,75.75792
PHC-0456,China - Beijing,ORS,1551,65.5,311,78.0,77.4,14,1.37,0,665,17.3,0,39.65995,116.8836
PHC-0456,China - Beijing,Insulin,882,115.7,459,92.0,64.7,9,0.72,0,707,10.5,0,39.65995,116.8836
PHC-0456,China - Beijing,Azithromycin,3979,169.1,469,58.5,95.0,7,1.12,0,1611,21.1,0,39.65995,116.8836
PHC-0456,China - Beijing,Paracetamol,1251,57.0,196,83.0,75.1,3,1.34,0,504,16.4,0,39.65995,116.8836
PHC-0456,China - Beijing,Amoxicillin,1809,88.8,177,85.0,59.1,2,0.86,0,494,23.8,0,39.65995,116.8836
PHC-0457,India - Telangana,Azithromycin,1095,319.6,653,56.0,90.7,3,1.32,0,4153,2.6,1,17.84096,78.5116
PHC-0457,India - Telangana,Paracetamol,2622,164.3,241,96.8,66.1,13,0.75,0,853,21.3,0,17.84096,78.5116
PHC-0457,India - Telangana,Insulin,679,207.7,614,34.4,59.1,7,0.83,1,2547,2.5,1,17.84096,78.5116
PHC-0457,India - Telangana,Amoxicillin,208,85.1,134,51.9,95.8,4,0.83,0,437,2.9,1,17.84096,78.5116
PHC-0457,India - Telangana,ORS,287,89.0,453,95.7,73.2,12,1.16,0,870,2.8,1,17.84096,78.5116
PHC-0458,India - Tamil Nadu,Paracetamol,4306,293.2,479,61.2,82.9,13,1.21,0,3058,12.1,0,13.09303,80.23892
PHC-0458,India - Tamil Nadu,ORS,3283,139.6,326,95.0,56.4,12,0.97,0,1019,24.3,0,13.09303,80.23892
PHC-0458,India - Tamil Nadu,Azithromycin,1433,273.1,428,72.3,97.4,8,1.4,0,3148,3.8,1,13.09303,80.23892
PHC-0458,India - Tamil Nadu,Amoxicillin,546,38.0,193,46.8,82.3,14,0.73,0,182,19.8,0,13.09303,80.23892
PHC-0458,India - Tamil Nadu,Insulin,4525,293.4,421,78.2,85.4,5,0.97,0,2344,15.8,0,13.09303,80.23892
PHC-0459,India - Chhattisgarh,Amoxicillin,9739,426.1,665,50.0,96.9,10,1.13,0,4751,20.3,0,21.85158,80.81814
PHC-0459,India - Chhattisgarh,Azithromycin,1371,66.2,245,74.2,91.0,11,1.3,0,599,15.9,0,21.85158,80.81814
PHC-0459,India - Chhattisgarh,Paracetamol,2642,119.0,387,72.6,95.1,1,0.97,0,918,22.9,0,21.85158,80.81814
PHC-0459,India - Chhattisgarh,Insulin,4077,381.7,636,31.5,94.6,13,1.25,0,4630,8.5,0,21.85158,80.81814
PHC-0459,India - Chhattisgarh,ORS,203,17.7,71,41.1,64.5,8,1.29,0,131,8.9,0,21.85158,80.81814
PHC-0460,Russia - Moscow,Paracetamol,3862,168.2,302,81.9,90.0,3,1.3,0,1614,17.6,0,55.04946,37.41989
PHC-0460,Russia - Moscow,Azithromycin,2360,204.1,358,34.8,86.8,8,1.21,0,1907,9.6,0,55.04946,37.41989
PHC-0460,Russia - Moscow,Amoxicillin,1886,99.7,651,95.9,68.9,14,1.34,0,1308,14.1,0,55.04946,37.41989
PHC-0460,Russia - Moscow,ORS,8465,496.7,689,63.7,85.4,11,0.99,0,4945,17.2,0,55.04946,37.41989
PHC-0460,Russia - Moscow,Insulin,3952,193.0,539,94.3,98.9,2,0.84,0,1471,24.2,0,55.04946,37.41989
PHC-0461,India - Tripura,Insulin,411,19.4,69,91.0,88.1,14,0.85,0,94,24.9,0,24.07154,91.44558
PHC-0461,India - Tripura,ORS,427,90.9,542,96.5,90.0,14,1.22,0,1005,3.8,1,24.07154,91.44558
PHC-0461,India - Tripura,Azithromycin,969,101.4,156,43.1,55.5,7,1.14,0,730,8.4,0,24.07154,91.44558
PHC-0461,India - Tripura,Amoxicillin,1042,189.9,636,95.3,98.4,13,1.18,1,3369,3.0,1,24.07154,91.44558
PHC-0461,India - Tripura,Paracetamol,1672,249.7,609,62.6,90.6,3,1.29,0,3068,5.2,1,24.07154,91.44558
PHC-0462,Russia - Moscow,Paracetamol,775,63.0,195,60.2,77.8,6,1.03,0,427,12.0,0,55.61551,37.96667
PHC-0462,Russia - Moscow,Insulin,405,38.4,249,90.2,90.6,1,0.78,0,209,13.6,0,55.61551,37.96667
PHC-0462,Russia - Moscow,Azithromycin,2550,141.3,334,97.8,59.3,9,1.06,0,1138,17.0,0,55.61551,37.96667
PHC-0462,Russia - Moscow,Amoxicillin,744,44.6,198,33.0,88.4,8,1.16,0,344,14.3,0,55.61551,37.96667
PHC-0462,Russia - Moscow,ORS,648,44.9,70,97.4,92.4,14,0.8,0,206,18.1,0,55.61551,37.96667
PHC-0463,India - Himachal Pradesh,Azithromycin,5060,251.5,596,54.4,56.2,2,0.91,0,2162,22.1,0,31.16442,77.50693
PHC-0463,India - Himachal Pradesh,Amoxicillin,1004,198.4,556,62.4,61.4,2,0.78,0,1408,6.5,1,31.16442,77.50693
PHC-0463,India - Himachal Pradesh,ORS,2186,139.9,643,33.0,56.5,3,1.0,0,1367,15.6,0,31.16442,77.50693
PHC-0463,India - Himachal Pradesh,Insulin,922,76.8,103,69.2,96.4,8,1.04,0,476,11.6,0,31.16442,77.50693
PHC-0463,India - Himachal Pradesh,Paracetamol,6529,278.4,534,30.0,95.5,8,1.05,0,2624,22.4,0,31.16442,77.50693
PHC-0464,Russia - Novosibirsk,Insulin,2964,341.2,509,48.9,70.1,9,0.86,0,2591,10.1,0,55.09543,82.73348
PHC-0464,Russia - Novosibirsk,Paracetamol,1763,131.7,196,53.7,82.5,14,1.13,0,984,11.9,0,55.09543,82.73348
PHC-0464,Russia - Novosibirsk,Amoxicillin,255,68.0,497,96.2,88.6,8,1.36,0,810,2.7,1,55.09543,82.73348
PHC-0464,Russia - Novosibirsk,ORS,3609,157.5,488,49.6,86.2,8,0.82,0,1123,27.8,0,55.09543,82.73348
PHC-0464,Russia - Novosibirsk,Azithromycin,5694,265.8,586,98.0,83.0,3,1.07,0,2668,20.0,0,55.09543,82.73348
PHC-0465,India - Bihar,ORS,262,25.0,101,94.0,83.7,1,1.06,0,157,9.9,0,25.63871,85.13047
PHC-0465,India - Bihar,Azithromycin,926,221.9,685,76.0,69.8,11,0.93,0,2068,4.5,1,25.63871,85.13047
PHC-0465,India - Bihar,Paracetamol,10340,481.4,687,97.4,98.4,4,0.92,0,4455,23.3,0,25.63871,85.13047
PHC-0465,India - Bihar,Insulin,1247,50.2,386,30.7,78.9,10,1.17,1,722,13.7,0,25.63871,85.13047
PHC-0465,India - Bihar,Amoxicillin,2828,317.5,640,70.2,88.7,10,1.06,0,3277,8.4,0,25.63871,85.13047
PHC-0466,India - Andhra Pradesh,Paracetamol,1580,67.1,150,41.1,68.5,9,1.3,0,551,18.1,0,17.02553,79.78219
PHC-0466,India - Andhra Pradesh,Amoxicillin,757,66.0,179,93.6,85.2,8,1.35,1,899,5.5,1,17.02553,79.78219
PHC-0466,India - Andhra Pradesh,Azithromycin,5276,308.6,612,87.1,84.7,8,0.78,1,3558,14.1,0,17.02553,79.78219
PHC-0466,India - Andhra Pradesh,Insulin,2288,194.4,291,62.3,86.0,10,1.24,0,1762,9.5,0,17.02553,79.78219
PHC-0466,India - Andhra Pradesh,ORS,3334,134.3,222,30.8,66.9,6,1.03,0,937,24.2,0,17.02553,79.78219
PHC-0467,India - Andhra Pradesh,Paracetamol,5300,408.3,551,84.3,67.9,6,1.28,0,4763,10.1,0,16.09453,80.51286
PHC-0467,India - Andhra Pradesh,Insulin,4592,259.7,487,60.1,89.8,4,0.91,0,2057,19.3,0,16.09453,80.51286
PHC-0467,India - Andhra Pradesh,ORS,571,105.8,455,39.7,99.9,14,0.81,0,725,6.6,1,16.09453,80.51286
PHC-0467,India - Andhra Pradesh,Amoxicillin,634,44.9,75,96.8,56.8,10,1.13,0,294,12.4,0,16.09453,80.51286
PHC-0467,India - Andhra Pradesh,Azithromycin,3223,219.0,319,46.8,59.0,5,0.77,1,1969,12.3,0,16.09453,80.51286
PHC-0468,India - Bihar,Amoxicillin,294,74.0,383,84.6,58.5,12,0.88,0,519,4.5,1,25.51089,84.60244
PHC-0468,India - Bihar,Paracetamol,5493,244.5,405,68.1,90.1,13,0.94,0,1860,23.9,0,25.51089,84.60244
PHC-0468,India - Bihar,Insulin,1795,72.3,150,61.9,82.9,10,1.06,0,482,23.5,0,25.51089,84.60244
PHC-0468,India - Bihar,ORS,2971,269.6,366,76.2,80.5,5,1.32,0,2786,8.3,0,25.51089,84.60244
PHC-0468,India - Bihar,Azithromycin,967,52.6,153,41.0,77.7,2,0.92,0,307,19.9,0,25.51089,84.60244
PHC-0469,India - Jammu & Kashmir,Paracetamol,6403,264.4,511,32.9,62.8,14,1.17,1,4247,13.3,0,33.47871,77.4401
PHC-0469,India - Jammu & Kashmir,Azithromycin,814,52.4,164,98.0,91.0,3,1.35,0,452,11.5,0,33.47871,77.4401
PHC-0469,India - Jammu & Kashmir,ORS,1442,297.1,676,78.2,82.1,13,1.04,0,3083,4.7,1,33.47871,77.4401
PHC-0469,India - Jammu & Kashmir,Amoxicillin,3740,360.5,566,93.1,71.6,11,0.78,0,2574,13.4,0,33.47871,77.4401
PHC-0469,India - Jammu & Kashmir,Insulin,1748,94.4,554,84.1,79.7,7,1.33,1,1769,9.0,0,33.47871,77.4401
PHC-0470,India - Assam,Amoxicillin,3174,183.1,332,71.2,62.1,6,0.9,0,1248,19.3,0,26.77061,91.59589
PHC-0470,India - Assam,Paracetamol,6414,381.0,693,75.7,77.6,12,0.73,0,2801,23.1,0,26.77061,91.59589
PHC-0470,India - Assam,Azithromycin,781,83.5,521,83.6,60.2,2,0.78,0,578,12.0,0,26.77061,91.59589
PHC-0470,India - Assam,ORS,291,125.2,506,48.8,99.8,4,0.94,0,1030,2.5,1,26.77061,91.59589
PHC-0470,India - Assam,Insulin,1090,73.3,277,57.2,95.4,7,1.35,0,711,11.0,0,26.77061,91.59589
PHC-0471,India - Chhattisgarh,ORS,2591,274.6,511,62.7,69.5,1,0.96,0,2316,9.9,0,20.84778,80.96215
PHC-0471,India - Chhattisgarh,Insulin,67,22.2,81,88.2,77.2,9,1.13,0,146,2.7,1,20.84778,80.96215
PHC-0471,India - Chhattisgarh,Amoxicillin,812,346.1,672,66.3,77.6,9,0.77,0,2642,3.1,1,20.84778,80.96215
PHC-0471,India - Chhattisgarh,Paracetamol,1495,73.0,473,88.8,65.8,4,1.18,0,738,17.3,0,20.84778,80.96215
PHC-0471,India - Chhattisgarh,Azithromycin,4576,226.2,548,56.7,70.8,11,1.29,0,2649,15.7,0,20.84778,80.96215
PHC-0472,India - Himachal Pradesh,Insulin,4008,243.0,678,91.7,74.8,9,1.09,0,2644,15.2,0,31.05909,76.82075
PHC-0472,India - Himachal Pradesh,ORS,6595,295.0,476,85.2,97.6,2,1.03,0,2601,21.8,0,31.05909,76.82075
PHC-0472,India - Himachal Pradesh,Paracetamol,7756,505.2,687,47.8,91.2,3,1.11,1,8748,8.9,0,31.05909,76.82075
PHC-0472,India - Himachal Pradesh,Azithromycin,4813,330.3,491,65.2,89.1,11,0.77,0,2219,18.8,0,31.05909,76.82075
PHC-0472,India - Himachal Pradesh,Amoxicillin,10400,433.7,622,34.2,67.1,14,1.33,0,5544,18.0,0,31.05909,76.82075
PHC-0473,India - Madhya Pradesh,Azithromycin,363,79.3,176,79.7,82.8,5,1.12,0,576,4.1,1,22.68993,77.14331
PHC-0473,India - Madhya Pradesh,Paracetamol,1645,69.2,429,58.3,77.3,5,0.96,1,852,15.9,0,22.68993,77.14331
PHC-0473,India - Madhya Pradesh,ORS,1274,79.7,442,63.0,90.7,12,1.4,0,930,11.4,0,22.68993,77.14331
PHC-0473,India - Madhya Pradesh,Insulin,2424,228.8,524,73.7,88.7,13,0.86,0,1753,12.3,0,22.68993,77.14331
PHC-0473,India - Madhya Pradesh,Amoxicillin,3432,154.0,601,39.8,91.5,2,0.96,0,1400,23.2,0,22.68993,77.14331
PHC-0474,Russia - Moscow,Amoxicillin,3445,173.3,298,83.7,88.3,6,0.86,0,1096,23.1,0,55.80202,37.73817
PHC-0474,Russia - Moscow,ORS,6225,321.7,686,70.7,96.6,14,1.31,0,4230,14.8,0,55.80202,37.73817
PHC-0474,Russia - Moscow,Paracetamol,1452,119.6,387,87.9,69.6,13,0.9,0,860,13.4,0,55.80202,37.73817
PHC-0474,Russia - Moscow,Insulin,576,31.8,157,65.8,73.5,14,1.22,0,247,14.8,0,55.80202,37.73817
PHC-0474,Russia - Moscow,Azithromycin,2932,118.9,202,85.1,58.0,12,1.25,0,987,19.8,0,55.80202,37.73817
PHC-0475,India - Rajasthan,Amoxicillin,2682,233.2,505,89.6,62.6,7,1.24,0,2540,9.3,0,26.44783,76.08914
PHC-0475,India - Rajasthan,Azithromycin,1229,222.1,483,43.3,78.9,7,0.86,0,1643,6.5,1,26.44783,76.08914
PHC-0475,India - Rajasthan,Paracetamol,430,42.0,270,88.4,67.5,9,1.2,0,361,8.5,0,26.44783,76.08914
PHC-0475,India - Rajasthan,Insulin,2172,163.3,405,68.7,71.4,14,1.21,0,1594,11.0,0,26.44783,76.08914
PHC-0475,India - Rajasthan,ORS,2287,137.6,576,90.6,57.9,3,1.3,0,1657,12.8,0,26.44783,76.08914
PHC-0476,India - Jharkhand,Amoxicillin,1152,100.6,230,79.3,68.2,11,1.31,0,904,8.7,0,23.07993,85.5515
PHC-0476,India - Jharkhand,ORS,510,64.0,139,97.0,74.6,5,1.33,1,819,3.9,1,23.07993,85.5515
PHC-0476,India - Jharkhand,Azithromycin,703,46.4,80,36.2,97.9,8,1.02,1,426,9.6,0,23.07993,85.5515
PHC-0476,India - Jharkhand,Paracetamol,1356,117.0,628,43.3,62.6,10,1.2,0,1355,9.7,0,23.07993,85.5515
PHC-0476,India - Jharkhand,Insulin,2847,214.6,532,50.4,58.9,14,1.11,0,2141,11.9,0,23.07993,85.5515
PHC-0477,India - Kerala,Paracetamol,1805,91.6,338,30.8,67.1,5,1.07,0,748,18.4,0,8.03826,76.82933
PHC-0477,India - Kerala,Insulin,8406,435.9,669,65.0,74.3,14,0.73,0,3141,26.6,0,8.03826,76.82933
PHC-0477,India - Kerala,Amoxicillin,1429,89.6,278,81.3,78.5,7,0.8,1,804,12.8,0,8.03826,76.82933
PHC-0477,India - Kerala,Azithromycin,3969,326.0,446,94.4,96.2,2,0.98,0,2686,12.4,0,8.03826,76.82933
PHC-0477,India - Kerala,ORS,414,40.6,236,71.5,55.4,2,1.06,1,461,6.2,1,8.03826,76.82933
PHC-0478,India - Jammu & Kashmir,Insulin,4008,160.6,229,46.5,64.5,4,0.97,0,1066,25.8,0,33.90788,76.79454
PHC-0478,India - Jammu & Kashmir,ORS,1251,106.3,499,46.0,93.0,2,1.23,0,1140,9.6,0,33.90788,76.79454
PHC-0478,India - Jammu & Kashmir,Paracetamol,1876,322.4,501,90.3,57.2,7,1.35,0,3801,4.3,1,33.90788,76.79454
PHC-0478,India - Jammu & Kashmir,Azithromycin,602,29.0,221,69.7,55.9,12,1.24,0,245,16.7,0,33.90788,76.79454
PHC-0478,India - Jammu & Kashmir,Amoxicillin,1140,58.6,178,88.0,75.9,8,1.23,1,726,10.2,0,33.90788,76.79454
PHC-0479,China - Beijing,Insulin,3358,163.3,594,71.5,83.5,7,0.78,0,1194,26.5,0,40.43612,116.75263
PHC-0479,China - Beijing,Azithromycin,2898,123.7,268,66.5,64.7,12,1.19,0,1048,19.7,0,40.43612,116.75263
PHC-0479,China - Beijing,ORS,1926,279.6,502,47.3,56.4,1,1.14,0,2792,6.0,1,40.43612,116.75263
PHC-0479,China - Beijing,Paracetamol,2515,128.8,208,57.9,58.1,4,0.9,0,774,21.8,0,40.43612,116.75263
PHC-0479,China - Beijing,Amoxicillin,560,147.4,232,64.9,67.0,14,0.72,0,732,5.3,1,40.43612,116.75263
PHC-0480,China - Shenzhen,Insulin,1854,176.4,394,63.9,73.8,7,1.38,0,1943,7.6,0,22.45017,114.31254
PHC-0480,China - Shenzhen,Amoxicillin,605,56.9,235,67.2,89.2,9,1.38,0,543,7.7,0,22.45017,114.31254
PHC-0480,China - Shenzhen,ORS,2652,373.7,604,64.5,93.1,4,0.98,0,3480,7.2,0,22.45017,114.31254
PHC-0480,China - Shenzhen,Paracetamol,617,25.0,161,42.2,70.1,2,1.05,0,168,23.4,0,22.45017,114.31254
PHC-0480,China - Shenzhen,Azithromycin,1085,81.3,333,59.8,90.9,2,0.92,1,877,9.4,0,22.45017,114.31254
PHC-0481,India - Karnataka,ORS,2224,104.1,282,35.9,68.3,5,1.07,0,806,19.9,0,13.65617,77.1602
PHC-0481,India - Karnataka,Paracetamol,5191,215.1,502,37.9,90.1,8,0.79,0,1487,30.6,0,13.65617,77.1602
PHC-0481,India - Karnataka,Amoxicillin,1642,113.3,395,89.8,76.2,8,0.7,0,640,20.6,0,13.65617,77.1602
PHC-0481,India - Karnataka,Azithromycin,1833,163.0,298,46.5,87.2,9,0.91,0,1092,12.3,0,13.65617,77.1602
PHC-0481,India - Karnataka,Insulin,2548,105.3,229,70.3,64.4,6,1.28,0,925,18.9,0,13.65617,77.1602
PHC-0482,India - West Bengal,Amoxicillin,1598,74.1,512,79.0,70.0,13,1.04,0,683,20.7,0,22.24571,88.87972
PHC-0482,India - West Bengal,Paracetamol,1247,105.2,172,73.9,63.4,14,1.0,0,677,11.9,0,22.24571,88.87972
PHC-0482,India - West Bengal,ORS,5077,369.9,603,55.8,88.4,9,0.77,1,4158,11.6,0,22.24571,88.87972
PHC-0482,India - West Bengal,Insulin,7957,356.2,528,64.8,77.4,14,1.27,0,4060,17.5,0,22.24571,88.87972
PHC-0482,India - West Bengal,Azithromycin,3720,167.4,679,66.8,92.9,12,1.05,0,1750,21.3,0,22.24571,88.87972
PHC-0483,China - Shenzhen,Azithromycin,4323,265.6,526,32.5,56.2,9,1.33,0,3148,12.3,0,22.07711,113.87983
PHC-0483,China - Shenzhen,Amoxicillin,288,50.3,301,84.9,87.5,2,1.15,0,424,5.0,1,22.07711,113.87983
PHC-0483,China - Shenzhen,Insulin,895,95.1,288,58.9,99.5,13,1.09,0,752,8.6,0,22.07711,113.87983
PHC-0483,China - Shenzhen,ORS,1228,108.4,467,73.6,99.5,12,0.81,0,746,14.0,0,22.07711,113.87983
PHC-0483,China - Shenzhen,Paracetamol,5869,364.1,631,47.5,63.4,13,0.96,0,3386,16.8,0,22.07711,113.87983
PHC-0484,India - Haryana,Amoxicillin,2346,407.2,674,39.9,72.2,5,0.83,0,3371,6.9,1,29.20708,76.04416
PHC-0484,India - Haryana,ORS,1529,463.4,690,68.5,80.3,5,1.07,0,5006,3.1,1,29.20708,76.04416
PHC-0484,India - Haryana,Paracetamol,1334,97.0,647,95.8,73.4,1,1.03,1,1515,8.6,0,29.20708,76.04416
PHC-0484,India - Haryana,Insulin,1655,121.6,201,91.1,81.2,11,1.16,0,939,11.7,0,29.20708,76.04416
PHC-0484,India - Haryana,Azithromycin,2191,88.6,123,69.9,65.0,6,1.24,0,673,19.9,0,29.20708,76.04416
PHC-0485,India - Tripura,Azithromycin,7889,361.9,623,37.4,66.1,2,0.97,0,3389,22.4,0,23.59403,91.03068
PHC-0485,India - Tripura,Amoxicillin,264,33.4,162,61.8,56.8,7,1.14,0,244,6.9,1,23.59403,91.03068
PHC-0485,India - Tripura,Paracetamol,1046,47.8,82,40.7,82.1,11,1.25,0,347,17.6,0,23.59403,91.03068
PHC-0485,India - Tripura,Insulin,1467,92.1,505,63.8,96.8,2,1.28,0,1038,12.4,0,23.59403,91.03068
PHC-0485,India - Tripura,ORS,501,121.6,218,35.3,91.7,14,0.95,1,1216,2.8,1,23.59403,91.03068
PHC-0486,China - Beijing,ORS,1273,118.1,647,74.0,96.3,13,0.87,0,1001,12.4,0,39.59217,117.19857
PHC-0486,China - Beijing,Amoxicillin,726,147.1,249,98.0,59.2,3,1.18,0,1214,4.2,1,39.59217,117.19857
PHC-0486,China - Beijing,Paracetamol,2089,133.0,474,72.9,87.4,4,1.11,0,1260,14.2,0,39.59217,117.19857
PHC-0486,China - Beijing,Insulin,1178,78.5,349,92.6,96.1,13,0.82,0,494,18.3,0,39.59217,117.19857
PHC-0486,China - Beijing,Azithromycin,2570,136.6,411,65.5,67.0,9,0.99,0,1097,19.0,0,39.59217,117.19857
PHC-0487,India - Karnataka,Amoxicillin,6908,310.7,519,95.4,78.8,9,1.32,0,3633,16.9,0,13.28037,77.41882
PHC-0487,India - Karnataka,Insulin,4054,206.0,448,82.6,67.8,8,1.32,1,3535,9.6,0,13.28037,77.41882
PHC-0487,India - Karnataka,Paracetamol,5973,241.7,592,83.4,84.4,14,1.0,0,2277,24.6,0,13.28037,77.41882
PHC-0487,India - Karnataka,Azithromycin,2767,111.0,227,47.0,83.9,11,0.92,0,702,27.0,0,13.28037,77.41882
PHC-0487,India - Karnataka,ORS,1207,113.1,342,33.9,56.8,5,1.21,0,1044,8.8,0,13.28037,77.41882
PHC-0488,India - Madhya Pradesh,Paracetamol,651,58.8,123,66.2,60.1,14,1.19,1,664,6.0,1,23.18492,77.16026
PHC-0488,India - Madhya Pradesh,Insulin,896,54.5,252,40.3,60.7,2,1.17,0,447,14.1,0,23.18492,77.16026
PHC-0488,India - Madhya Pradesh,Amoxicillin,1149,259.9,407,52.6,88.2,4,1.13,0,2378,3.9,1,23.18492,77.16026
PHC-0488,India - Madhya Pradesh,Azithromycin,7554,341.7,648,68.7,73.1,10,1.24,0,4134,17.9,0,23.18492,77.16026
PHC-0488,India - Madhya Pradesh,ORS,2351,180.2,608,80.3,83.2,11,0.76,0,1302,17.2,0,23.18492,77.16026
PHC-0489,Brazil - Rio de Janeiro,Insulin,508,137.6,321,88.8,79.2,6,0.99,0,1023,3.7,1,-23.3823,-43.80372
PHC-0489,Brazil - Rio de Janeiro,Amoxicillin,3839,296.7,664,53.5,84.6,1,0.99,0,2901,13.1,0,-23.3823,-43.80372
PHC-0489,Brazil - Rio de Janeiro,ORS,351,31.4,90,88.9,71.1,13,1.01,0,186,11.1,0,-23.3823,-43.80372
PHC-0489,Brazil - Rio de Janeiro,Azithromycin,2607,203.3,287,62.6,56.9,9,0.84,0,1237,15.3,0,-23.3823,-43.80372
PHC-0489,Brazil - Rio de Janeiro,Paracetamol,1365,160.3,395,31.4,76.4,3,1.15,0,1480,7.4,0,-23.3823,-43.80372
PHC-0490,India - Haryana,Insulin,1793,153.8,409,87.9,78.9,13,0.78,0,976,14.9,0,28.27258,75.66162
PHC-0490,India - Haryana,Paracetamol,3926,247.8,405,50.4,62.3,2,0.79,0,1576,20.1,0,28.27258,75.66162
PHC-0490,India - Haryana,Amoxicillin,1807,91.4,201,49.3,81.4,13,1.01,0,612,19.6,0,28.27258,75.66162
PHC-0490,India - Haryana,Azithromycin,826,258.8,396,62.4,94.3,7,1.25,0,2601,2.5,1,28.27258,75.66162
PHC-0490,India - Haryana,ORS,2487,450.3,688,48.8,60.6,3,1.02,0,4630,5.4,1,28.27258,75.66162
PHC-0491,India - West Bengal,Amoxicillin,915,143.6,623,69.2,87.4,9,0.84,0,1164,7.6,0,22.55445,88.8117
PHC-0491,India - West Bengal,Paracetamol,442,62.2,157,39.6,69.4,5,1.31,0,517,5.4,1,22.55445,88.8117
PHC-0491,India - West Bengal,Azithromycin,1335,100.1,571,48.9,92.1,2,1.04,0,963,12.8,0,22.55445,88.8117
PHC-0491,India - West Bengal,Insulin,5774,293.9,402,79.8,97.3,2,1.03,0,2439,19.1,0,22.55445,88.8117
PHC-0491,India - West Bengal,ORS,7407,340.2,537,63.2,88.0,7,0.87,0,2676,24.9,0,22.55445,88.8117
PHC-0492,China - Beijing,Azithromycin,1323,208.2,465,46.4,86.2,8,1.3,0,2296,4.9,1,40.04384,116.6739
PHC-0492,China - Beijing,Paracetamol,5460,263.2,427,69.6,70.8,12,1.24,0,2689,16.7,0,40.04384,116.6739
PHC-0492,China - Beijing,Insulin,2653,211.8,567,64.4,95.4,4,0.99,0,1929,12.7,0,40.04384,116.6739
PHC-0492,China - Beijing,ORS,295,130.8,480,87.8,98.0,14,1.18,0,1326,1.9,1,40.04384,116.6739
PHC-0492,China - Beijing,Amoxicillin,9680,432.9,672,37.0,94.1,8,1.13,0,4878,19.8,0,40.04384,116.6739
PHC-0493,India - Telangana,Paracetamol,211,10.4,86,62.8,96.6,11,1.06,0,65,19.0,0,17.57338,78.74505
PHC-0493,India - Telangana,Azithromycin,2773,116.5,260,63.7,95.2,9,0.73,0,597,32.8,0,17.57338,78.74505
PHC-0493,India - Telangana,ORS,5338,405.7,591,62.1,91.5,13,0.93,1,5517,9.1,0,17.57338,78.74505
PHC-0493,India - Telangana,Insulin,1055,53.4,320,57.5,71.0,4,0.92,1,573,13.8,0,17.57338,78.74505
PHC-0493,India - Telangana,Amoxicillin,4389,443.2,595,58.1,64.5,9,1.0,0,4178,9.9,0,17.57338,78.74505
PHC-0494,India - Himachal Pradesh,Paracetamol,2359,167.1,417,82.7,91.2,8,1.29,0,1756,11.0,0,30.89817,77.36584
PHC-0494,India - Himachal Pradesh,Insulin,7264,307.0,477,66.9,77.2,7,1.24,1,5048,12.4,0,30.89817,77.36584
PHC-0494,India - Himachal Pradesh,Azithromycin,987,46.6,208,78.3,61.5,6,0.93,0,289,22.9,0,30.89817,77.36584
PHC-0494,India - Himachal Pradesh,Amoxicillin,1851,331.6,542,44.7,88.5,11,0.78,0,2343,7.1,0,30.89817,77.36584
PHC-0494,India - Himachal Pradesh,ORS,4679,230.3,690,33.8,90.0,8,1.15,0,2675,17.6,0,30.89817,77.36584
PHC-0495,China - Shenzhen,Amoxicillin,155,10.5,75,41.4,73.4,14,0.8,0,49,18.3,0,22.34766,113.65703
PHC-0495,China - Shenzhen,ORS,1139,61.4,491,60.8,57.1,1,1.36,0,724,13.7,0,22.34766,113.65703
PHC-0495,China - Shenzhen,Azithromycin,1308,98.7,249,68.8,93.6,4,1.11,1,1191,7.7,0,22.34766,113.65703
PHC-0495,China - Shenzhen,Insulin,7375,502.9,677,76.1,88.2,11,1.23,0,6170,11.9,0,22.34766,113.65703
PHC-0495,China - Shenzhen,Paracetamol,1014,123.0,467,91.6,87.5,2,0.8,0,839,10.3,0,22.34766,113.65703
PHC-0496,Russia - Novosibirsk,Azithromycin,1233,72.0,100,89.0,71.1,6,0.85,0,363,20.2,0,54.58556,82.96028
PHC-0496,Russia - Novosibirsk,ORS,8056,416.1,641,50.7,77.4,2,1.26,1,7909,9.9,0,54.58556,82.96028
PHC-0496,Russia - Novosibirsk,Amoxicillin,2231,344.7,558,91.4,85.9,5,0.81,0,2546,8.0,0,54.58556,82.96028
PHC-0496,Russia - Novosibirsk,Insulin,2270,228.6,389,80.3,92.2,11,0.94,0,1719,10.5,0,54.58556,82.96028
PHC-0496,Russia - Novosibirsk,Paracetamol,2799,222.3,435,89.8,61.1,13,1.27,0,2337,9.9,0,54.58556,82.96028
PHC-0497,Russia - Saint Petersburg,Azithromycin,6095,298.6,421,38.6,63.4,13,1.23,1,4658,10.7,0,59.65262,30.3193
PHC-0497,Russia - Saint Petersburg,Amoxicillin,579,104.2,254,62.5,83.9,4,0.71,0,522,7.8,0,59.65262,30.3193
PHC-0497,Russia - Saint Petersburg,ORS,717,31.7,78,39.2,57.3,9,1.05,0,192,21.6,0,59.65262,30.3193
PHC-0497,Russia - Saint Petersburg,Insulin,751,95.8,132,48.4,91.5,4,1.35,0,796,5.8,1,59.65262,30.3193
PHC-0497,Russia - Saint Petersburg,Paracetamol,1397,195.3,568,64.7,85.7,1,0.97,0,1757,7.3,0,59.65262,30.3193
PHC-0498,India - Tamil Nadu,Amoxicillin,210,92.0,428,67.8,82.0,1,1.07,0,813,2.1,1,13.27969,80.48637
PHC-0498,India - Tamil Nadu,Paracetamol,2625,125.0,516,96.7,79.3,8,0.96,0,1065,21.8,0,13.27969,80.48637
PHC-0498,India - Tamil Nadu,Insulin,4260,180.4,560,42.7,60.0,3,1.08,0,1790,21.8,0,13.27969,80.48637
PHC-0498,India - Tamil Nadu,Azithromycin,1658,89.2,399,46.5,97.7,9,0.86,0,617,21.6,0,13.27969,80.48637
PHC-0498,India - Tamil Nadu,ORS,1521,92.4,373,45.6,74.3,8,0.83,0,600,19.9,0,13.27969,80.48637
PHC-0499,South Africa - Durban,Insulin,189,48.4,215,31.8,65.2,11,1.04,0,339,3.8,1,-29.40306,30.66955
PHC-0499,South Africa - Durban,Azithromycin,917,241.5,390,40.8,56.2,14,0.8,0,1535,4.8,1,-29.40306,30.66955
PHC-0499,South Africa - Durban,Amoxicillin,83,17.5,111,75.5,55.9,2,1.38,0,145,3.4,1,-29.40306,30.66955
PHC-0499,South Africa - Durban,ORS,3498,251.5,600,58.6,76.9,5,0.94,0,2229,14.8,0,-29.40306,30.66955
PHC-0499,South Africa - Durban,Paracetamol,2508,154.8,285,75.5,97.3,1,1.03,1,1793,10.1,0,-29.40306,30.66955
PHC-0500,India - Haryana,Insulin,1072,299.6,679,46.1,90.7,4,1.02,0,3070,3.5,1,29.64926,75.89416
PHC-0500,India - Haryana,ORS,5069,211.2,302,73.6,63.3,1,0.96,0,1489,25.1,0,29.64926,75.89416
PHC-0500,India - Haryana,Paracetamol,1571,78.8,172,54.5,94.1,11,1.0,0,509,19.9,0,29.64926,75.89416
PHC-0500,India - Haryana,Azithromycin,6583,291.8,592,61.1,96.9,7,0.98,0,2674,23.1,0,29.64926,75.89416
PHC-0500,India - Haryana,Amoxicillin,654,30.4,228,35.4,70.0,5,0.88,0,182,24.6,0,29.64926,75.89416
PHC-0501,India - Telangana,Amoxicillin,392,82.8,118,94.7,91.6,4,1.2,0,603,3.9,1,17.4138,78.34575
PHC-0501,India - Telangana,Azithromycin,1561,144.9,473,42.3,88.6,5,1.03,1,1986,6.7,1,17.4138,78.34575
PHC-0501,India - Telangana,Insulin,833,118.5,543,57.9,60.3,13,1.18,0,1268,5.9,1,17.4138,78.34575
PHC-0501,India - Telangana,Paracetamol,6153,287.6,691,71.2,99.7,11,1.27,0,3687,16.8,0,17.4138,78.34575
PHC-0501,India - Telangana,ORS,1530,169.5,263,58.5,75.8,2,0.93,0,1120,9.7,0,17.4138,78.34575
PHC-0502,India - Telangana,Insulin,3869,192.7,516,69.2,67.9,12,1.38,1,3659,9.4,0,16.75731,78.42995
PHC-0502,India - Telangana,Paracetamol,1248,329.6,508,93.2,83.1,2,0.82,0,2370,4.6,1,16.75731,78.42995
PHC-0502,India - Telangana,Azithromycin,2139,105.1,667,83.6,76.7,8,1.21,0,1263,16.8,0,16.75731,78.42995
PHC-0502,India - Telangana,Amoxicillin,2683,367.3,675,60.6,96.9,5,1.28,0,4685,5.7,1,16.75731,78.42995
PHC-0502,India - Telangana,ORS,2136,97.7,144,36.0,76.0,9,0.83,0,510,26.2,0,16.75731,78.42995
PHC-0503,Russia - Moscow,ORS,887,160.6,416,43.2,59.6,6,1.38,0,1813,4.0,1,56.08855,38.14088
PHC-0503,Russia - Moscow,Amoxicillin,340,23.7,74,89.3,97.1,11,0.87,1,184,10.7,0,56.08855,38.14088
PHC-0503,Russia - Moscow,Paracetamol,674,286.5,457,66.4,87.7,4,1.29,0,3117,1.8,1,56.08855,38.14088
PHC-0503,Russia - Moscow,Insulin,1826,193.3,294,45.9,55.1,5,0.87,0,1222,10.9,0,56.08855,38.14088
PHC-0503,Russia - Moscow,Azithromycin,271,17.5,83,38.6,86.7,10,0.9,0,92,17.2,0,56.08855,38.14088
PHC-0504,India - Goa,Azithromycin,2924,128.0,253,31.9,56.5,14,0.75,0,676,30.4,0,15.21108,73.93569
PHC-0504,India - Goa,ORS,508,32.8,142,95.1,80.5,2,1.21,0,249,12.8,0,15.21108,73.93569
PHC-0504,India - Goa,Amoxicillin,185,21.7,140,60.9,65.2,13,1.16,0,158,7.3,0,15.21108,73.93569
PHC-0504,India - Goa,Insulin,131,35.4,282,30.0,95.7,3,1.14,0,290,3.3,1,15.21108,73.93569
PHC-0504,India - Goa,Paracetamol,3292,159.4,251,93.1,62.2,2,1.07,0,1190,19.4,0,15.21108,73.93569
PHC-0505,India - Karnataka,Azithromycin,532,24.9,94,42.6,90.6,11,0.79,0,117,26.9,0,12.75003,77.86107
PHC-0505,India - Karnataka,ORS,1755,230.3,634,53.4,68.3,11,1.14,0,2551,6.7,1,12.75003,77.86107
PHC-0505,India - Karnataka,Insulin,696,83.2,276,42.0,87.3,1,0.72,1,663,7.5,0,12.75003,77.86107
PHC-0505,India - Karnataka,Amoxicillin,4701,216.1,578,72.0,80.7,11,0.92,0,1846,23.7,0,12.75003,77.86107
PHC-0505,India - Karnataka,Paracetamol,842,180.3,400,60.3,82.7,2,0.81,0,1174,5.8,1,12.75003,77.86107
PHC-0506,India - Chhattisgarh,Azithromycin,4863,319.2,573,87.1,84.7,14,1.27,0,3748,12.0,0,21.23651,82.23888
PHC-0506,India - Chhattisgarh,Insulin,2761,341.2,665,32.8,59.7,13,1.06,1,5546,4.9,1,21.23651,82.23888
PHC-0506,India - Chhattisgarh,Amoxicillin,6683,387.0,636,91.4,88.1,11,0.88,0,3308,19.6,0,21.23651,82.23888
PHC-0506,India - Chhattisgarh,ORS,654,91.9,410,49.4,62.8,6,0.85,1,986,5.4,1,21.23651,82.23888
PHC-0506,India - Chhattisgarh,Paracetamol,1511,434.2,677,96.8,89.4,5,1.33,0,5789,2.6,1,21.23651,82.23888
PHC-0507,India - Goa,Amoxicillin,1446,65.4,457,37.5,87.4,1,0.84,0,464,26.3,0,15.83977,73.86409
PHC-0507,India - Goa,Insulin,1947,92.6,216,89.5,65.0,5,0.94,0,587,22.4,0,15.83977,73.86409
PHC-0507,India - Goa,ORS,1587,121.8,629,83.7,70.1,2,0.75,1,1364,11.2,0,15.83977,73.86409
PHC-0507,India - Goa,Paracetamol,6194,350.3,660,93.5,84.0,14,1.25,0,4328,14.1,0,15.83977,73.86409
PHC-0507,India - Goa,Azithromycin,3990,224.9,349,49.7,83.0,4,1.27,0,2200,14.0,0,15.83977,73.86409
PHC-0508,India - Uttar Pradesh,Insulin,2288,129.6,193,61.4,85.5,13,0.92,0,791,19.1,0,27.12852,80.79349
PHC-0508,India - Uttar Pradesh,Azithromycin,2654,231.3,500,54.0,69.9,8,0.86,0,1735,13.4,0,27.12852,80.79349
PHC-0508,India - Uttar Pradesh,ORS,1115,309.6,450,86.9,65.9,2,1.3,0,3374,2.8,1,27.12852,80.79349
PHC-0508,India - Uttar Pradesh,Amoxicillin,2665,147.0,220,40.3,79.7,13,0.94,1,1451,12.5,0,27.12852,80.79349
PHC-0508,India - Uttar Pradesh,Paracetamol,2474,141.8,446,53.0,85.5,13,1.13,0,1341,15.4,0,27.12852,80.79349
PHC-0509,Russia - Moscow,ORS,154,42.8,111,70.6,95.0,4,0.78,0,202,4.6,1,55.70958,37.31738
PHC-0509,Russia - Moscow,Amoxicillin,261,31.2,105,73.4,73.5,7,1.29,0,241,6.5,1,55.70958,37.31738
PHC-0509,Russia - Moscow,Paracetamol,1444,183.1,494,62.1,87.4,9,1.37,0,2180,5.8,1,55.70958,37.31738
PHC-0509,Russia - Moscow,Insulin,680,171.3,329,86.4,67.4,8,1.31,0,1698,3.0,1,55.70958,37.31738
PHC-0509,Russia - Moscow,Azithromycin,1891,336.8,575,79.0,91.4,3,1.1,0,3445,5.1,1,55.70958,37.31738
PHC-0510,Russia - Moscow,ORS,1723,87.3,146,77.4,67.2,6,1.03,0,563,19.2,0,55.98173,37.83759
PHC-0510,Russia - Moscow,Paracetamol,910,41.5,66,45.7,88.7,12,1.31,0,311,16.7,0,55.98173,37.83759
PHC-0510,Russia - Moscow,Azithromycin,713,44.8,240,58.7,63.8,1,1.07,0,332,14.9,0,55.98173,37.83759
PHC-0510,Russia - Moscow,Amoxicillin,8709,389.4,656,71.1,92.7,12,0.99,0,3802,22.5,0,55.98173,37.83759
PHC-0510,Russia - Moscow,Insulin,1632,137.0,248,49.2,69.6,13,0.79,0,759,15.0,0,55.98173,37.83759
PHC-0511,India - Haryana,Amoxicillin,632,88.4,221,49.7,93.5,12,0.79,0,472,9.1,0,29.59794,76.58727
PHC-0511,India - Haryana,Paracetamol,435,210.0,613,62.6,60.8,4,1.3,0,2608,1.6,1,29.59794,76.58727
PHC-0511,India - Haryana,ORS,2020,81.3,629,73.6,84.0,4,1.06,0,835,23.4,0,29.59794,76.58727
PHC-0511,India - Haryana,Insulin,7924,385.3,622,32.5,61.0,3,1.08,0,4008,19.0,0,29.59794,76.58727
PHC-0511,India - Haryana,Azithromycin,271,48.3,129,77.9,77.3,4,1.15,0,341,4.9,1,29.59794,76.58727
PHC-0512,Brazil - Sao Paulo,Amoxicillin,5728,351.7,545,45.4,60.5,9,1.11,0,3551,14.6,0,-23.68123,-46.49943
PHC-0512,Brazil - Sao Paulo,ORS,299,143.7,258,82.6,82.2,11,1.39,0,1411,1.5,1,-23.68123,-46.49943
PHC-0512,Brazil - Sao Paulo,Paracetamol,609,37.7,69,52.9,79.0,7,0.84,0,182,19.2,0,-23.68123,-46.49943
PHC-0512,Brazil - Sao Paulo,Insulin,3452,178.1,492,63.2,91.4,11,1.22,0,1886,15.9,0,-23.68123,-46.49943
PHC-0512,Brazil - Sao Paulo,Azithromycin,4879,431.0,594,83.9,77.0,7,0.86,0,3505,13.1,0,-23.68123,-46.49943
PHC-0513,South Africa - Johannesburg,Insulin,2184,364.5,694,82.0,82.1,14,1.21,0,4442,5.0,1,-26.19183,27.83009
PHC-0513,South Africa - Johannesburg,ORS,2617,132.9,536,81.3,88.9,1,0.71,0,851,27.7,0,-26.19183,27.83009
PHC-0513,South Africa - Johannesburg,Amoxicillin,1279,154.8,278,82.3,99.2,7,0.88,0,978,9.4,0,-26.19183,27.83009
PHC-0513,South Africa - Johannesburg,Paracetamol,907,103.4,354,79.8,67.8,9,0.73,0,586,12.0,0,-26.19183,27.83009
PHC-0513,South Africa - Johannesburg,Azithromycin,4688,295.3,494,65.1,89.6,9,0.72,0,1858,22.0,0,-26.19183,27.83009
PHC-0514,India - Assam,Amoxicillin,2591,218.3,513,38.8,82.7,11,0.74,0,1422,16.1,0,26.70702,91.86729
PHC-0514,India - Assam,Insulin,4661,450.1,623,63.3,71.9,4,0.8,0,3444,13.0,0,26.70702,91.86729
PHC-0514,India - Assam,ORS,3990,330.8,647,85.8,55.2,11,1.28,0,4137,9.4,0,26.70702,91.86729
PHC-0514,India - Assam,Paracetamol,4722,226.6,316,31.3,78.7,13,1.28,0,2164,16.3,0,26.70702,91.86729
PHC-0514,India - Assam,Azithromycin,194,50.4,121,63.7,56.3,6,1.15,0,354,3.4,1,26.70702,91.86729
PHC-0515,India - Punjab,Azithromycin,3149,191.9,314,58.1,83.2,10,0.88,0,1253,18.7,0,31.31777,75.09028
PHC-0515,India - Punjab,Amoxicillin,4032,293.8,421,45.9,83.8,3,0.76,0,1838,18.0,0,31.31777,75.09028
PHC-0515,India - Punjab,Paracetamol,6651,365.9,606,62.0,75.1,13,0.71,0,2459,25.7,0,31.31777,75.09028
PHC-0515,India - Punjab,Insulin,207,40.2,326,30.8,66.4,9,0.7,0,213,7.3,0,31.31777,75.09028
PHC-0515,India - Punjab,ORS,430,65.2,165,65.6,91.6,7,0.9,0,378,7.3,0,31.31777,75.09028
PHC-0516,India - Jammu & Kashmir,Amoxicillin,2066,96.0,151,57.4,75.2,6,1.37,0,829,15.7,0,33.07506,76.85854
PHC-0516,India - Jammu & Kashmir,ORS,1877,232.4,387,45.6,62.2,14,1.26,0,2339,6.4,1,33.07506,76.85854
PHC-0516,India - Jammu & Kashmir,Azithromycin,2223,105.9,230,81.1,57.9,10,0.94,0,680,22.4,0,33.07506,76.85854
PHC-0516,India - Jammu & Kashmir,Paracetamol,5438,371.5,652,85.0,74.6,12,0.74,0,2694,19.8,0,33.07506,76.85854
PHC-0516,India - Jammu & Kashmir,Insulin,3460,314.0,499,70.0,69.9,8,0.99,0,2709,11.2,0,33.07506,76.85854
PHC-0517,India - Andhra Pradesh,Azithromycin,4199,237.1,491,75.9,74.1,7,1.04,0,2137,17.1,0,16.59766,80.17576
PHC-0517,India - Andhra Pradesh,ORS,5131,407.6,606,93.8,62.0,8,1.22,0,4704,10.4,0,16.59766,80.17576
PHC-0517,India - Andhra Pradesh,Amoxicillin,846,336.5,626,80.5,77.5,10,1.07,0,3458,2.4,1,16.59766,80.17576
PHC-0517,India - Andhra Pradesh,Paracetamol,1561,168.6,243,56.8,63.5,3,1.14,0,1339,8.1,0,16.59766,80.17576
PHC-0517,India - Andhra Pradesh,Insulin,372,44.6,94,34.8,67.0,13,1.13,1,462,4.7,1,16.59766,80.17576
PHC-0518,India - Jammu & Kashmir,ORS,1868,229.4,557,62.8,72.2,10,1.2,0,2511,6.8,1,33.77187,77.28123
PHC-0518,India - Jammu & Kashmir,Azithromycin,1216,85.5,118,46.1,97.1,7,0.87,0,452,16.3,0,33.77187,77.28123
PHC-0518,India - Jammu & Kashmir,Paracetamol,2574,418.4,637,56.8,98.5,2,1.11,0,4491,5.6,1,33.77187,77.28123
PHC-0518,India - Jammu & Kashmir,Amoxicillin,181,21.7,175,65.8,76.8,1,1.35,0,189,6.2,1,33.77187,77.28123
PHC-0518,India - Jammu & Kashmir,Insulin,3041,247.8,560,68.5,71.7,13,0.85,0,1926,14.5,0,33.77187,77.28123
PHC-0519,China - Beijing,Insulin,1761,79.5,230,65.9,73.5,8,1.22,1,1036,11.7,0,39.9594,116.24633
PHC-0519,China - Beijing,Amoxicillin,1471,144.2,334,75.0,91.8,12,1.39,0,1516,7.4,0,39.9594,116.24633
PHC-0519,China - Beijing,ORS,82,20.4,67,47.2,55.7,10,1.06,0,123,3.8,1,39.9594,116.24633
PHC-0519,China - Beijing,Paracetamol,292,49.7,98,75.8,63.4,10,0.7,1,322,5.4,1,39.9594,116.24633
PHC-0519,China - Beijing,Azithromycin,2291,137.5,410,55.2,72.2,1,1.21,0,1346,13.8,0,39.9594,116.24633
PHC-0520,India - Assam,Paracetamol,1766,72.0,503,79.9,64.7,4,0.98,0,620,25.0,0,26.0019,90.99478
PHC-0520,India - Assam,Amoxicillin,4474,193.2,567,44.1,70.7,10,1.35,1,3734,11.0,0,26.0019,90.99478
PHC-0520,India - Assam,Insulin,1535,68.7,162,75.6,83.7,5,1.16,1,791,12.4,0,26.0019,90.99478
PHC-0520,India - Assam,ORS,558,43.4,185,79.6,77.1,8,0.92,0,261,14.0,0,26.0019,90.99478
PHC-0520,India - Assam,Azithromycin,1057,104.6,144,78.8,80.0,7,0.75,0,494,13.4,0,26.0019,90.99478
PHC-0521,India - West Bengal,Paracetamol,3858,451.4,622,91.5,61.8,7,0.7,0,3055,12.1,0,22.86592,87.80853
PHC-0521,India - West Bengal,Insulin,4399,251.4,373,76.7,85.3,4,1.18,0,2322,14.9,0,22.86592,87.80853
PHC-0521,India - West Bengal,ORS,6609,445.5,690,53.8,76.0,10,1.01,0,4527,14.7,0,22.86592,87.80853
PHC-0521,India - West Bengal,Amoxicillin,814,178.7,493,86.5,89.0,6,0.94,1,2257,3.1,1,22.86592,87.80853
PHC-0521,India - West Bengal,Azithromycin,328,122.7,186,55.2,75.6,14,1.2,0,967,2.2,1,22.86592,87.80853
PHC-0522,India - Chhattisgarh,ORS,1083,110.8,175,85.3,60.3,13,0.81,1,902,7.8,0,21.0185,81.22489
PHC-0522,India - Chhattisgarh,Azithromycin,3310,138.6,338,54.6,65.7,7,0.75,0,797,31.6,0,21.0185,81.22489
PHC-0522,India - Chhattisgarh,Amoxicillin,1735,83.8,521,52.3,81.1,3,0.77,0,576,26.8,0,21.0185,81.22489
PHC-0522,India - Chhattisgarh,Insulin,1780,182.3,452,51.1,59.9,9,0.78,0,1198,12.5,0,21.0185,81.22489
PHC-0522,India - Chhattisgarh,Paracetamol,248,42.8,164,84.6,75.2,2,1.09,0,297,5.3,1,21.0185,81.22489
PHC-0523,South Africa - Johannesburg,Amoxicillin,1043,45.3,220,79.8,58.0,6,1.33,0,411,17.3,0,-26.18128,27.31046
PHC-0523,South Africa - Johannesburg,Azithromycin,3521,150.1,655,45.0,90.4,2,1.15,0,1698,20.4,0,-26.18128,27.31046
PHC-0523,South Africa - Johannesburg,ORS,704,38.4,215,56.8,79.1,6,0.74,0,191,24.9,0,-26.18128,27.31046
PHC-0523,South Africa - Johannesburg,Paracetamol,3583,267.1,589,52.9,70.4,10,0.75,0,1872,17.9,0,-26.18128,27.31046
PHC-0523,South Africa - Johannesburg,Insulin,72,26.5,219,43.8,80.7,1,1.18,0,211,2.3,1,-26.18128,27.31046
PHC-0524,India - Uttarakhand,Azithromycin,7702,359.7,563,89.8,80.0,12,1.12,0,3691,19.2,0,30.53499,78.29385
PHC-0524,India - Uttarakhand,Paracetamol,654,28.5,82,65.5,57.3,3,0.98,0,163,23.4,0,30.53499,78.29385
PHC-0524,India - Uttarakhand,ORS,3319,243.7,526,63.4,55.8,5,1.01,0,2202,13.5,0,30.53499,78.29385
PHC-0524,India - Uttarakhand,Amoxicillin,659,134.5,255,92.3,83.4,6,0.85,0,807,5.7,1,30.53499,78.29385
PHC-0524,India - Uttarakhand,Insulin,1492,64.7,483,75.9,90.1,2,1.14,1,982,13.1,0,30.53499,78.29385
PHC-0525,India - Gujarat,Paracetamol,403,49.6,110,84.2,55.3,5,1.25,0,375,6.5,1,22.15175,72.22125
PHC-0525,India - Gujarat,Insulin,3787,308.5,472,79.3,94.5,1,0.72,0,1911,17.0,0,22.15175,72.22125
PHC-0525,India - Gujarat,Amoxicillin,276,11.6,64,84.8,71.4,2,1.18,1,121,13.0,0,22.15175,72.22125
PHC-0525,India - Gujarat,Azithromycin,1378,65.7,510,79.1,62.2,4,1.04,0,605,20.1,0,22.15175,72.22125
PHC-0525,India - Gujarat,ORS,2164,258.7,490,83.1,76.3,9,1.19,0,2682,7.0,0,22.15175,72.22125
PHC-0526,India - Assam,Insulin,4975,205.2,691,85.1,60.7,9,0.81,0,1685,29.8,0,26.57152,90.7677
PHC-0526,India - Assam,Paracetamol,1529,91.7,126,34.5,75.0,2,0.86,0,481,19.5,0,26.57152,90.7677
PHC-0526,India - Assam,Amoxicillin,6164,331.7,515,91.6,63.9,4,0.97,0,2848,19.2,0,26.57152,90.7677
PHC-0526,India - Assam,ORS,3560,144.2,402,82.4,93.7,6,0.98,0,1146,25.1,0,26.57152,90.7677
PHC-0526,India - Assam,Azithromycin,905,183.3,454,87.3,72.6,7,1.11,0,1710,4.5,1,26.57152,90.7677
PHC-0527,India - Rajasthan,Paracetamol,276,16.8,115,83.0,97.4,4,0.95,0,96,17.4,0,26.497,76.0716
PHC-0527,India - Rajasthan,Insulin,8484,393.8,532,95.1,77.3,3,0.85,0,2993,25.4,0,26.497,76.0716
PHC-0527,India - Rajasthan,ORS,506,129.9,383,35.0,72.0,6,1.35,0,1389,2.9,1,26.497,76.0716
PHC-0527,India - Rajasthan,Azithromycin,2073,109.7,410,57.6,57.7,11,0.98,0,870,19.4,0,26.497,76.0716
PHC-0527,India - Rajasthan,Amoxicillin,3568,414.3,638,71.6,71.4,12,0.81,0,3252,10.7,0,26.497,76.0716
PHC-0528,India - Telangana,Insulin,288,74.6,422,33.9,70.0,1,0.95,0,582,4.1,1,17.15371,78.63138
PHC-0528,India - Telangana,Amoxicillin,3058,128.6,617,89.5,60.6,5,0.95,0,1174,24.9,0,17.15371,78.63138
PHC-0528,India - Telangana,Azithromycin,129,30.3,88,79.4,87.0,14,0.87,0,154,4.9,1,17.15371,78.63138
PHC-0528,India - Telangana,ORS,1664,192.5,667,84.5,88.8,6,1.18,0,2263,7.3,0,17.15371,78.63138
PHC-0528,India - Telangana,Paracetamol,2705,145.6,427,37.9,61.3,8,0.79,0,946,23.6,0,17.15371,78.63138
PHC-0529,Brazil - Rio de Janeiro,ORS,1521,78.1,216,74.7,74.6,2,0.86,1,701,14.7,0,-22.25732,-43.24103
PHC-0529,Brazil - Rio de Janeiro,Azithromycin,8286,416.6,619,88.6,55.8,6,1.03,0,4129,19.2,0,-22.25732,-43.24103
PHC-0529,Brazil - Rio de Janeiro,Amoxicillin,388,35.4,122,57.9,83.5,4,0.91,0,197,12.0,0,-22.25732,-43.24103
PHC-0529,Brazil - Rio de Janeiro,Paracetamol,110,54.7,99,80.8,70.3,6,1.1,0,359,1.8,1,-22.25732,-43.24103
PHC-0529,Brazil - Rio de Janeiro,Insulin,5671,244.9,464,32.0,70.7,8,1.35,0,2807,17.2,0,-22.25732,-43.24103
PHC-0530,India - Maharashtra,Azithromycin,823,163.2,544,83.1,80.9,10,1.37,0,2031,3.7,1,19.21162,72.36023
PHC-0530,India - Maharashtra,Amoxicillin,2154,164.6,543,51.9,58.3,5,0.92,0,1369,14.2,0,19.21162,72.36023
PHC-0530,India - Maharashtra,Insulin,1634,130.2,485,75.7,61.7,12,1.07,0,1206,11.7,0,19.21162,72.36023
PHC-0530,India - Maharashtra,Paracetamol,876,41.1,97,94.4,91.9,9,0.99,0,240,21.6,0,19.21162,72.36023
PHC-0530,India - Maharashtra,ORS,2291,190.7,613,86.4,68.5,8,1.32,1,3730,5.9,1,19.21162,72.36023
PHC-0531,India - Telangana,Paracetamol,358,48.3,334,47.7,68.4,11,1.34,0,493,5.5,1,17.12382,78.29374
PHC-0531,India - Telangana,Amoxicillin,1408,58.9,106,56.5,89.8,3,0.72,0,255,33.1,0,17.12382,78.29374
PHC-0531,India - Telangana,ORS,3229,193.8,283,94.0,72.5,11,1.21,0,1700,13.7,0,17.12382,78.29374
PHC-0531,India - Telangana,Insulin,1631,81.9,117,88.9,71.3,4,1.29,0,641,15.5,0,17.12382,78.29374
PHC-0531,India - Telangana,Azithromycin,1507,92.8,687,37.6,87.3,14,0.95,0,891,17.0,0,17.12382,78.29374
PHC-0532,Brazil - Sao Paulo,ORS,317,46.4,138,34.3,78.3,6,1.08,0,311,6.3,1,-23.55779,-47.17701
PHC-0532,Brazil - Sao Paulo,Azithromycin,1120,52.0,404,84.5,89.1,14,1.07,0,448,20.2,0,-23.55779,-47.17701
PHC-0532,Brazil - Sao Paulo,Paracetamol,2941,139.0,236,46.0,79.9,13,0.99,0,951,21.3,0,-23.55779,-47.17701
PHC-0532,Brazil - Sao Paulo,Insulin,483,80.5,351,33.0,62.1,11,0.87,0,539,6.9,1,-23.55779,-47.17701
PHC-0532,Brazil - Sao Paulo,Amoxicillin,6314,311.9,572,53.5,58.8,5,1.23,0,3555,16.4,0,-23.55779,-47.17701
PHC-0533,India - Rajasthan,Amoxicillin,500,112.9,404,40.7,89.8,14,1.08,0,982,4.1,1,27.24861,75.89253
PHC-0533,India - Rajasthan,ORS,838,178.7,408,78.9,64.4,14,1.11,0,1604,4.2,1,27.24861,75.89253
PHC-0533,India - Rajasthan,Azithromycin,1914,125.6,395,38.6,68.8,7,1.05,0,1060,14.5,0,27.24861,75.89253
PHC-0533,India - Rajasthan,Insulin,472,42.0,86,56.6,99.9,1,0.78,0,191,14.4,0,27.24861,75.89253
PHC-0533,India - Rajasthan,Paracetamol,2755,119.2,590,75.7,78.8,13,0.89,0,1001,25.8,0,27.24861,75.89253
PHC-0534,India - Himachal Pradesh,ORS,1520,79.6,516,79.2,55.6,10,1.32,0,935,14.4,0,30.54389,77.12667
PHC-0534,India - Himachal Pradesh,Azithromycin,400,53.5,325,76.9,61.2,14,0.83,0,334,9.0,0,30.54389,77.12667
PHC-0534,India - Himachal Pradesh,Paracetamol,706,42.7,297,69.6,78.0,12,0.96,0,301,17.2,0,30.54389,77.12667
PHC-0534,India - Himachal Pradesh,Insulin,8495,365.8,595,79.9,92.3,14,1.37,0,4735,16.9,0,30.54389,77.12667
PHC-0534,India - Himachal Pradesh,Amoxicillin,127,28.4,193,63.3,75.4,13,1.01,0,189,4.5,1,30.54389,77.12667
PHC-0535,India - Assam,Amoxicillin,7735,366.8,694,51.0,55.3,10,1.36,0,5046,15.5,0,25.4827,91.36383
PHC-0535,India - Assam,ORS,1656,141.0,437,87.0,73.9,10,0.8,0,939,14.7,0,25.4827,91.36383
PHC-0535,India - Assam,Azithromycin,2343,163.0,556,59.8,82.9,1,0.97,0,1440,14.9,0,25.4827,91.36383
PHC-0535,India - Assam,Paracetamol,785,327.3,482,93.9,71.1,5,0.96,0,2697,2.5,1,25.4827,91.36383
PHC-0535,India - Assam,Insulin,5329,233.9,460,87.5,78.2,6,1.2,0,2381,19.0,0,25.4827,91.36383
PHC-0536,India - Bihar,Insulin,1444,333.6,576,30.6,85.4,4,1.05,1,5042,2.7,1,25.90679,85.22453
PHC-0536,India - Bihar,Paracetamol,50,12.5,63,60.2,59.5,4,1.24,0,88,3.2,1,25.90679,85.22453
PHC-0536,India - Bihar,Amoxicillin,3254,180.6,392,38.9,59.0,13,0.95,0,1368,19.0,0,25.90679,85.22453
PHC-0536,India - Bihar,ORS,1453,175.7,536,96.7,67.3,9,0.8,0,1260,10.4,0,25.90679,85.22453
PHC-0536,India - Bihar,Azithromycin,2225,136.1,353,71.0,86.4,5,0.81,0,851,20.2,0,25.90679,85.22453
PHC-0537,India - Gujarat,Insulin,3401,149.4,670,51.9,99.2,11,0.9,0,1337,25.3,0,23.67082,72.73399
PHC-0537,India - Gujarat,Azithromycin,2911,230.3,356,89.2,88.9,6,1.11,0,1980,11.4,0,23.67082,72.73399
PHC-0537,India - Gujarat,Amoxicillin,8270,355.2,477,39.4,64.2,4,0.77,0,2363,30.1,0,23.67082,72.73399
PHC-0537,India - Gujarat,Paracetamol,1066,254.5,393,90.0,98.7,5,0.9,0,1827,4.7,1,23.67082,72.73399
PHC-0537,India - Gujarat,ORS,1964,104.3,418,69.4,60.0,8,1.33,0,1132,14.2,0,23.67082,72.73399
PHC-0538,Russia - Novosibirsk,Paracetamol,1219,101.8,317,76.6,71.5,4,1.09,0,830,11.0,0,55.23026,83.87876
PHC-0538,Russia - Novosibirsk,Amoxicillin,8068,407.0,569,80.4,68.7,6,1.04,0,3915,19.0,0,55.23026,83.87876
PHC-0538,Russia - Novosibirsk,Azithromycin,447,35.8,63,35.0,60.4,13,0.7,0,143,17.9,0,55.23026,83.87876
PHC-0538,Russia - Novosibirsk,ORS,2283,145.0,368,70.5,80.0,1,0.86,0,974,18.3,0,55.23026,83.87876
PHC-0538,Russia - Novosibirsk,Insulin,3849,174.0,435,55.9,83.0,14,1.04,0,1498,21.3,0,55.23026,83.87876
PHC-0539,China - Shanghai,ORS,139,69.4,512,90.0,87.8,12,1.37,0,840,1.5,1,30.95074,121.61973
PHC-0539,China - Shanghai,Amoxicillin,6868,316.2,506,77.1,61.2,12,1.18,0,3271,18.5,0,30.95074,121.61973
PHC-0539,China - Shanghai,Azithromycin,3721,166.4,662,39.7,74.0,5,1.14,1,2897,12.7,0,30.95074,121.61973
PHC-0539,China - Shanghai,Insulin,737,217.2,696,51.6,68.2,10,1.27,0,2800,2.7,1,30.95074,121.61973
PHC-0539,China - Shanghai,Paracetamol,181,74.8,112,30.2,76.4,2,0.75,0,338,3.2,1,30.95074,121.61973
PHC-0540,India - Sikkim,Azithromycin,4649,362.1,560,36.7,68.5,1,1.05,0,3491,12.2,0,27.48365,88.42565
PHC-0540,India - Sikkim,Paracetamol,1941,153.2,462,30.1,80.4,4,0.84,0,1090,15.1,0,27.48365,88.42565
PHC-0540,India - Sikkim,Amoxicillin,3891,238.1,637,74.6,56.4,4,1.07,0,2484,15.2,0,27.48365,88.42565
PHC-0540,India - Sikkim,Insulin,3190,259.4,570,87.8,74.7,3,1.36,0,3262,9.0,0,27.48365,88.42565
PHC-0540,India - Sikkim,ORS,1362,86.6,285,38.9,73.7,8,0.9,0,564,17.5,0,27.48365,88.42565
PHC-0541,India - Kerala,Amoxicillin,7940,417.2,629,48.2,94.5,12,1.12,0,4510,17.0,0,9.32845,77.0544
PHC-0541,India - Kerala,Paracetamol,407,48.7,222,64.8,73.7,3,1.32,0,437,6.3,1,9.32845,77.0544
PHC-0541,India - Kerala,Insulin,1089,185.9,572,57.7,87.3,2,1.4,0,2401,4.2,1,9.32845,77.0544
PHC-0541,India - Kerala,ORS,579,70.1,116,77.9,81.3,4,1.3,0,552,6.4,1,9.32845,77.0544
PHC-0541,India - Kerala,Azithromycin,569,226.2,311,64.0,73.1,14,0.88,1,2287,1.8,1,9.32845,77.0544
PHC-0542,South Africa - Durban,Azithromycin,4191,246.7,482,34.5,87.2,13,0.99,0,2098,17.2,0,-30.1063,31.34058
PHC-0542,South Africa - Durban,Paracetamol,3146,163.8,223,76.5,74.4,9,0.72,0,808,26.5,0,-30.1063,31.34058
PHC-0542,South Africa - Durban,Amoxicillin,585,36.6,65,50.4,64.9,10,0.76,0,159,20.9,0,-30.1063,31.34058
PHC-0542,South Africa - Durban,ORS,757,43.3,96,77.1,62.3,14,0.83,0,214,21.0,0,-30.1063,31.34058
PHC-0542,South Africa - Durban,Insulin,878,60.8,468,55.6,84.7,14,0.85,1,686,10.9,0,-30.1063,31.34058
PHC-0543,India - Jharkhand,Insulin,838,161.6,345,77.9,81.1,11,1.1,0,1358,4.7,1,23.27149,85.5268
PHC-0543,India - Jharkhand,ORS,723,77.5,221,47.1,80.9,10,0.91,0,479,10.2,0,23.27149,85.5268
PHC-0543,India - Jharkhand,Paracetamol,545,94.2,374,87.7,86.6,11,1.24,0,916,4.7,1,23.27149,85.5268
PHC-0543,India - Jharkhand,Amoxicillin,2405,282.9,400,34.7,62.7,9,1.33,0,3025,6.4,1,23.27149,85.5268
PHC-0543,India - Jharkhand,Azithromycin,5511,228.8,501,50.5,78.5,7,1.37,0,2747,17.6,0,23.27149,85.5268
PHC-0544,China - Shenzhen,Insulin,3208,157.5,630,61.5,73.2,5,1.18,1,2794,11.1,0,22.08784,114.17342
PHC-0544,China - Shenzhen,ORS,89,19.8,122,88.3,93.1,5,1.03,0,125,4.4,1,22.08784,114.17342
PHC-0544,China - Shenzhen,Amoxicillin,798,82.8,153,35.6,69.5,8,1.18,1,960,5.3,1,22.08784,114.17342
PHC-0544,China - Shenzhen,Paracetamol,1175,94.0,135,75.1,93.9,3,1.09,0,635,11.5,0,22.08784,114.17342
PHC-0544,China - Shenzhen,Azithromycin,4854,329.8,527,52.4,81.2,4,0.89,0,2618,16.6,0,22.08784,114.17342
PHC-0545,India - Jammu & Kashmir,Azithromycin,552,88.2,377,54.1,57.7,13,0.75,0,523,8.3,0,33.94316,76.44833
PHC-0545,India - Jammu & Kashmir,Amoxicillin,546,83.8,160,55.7,86.8,3,0.72,0,385,9.0,0,33.94316,76.44833
PHC-0545,India - Jammu & Kashmir,ORS,2727,158.7,320,65.1,98.5,14,0.8,0,952,21.4,0,33.94316,76.44833
PHC-0545,India - Jammu & Kashmir,Paracetamol,521,34.9,285,30.1,70.7,12,1.16,0,292,12.9,0,33.94316,76.44833
PHC-0545,India - Jammu & Kashmir,Insulin,612,69.7,318,78.3,56.0,8,1.12,0,582,7.9,0,33.94316,76.44833
PHC-0546,China - Beijing,Paracetamol,886,177.2,244,84.2,55.6,2,0.96,0,1177,5.2,1,39.72251,116.25638
PHC-0546,China - Beijing,ORS,996,124.6,214,66.8,90.7,1,1.11,0,937,7.2,0,39.72251,116.25638
PHC-0546,China - Beijing,Amoxicillin,1591,69.2,466,70.3,83.4,5,1.01,0,594,22.8,0,39.72251,116.25638
PHC-0546,China - Beijing,Azithromycin,1754,148.8,657,46.4,57.0,1,1.08,0,1586,10.9,0,39.72251,116.25638
PHC-0546,China - Beijing,Insulin,1929,122.2,199,30.1,89.3,6,1.04,0,842,15.2,0,39.72251,116.25638
PHC-0547,Brazil - Rio de Janeiro,Paracetamol,2205,258.7,654,30.1,77.2,1,0.92,0,2333,9.3,0,-23.03223,-42.84929
PHC-0547,Brazil - Rio de Janeiro,ORS,1239,96.6,259,61.7,87.3,1,1.39,0,951,9.2,0,-23.03223,-42.84929
PHC-0547,Brazil - Rio de Janeiro,Insulin,4693,286.3,434,96.9,87.1,6,1.21,0,2864,13.6,0,-23.03223,-42.84929
PHC-0547,Brazil - Rio de Janeiro,Azithromycin,2167,154.6,317,81.9,99.7,4,0.84,0,976,16.6,0,-23.03223,-42.84929
PHC-0547,Brazil - Rio de Janeiro,Amoxicillin,4056,195.1,301,72.2,99.7,13,0.95,0,1364,21.9,0,-23.03223,-42.84929
PHC-0548,India - Tamil Nadu,Paracetamol,593,32.1,93,40.4,78.4,9,0.83,0,157,22.2,0,12.47338,80.5717
PHC-0548,India - Tamil Nadu,ORS,4006,292.0,583,96.4,95.5,7,0.91,0,2468,15.1,0,12.47338,80.5717
PHC-0548,India - Tamil Nadu,Amoxicillin,788,110.9,453,90.4,96.6,1,0.86,0,804,8.3,0,12.47338,80.5717
PHC-0548,India - Tamil Nadu,Azithromycin,1665,75.5,211,97.2,98.6,12,1.22,0,619,18.1,0,12.47338,80.5717
PHC-0548,India - Tamil Nadu,Insulin,2123,254.2,341,59.8,66.9,4,1.05,0,2033,8.0,0,12.47338,80.5717
PHC-0549,Russia - Saint Petersburg,Insulin,2630,115.5,189,87.2,75.0,9,1.28,0,975,17.7,0,60.06193,29.91555
PHC-0549,Russia - Saint Petersburg,ORS,1379,123.2,226,63.1,86.2,9,0.92,0,770,12.2,0,60.06193,29.91555
PHC-0549,Russia - Saint Petersburg,Amoxicillin,4792,225.4,461,31.6,65.8,5,1.09,0,2088,19.5,0,60.06193,29.91555
PHC-0549,Russia - Saint Petersburg,Azithromycin,302,116.6,197,71.5,56.5,3,0.78,0,604,3.3,1,60.06193,29.91555
PHC-0549,Russia - Saint Petersburg,Paracetamol,728,79.3,171,58.0,80.6,14,1.13,0,580,8.1,0,60.06193,29.91555
PHC-0550,India - Bihar,Insulin,3039,231.4,416,68.5,83.6,9,0.87,1,2533,9.8,0,26.06502,85.56597
PHC-0550,India - Bihar,Paracetamol,3128,209.9,419,88.0,60.1,5,1.32,0,2265,11.3,0,26.06502,85.56597
PHC-0550,India - Bihar,ORS,1223,154.5,233,71.6,75.9,3,1.35,0,1440,5.8,1,26.06502,85.56597
PHC-0550,India - Bihar,Azithromycin,3066,426.3,674,71.9,88.8,5,1.19,0,5066,6.0,1,26.06502,85.56597
PHC-0550,India - Bihar,Amoxicillin,3988,170.8,363,39.8,71.0,12,1.25,0,1660,18.7,0,26.06502,85.56597
PHC-0551,India - Rajasthan,Azithromycin,925,103.2,333,39.3,92.6,3,0.9,0,702,10.0,0,26.37984,76.08019
PHC-0551,India - Rajasthan,ORS,2537,104.3,317,43.0,84.1,14,1.39,0,1086,17.4,0,26.37984,76.08019
PHC-0551,India - Rajasthan,Insulin,1539,191.6,679,94.1,66.0,4,1.06,0,2025,7.6,0,26.37984,76.08019
PHC-0551,India - Rajasthan,Amoxicillin,555,55.8,148,70.8,74.1,6,1.01,0,354,9.9,0,26.37984,76.08019
PHC-0551,India - Rajasthan,Paracetamol,2781,204.8,344,64.6,64.4,5,0.72,0,1132,18.8,0,26.37984,76.08019
PHC-0552,Brazil - Rio de Janeiro,Azithromycin,1627,66.4,279,34.2,98.8,10,0.75,0,358,32.8,0,-22.7583,-43.73184
PHC-0552,Brazil - Rio de Janeiro,ORS,4642,186.6,658,61.2,60.4,4,1.39,0,2552,17.9,0,-22.7583,-43.73184
PHC-0552,Brazil - Rio de Janeiro,Insulin,484,38.3,283,92.4,55.8,2,1.21,0,334,10.5,0,-22.7583,-43.73184
PHC-0552,Brazil - Rio de Janeiro,Paracetamol,2358,122.8,218,68.0,64.1,4,0.7,0,586,27.3,0,-22.7583,-43.73184
PHC-0552,Brazil - Rio de Janeiro,Amoxicillin,1223,176.9,458,81.8,58.2,9,1.15,0,1720,6.0,1,-22.7583,-43.73184
PHC-0553,India - Sikkim,ORS,1016,286.4,617,53.5,83.3,13,0.93,0,2558,3.8,1,27.45759,88.80463
PHC-0553,India - Sikkim,Insulin,592,80.9,385,89.6,85.6,3,1.06,0,684,6.9,1,27.45759,88.80463
PHC-0553,India - Sikkim,Paracetamol,5142,459.6,676,81.2,96.1,13,0.92,0,4218,12.2,0,27.45759,88.80463
PHC-0553,India - Sikkim,Amoxicillin,2002,102.6,272,66.5,64.5,8,0.95,0,697,20.6,0,27.45759,88.80463
PHC-0553,India - Sikkim,Azithromycin,402,169.5,505,85.8,60.3,1,0.75,0,1123,3.1,1,27.45759,88.80463
PHC-0554,India - Rajasthan,Amoxicillin,116,15.9,92,93.4,92.3,3,0.9,0,85,8.1,0,26.97204,75.89193
PHC-0554,India - Rajasthan,Insulin,190,28.3,109,90.4,55.9,3,1.32,0,224,5.1,1,26.97204,75.89193
PHC-0554,India - Rajasthan,ORS,321,85.0,219,84.3,66.5,12,1.31,0,758,2.9,1,26.97204,75.89193
PHC-0554,India - Rajasthan,Paracetamol,2069,274.4,426,57.8,86.3,14,0.92,0,2081,8.2,0,26.97204,75.89193
PHC-0554,India - Rajasthan,Azithromycin,1427,144.6,269,33.8,98.5,4,1.29,0,1332,7.6,0,26.97204,75.89193
PHC-0555,India - West Bengal,Insulin,513,60.1,206,34.2,69.4,11,1.12,0,450,7.6,0,22.99911,87.35653
PHC-0555,India - West Bengal,Paracetamol,2412,360.6,627,66.1,72.6,14,0.97,0,3363,6.9,1,22.99911,87.35653
PHC-0555,India - West Bengal,Amoxicillin,436,80.0,313,41.8,84.5,2,1.4,0,832,3.9,1,22.99911,87.35653
PHC-0555,India - West Bengal,ORS,2442,286.7,593,89.3,58.0,14,0.77,1,3224,7.1,0,22.99911,87.35653
PHC-0555,India - West Bengal,Azithromycin,1508,298.3,423,82.2,65.6,10,0.94,1,3570,3.5,1,22.99911,87.35653
PHC-0556,South Africa - Cape Town,Azithromycin,3125,135.1,615,68.2,76.6,1,0.75,0,963,31.0,0,-34.0311,18.36237
PHC-0556,South Africa - Cape Town,Paracetamol,580,28.9,69,45.0,65.7,14,1.09,0,181,18.4,0,-34.0311,18.36237
PHC-0556,South Africa - Cape Town,ORS,2447,166.8,510,32.7,72.0,5,1.09,0,1603,13.5,0,-34.0311,18.36237
PHC-0556,South Africa - Cape Town,Insulin,1903,102.5,674,84.5,92.7,9,1.17,0,1197,15.8,0,-34.0311,18.36237
PHC-0556,South Africa - Cape Town,Amoxicillin,237,59.3,153,78.1,56.1,5,0.99,0,371,4.0,1,-34.0311,18.36237
PHC-0557,India - Maharashtra,ORS,602,76.6,141,87.6,57.5,13,0.89,0,426,8.8,0,19.11296,73.31707
PHC-0557,India - Maharashtra,Insulin,3741,263.2,505,85.2,80.5,7,0.86,0,1995,16.5,0,19.11296,73.31707
PHC-0557,India - Maharashtra,Amoxicillin,2131,175.2,401,66.0,79.7,11,0.92,0,1295,13.3,0,19.11296,73.31707
PHC-0557,India - Maharashtra,Azithromycin,847,44.5,316,87.3,83.9,3,1.03,1,529,12.0,0,19.11296,73.31707
PHC-0557,India - Maharashtra,Paracetamol,3199,205.1,546,59.3,80.0,6,1.38,0,2562,11.3,0,19.11296,73.31707
PHC-0558,India - Kerala,Azithromycin,8046,325.7,588,46.8,64.4,14,0.91,0,2790,27.0,0,8.1397,77.05774
PHC-0558,India - Kerala,Insulin,687,59.9,246,51.6,84.1,3,1.32,0,553,8.7,0,8.1397,77.05774
PHC-0558,India - Kerala,Paracetamol,213,30.0,171,51.0,81.1,8,1.09,0,211,6.5,1,8.1397,77.05774
PHC-0558,India - Kerala,Amoxicillin,1659,86.9,365,75.4,58.6,12,0.94,0,638,20.3,0,8.1397,77.05774
PHC-0558,India - Kerala,ORS,408,53.8,180,91.2,95.2,2,1.1,0,387,6.9,1,8.1397,77.05774
PHC-0559,Brazil - Brasilia,ORS,687,197.2,317,78.5,66.3,13,0.88,0,1294,4.0,1,-16.02517,-47.36291
PHC-0559,Brazil - Brasilia,Paracetamol,397,43.0,195,78.7,61.8,10,1.29,0,368,7.1,0,-16.02517,-47.36291
PHC-0559,Brazil - Brasilia,Insulin,1345,56.1,329,91.7,63.6,9,1.16,0,494,20.6,0,-16.02517,-47.36291
PHC-0559,Brazil - Brasilia,Azithromycin,1043,48.4,100,64.5,96.6,2,0.73,1,327,19.0,0,-16.02517,-47.36291
PHC-0559,Brazil - Brasilia,Amoxicillin,239,20.1,92,72.2,95.2,14,0.81,0,96,14.7,0,-16.02517,-47.36291
PHC-0560,India - Andhra Pradesh,Azithromycin,1330,55.8,267,68.4,95.7,14,0.78,0,311,30.4,0,16.3201,80.80177
PHC-0560,India - Andhra Pradesh,Paracetamol,206,92.4,150,60.7,60.2,12,0.81,0,470,2.8,1,16.3201,80.80177
PHC-0560,India - Andhra Pradesh,Insulin,656,150.6,290,46.6,72.0,14,0.79,0,864,5.5,1,16.3201,80.80177
PHC-0560,India - Andhra Pradesh,Amoxicillin,2238,119.8,594,38.6,73.5,3,1.06,0,1195,17.6,0,16.3201,80.80177
PHC-0560,India - Andhra Pradesh,ORS,5028,289.4,685,44.9,71.0,8,1.16,0,3377,15.0,0,16.3201,80.80177
PHC-0561,China - Beijing,Paracetamol,3754,263.0,646,47.3,55.3,14,1.23,0,3150,11.6,0,40.55181,116.61093
PHC-0561,China - Beijing,Amoxicillin,365,70.9,532,78.4,69.9,14,0.74,0,474,6.9,1,40.55181,116.61093
PHC-0561,China - Beijing,Azithromycin,3647,164.5,254,73.3,72.4,2,1.24,0,1432,17.9,0,40.55181,116.61093
PHC-0561,China - Beijing,ORS,5121,213.0,482,49.7,82.2,12,1.27,1,3603,12.3,0,40.55181,116.61093
PHC-0561,China - Beijing,Insulin,3055,168.9,458,49.7,84.2,14,0.83,0,1184,21.8,0,40.55181,116.61093
PHC-0562,India - West Bengal,Azithromycin,366,102.4,494,91.6,77.1,6,0.76,0,680,4.7,1,22.50613,88.56144
PHC-0562,India - West Bengal,ORS,634,86.9,235,41.2,79.0,2,1.2,0,721,6.1,1,22.50613,88.56144
PHC-0562,India - West Bengal,Amoxicillin,3057,148.7,213,95.0,96.8,12,1.28,0,1286,16.0,0,22.50613,88.56144
PHC-0562,India - West Bengal,Paracetamol,6099,284.4,492,86.0,84.0,3,1.28,0,3167,16.7,0,22.50613,88.56144
PHC-0562,India - West Bengal,Insulin,318,25.2,169,32.3,59.2,10,1.08,0,175,11.7,0,22.50613,88.56144
PHC-0563,China - Shanghai,Paracetamol,2158,145.3,345,74.1,79.3,12,1.09,0,1219,13.6,0,31.64389,121.35661
PHC-0563,China - Shanghai,Insulin,3841,165.5,529,54.1,67.3,12,0.92,0,1360,25.3,0,31.64389,121.35661
PHC-0563,China - Shanghai,ORS,913,61.2,94,95.8,58.8,5,1.13,0,409,13.2,0,31.64389,121.35661
PHC-0563,China - Shanghai,Amoxicillin,2296,130.0,360,80.7,65.7,7,0.84,0,844,21.1,0,31.64389,121.35661
PHC-0563,China - Shanghai,Azithromycin,3890,279.7,512,86.2,99.2,4,0.96,1,3694,9.3,0,31.64389,121.35661
PHC-0564,South Africa - Durban,Paracetamol,4029,180.0,320,81.8,92.1,10,0.92,1,1933,15.6,0,-29.92142,30.84792
PHC-0564,South Africa - Durban,Amoxicillin,2431,111.8,184,38.4,70.1,10,1.29,1,1456,10.9,0,-29.92142,30.84792
PHC-0564,South Africa - Durban,Azithromycin,1121,144.1,340,65.7,72.9,11,1.32,0,1451,5.9,1,-29.92142,30.84792
PHC-0564,South Africa - Durban,Insulin,1151,49.0,113,71.7,65.3,6,1.05,0,311,22.4,0,-29.92142,30.84792
PHC-0564,South Africa - Durban,ORS,654,80.0,137,63.5,74.8,5,1.03,0,510,8.0,0,-29.92142,30.84792
PHC-0565,India - Uttar Pradesh,ORS,241,65.3,441,93.5,61.7,13,1.39,0,755,2.7,1,27.09313,81.03957
PHC-0565,India - Uttar Pradesh,Azithromycin,488,19.9,108,47.3,79.2,2,0.87,0,104,28.3,0,27.09313,81.03957
PHC-0565,India - Uttar Pradesh,Insulin,941,306.4,574,70.5,84.7,12,0.84,0,2387,3.7,1,27.09313,81.03957
PHC-0565,India - Uttar Pradesh,Paracetamol,1404,58.8,467,60.3,65.5,9,0.76,0,381,31.4,0,27.09313,81.03957
PHC-0565,India - Uttar Pradesh,Amoxicillin,3102,153.2,498,73.9,61.0,5,1.2,0,1601,16.9,0,27.09313,81.03957
PHC-0566,India - West Bengal,Insulin,1680,124.9,388,35.3,80.5,1,1.33,0,1324,10.1,0,22.79811,88.35692
PHC-0566,India - West Bengal,Azithromycin,4784,254.5,474,63.6,73.1,10,0.91,0,1994,20.6,0,22.79811,88.35692
PHC-0566,India - West Bengal,Amoxicillin,1242,262.3,628,48.2,90.4,8,0.88,0,2224,5.4,1,22.79811,88.35692
PHC-0566,India - West Bengal,Paracetamol,1678,86.5,381,34.5,67.8,3,1.39,0,949,14.0,0,22.79811,88.35692
PHC-0566,India - West Bengal,ORS,1173,180.2,344,55.1,73.0,9,0.86,0,1188,7.6,0,22.79811,88.35692
PHC-0567,Russia - Saint Petersburg,Insulin,213,81.4,161,77.9,93.2,7,1.07,0,554,2.5,1,59.7834,31.09041
PHC-0567,Russia - Saint Petersburg,Amoxicillin,1160,108.6,640,60.4,93.9,6,0.93,0,987,11.4,0,59.7834,31.09041
PHC-0567,Russia - Saint Petersburg,Paracetamol,1437,85.7,308,52.2,97.8,13,0.83,0,528,20.1,0,59.7834,31.09041
PHC-0567,Russia - Saint Petersburg,Azithromycin,1099,44.2,60,84.0,59.7,8,1.03,0,258,24.2,0,59.7834,31.09041
PHC-0567,Russia - Saint Petersburg,ORS,3269,160.4,238,51.3,63.8,9,0.93,0,1027,22.0,0,59.7834,31.09041
PHC-0568,India - West Bengal,Insulin,3516,259.1,630,39.5,88.7,6,1.29,0,3240,10.5,0,22.02122,88.80133
PHC-0568,India - West Bengal,ORS,838,147.0,521,34.6,87.5,14,0.81,1,1650,4.5,1,22.02122,88.80133
PHC-0568,India - West Bengal,Azithromycin,1549,129.1,206,80.0,75.0,9,1.08,0,930,11.1,0,22.02122,88.80133
PHC-0568,India - West Bengal,Amoxicillin,4592,248.5,367,80.8,65.7,4,0.76,0,1483,24.2,0,22.02122,88.80133
PHC-0568,India - West Bengal,Paracetamol,1854,74.2,346,95.4,56.3,10,1.21,0,688,20.7,0,22.02122,88.80133
PHC-0569,India - Rajasthan,Azithromycin,2434,197.6,681,65.5,58.9,1,1.28,1,3930,6.2,1,26.61174,76.57025
PHC-0569,India - Rajasthan,Paracetamol,997,56.8,86,70.2,91.9,6,1.03,0,343,17.0,0,26.61174,76.57025
PHC-0569,India - Rajasthan,Amoxicillin,914,161.5,284,46.5,76.6,4,0.97,0,1134,5.8,1,26.61174,76.57025
PHC-0569,India - Rajasthan,Insulin,5958,382.2,577,55.7,93.1,3,1.28,0,4536,12.2,0,26.61174,76.57025
PHC-0569,India - Rajasthan,ORS,2969,205.6,658,78.8,55.4,8,1.06,0,2147,13.6,0,26.61174,76.57025
PHC-0570,India - Karnataka,Amoxicillin,111,38.7,64,70.3,77.6,3,0.73,0,161,3.9,1,13.31842,77.9299
PHC-0570,India - Karnataka,Paracetamol,5936,325.6,560,36.1,59.9,2,1.32,0,3930,13.9,0,13.31842,77.9299
PHC-0570,India - Karnataka,ORS,1247,367.0,666,94.4,56.0,5,1.29,0,4709,2.6,1,13.31842,77.9299
PHC-0570,India - Karnataka,Azithromycin,3253,133.5,373,66.0,57.7,3,1.36,0,1426,17.9,0,13.31842,77.9299
PHC-0570,India - Karnataka,Insulin,515,24.5,165,40.4,63.1,1,1.36,0,214,15.4,0,13.31842,77.9299
PHC-0571,China - Beijing,Amoxicillin,5660,291.0,568,53.7,61.5,5,0.95,0,2548,20.5,0,39.82397,116.32671
PHC-0571,China - Beijing,Insulin,5720,234.3,381,86.1,98.6,12,1.14,0,2112,21.4,0,39.82397,116.32671
PHC-0571,China - Beijing,Paracetamol,262,66.1,270,50.5,71.3,9,1.2,0,564,3.3,1,39.82397,116.32671
PHC-0571,China - Beijing,ORS,1834,117.9,169,44.3,66.4,1,0.79,1,925,12.8,0,39.82397,116.32671
PHC-0571,China - Beijing,Azithromycin,3708,458.9,644,84.3,55.5,4,1.04,0,4650,7.8,0,39.82397,116.32671
PHC-0572,India - Kerala,Insulin,841,36.1,179,59.0,63.6,11,0.89,0,209,26.1,0,8.65669,77.43042
PHC-0572,India - Kerala,Azithromycin,136,25.6,82,85.3,64.6,14,0.77,0,114,6.9,1,8.65669,77.43042
PHC-0572,India - Kerala,Paracetamol,5046,337.7,524,46.8,76.3,1,0.88,0,2661,16.9,0,8.65669,77.43042
PHC-0572,India - Kerala,Amoxicillin,3038,238.8,394,83.5,58.1,9,1.34,0,2572,9.5,0,8.65669,77.43042
PHC-0572,India - Kerala,ORS,337,76.4,177,54.5,96.3,12,1.28,0,637,3.4,1,8.65669,77.43042
PHC-0573,India - Bihar,Insulin,5413,297.4,463,56.3,84.7,4,0.93,0,2342,19.6,0,25.28099,85.41855
PHC-0573,India - Bihar,Amoxicillin,903,125.2,430,76.1,88.3,4,1.02,1,1635,4.6,1,25.28099,85.41855
PHC-0573,India - Bihar,Paracetamol,1164,92.5,529,91.8,64.9,13,0.96,1,1238,8.4,0,25.28099,85.41855
PHC-0573,India - Bihar,ORS,9525,428.5,665,41.6,86.5,11,1.26,0,5356,17.6,0,25.28099,85.41855
PHC-0573,India - Bihar,Azithromycin,2461,129.2,556,77.2,95.1,1,0.92,0,1089,20.7,0,25.28099,85.41855
PHC-0574,India - Tripura,Insulin,230,66.8,389,85.4,61.8,4,1.28,0,680,2.7,1,24.1524,91.50913
PHC-0574,India - Tripura,Paracetamol,402,127.7,448,66.9,71.5,8,1.0,0,1076,3.1,1,24.1524,91.50913
PHC-0574,India - Tripura,ORS,1441,84.1,177,36.1,70.8,5,0.76,0,416,22.5,0,24.1524,91.50913
PHC-0574,India - Tripura,Azithromycin,658,167.2,339,89.1,89.2,1,0.71,0,900,5.6,1,24.1524,91.50913
PHC-0574,India - Tripura,Amoxicillin,612,24.7,131,61.1,56.2,1,1.3,1,306,12.3,0,24.1524,91.50913
PHC-0575,China - Shenzhen,Amoxicillin,4909,347.4,539,47.6,55.2,7,0.95,0,2981,14.9,0,22.44518,113.72485
PHC-0575,China - Shenzhen,Paracetamol,4660,196.6,473,37.2,67.3,1,1.28,0,2156,18.5,0,22.44518,113.72485
PHC-0575,China - Shenzhen,ORS,3940,247.9,537,41.0,70.9,11,1.14,0,2536,14.0,0,22.44518,113.72485
PHC-0575,China - Shenzhen,Azithromycin,3572,203.9,561,64.7,87.3,3,1.21,0,2262,14.5,0,22.44518,113.72485
PHC-0575,China - Shenzhen,Insulin,1548,187.9,294,62.9,68.9,13,1.33,0,1833,6.2,1,22.44518,113.72485
PHC-0576,India - Bihar,Paracetamol,1316,134.6,217,65.8,83.2,9,1.06,1,1494,6.0,1,25.29613,84.55759
PHC-0576,India - Bihar,ORS,798,39.4,75,39.3,57.0,8,1.38,0,314,14.7,0,25.29613,84.55759
PHC-0576,India - Bihar,Insulin,526,90.2,688,30.7,72.8,6,1.09,0,988,5.4,1,25.29613,84.55759
PHC-0576,India - Bihar,Azithromycin,4611,186.1,258,86.7,75.0,9,1.08,0,1422,22.9,0,25.29613,84.55759
PHC-0576,India - Bihar,Amoxicillin,6894,393.0,597,73.4,64.9,3,0.81,0,2991,21.7,0,25.29613,84.55759
PHC-0577,India - Chhattisgarh,Insulin,802,39.8,159,93.2,76.4,2,1.25,0,318,16.1,0,21.22079,81.476
PHC-0577,India - Chhattisgarh,Paracetamol,6339,296.3,629,82.8,67.8,10,0.8,0,2301,26.6,0,21.22079,81.476
PHC-0577,India - Chhattisgarh,Azithromycin,4851,374.7,684,35.1,86.0,1,1.04,0,3904,12.5,0,21.22079,81.476
PHC-0577,India - Chhattisgarh,Amoxicillin,204,40.8,336,48.3,84.4,3,0.95,0,296,5.2,1,21.22079,81.476
PHC-0577,India - Chhattisgarh,ORS,1259,123.8,658,89.6,84.4,14,0.92,1,1748,7.1,0,21.22079,81.476
PHC-0578,India - Jharkhand,Insulin,309,103.0,163,40.0,93.6,4,1.4,0,918,2.2,1,22.32553,84.89344
PHC-0578,India - Jharkhand,Azithromycin,1632,115.1,200,57.6,63.8,3,1.36,0,1042,10.4,0,22.32553,84.89344
PHC-0578,India - Jharkhand,Amoxicillin,543,104.8,323,66.5,70.4,4,1.13,0,886,4.6,1,22.32553,84.89344
PHC-0578,India - Jharkhand,ORS,4430,322.8,482,51.9,55.7,2,1.12,0,3114,12.3,0,22.32553,84.89344
PHC-0578,India - Jharkhand,Paracetamol,377,67.8,110,96.1,64.5,10,0.89,0,362,6.3,1,22.32553,84.89344
PHC-0579,India - Jharkhand,Insulin,2234,191.0,376,51.1,92.2,11,1.05,0,1588,11.1,0,23.12738,85.45621
PHC-0579,India - Jharkhand,Paracetamol,228,22.2,86,77.5,93.0,2,1.4,0,181,7.4,0,23.12738,85.45621
PHC-0579,India - Jharkhand,Amoxicillin,3106,330.8,549,66.8,85.5,7,0.87,0,2603,10.8,0,23.12738,85.45621
PHC-0579,India - Jharkhand,Azithromycin,2446,297.6,615,44.2,61.7,5,1.27,1,5583,4.2,1,23.12738,85.45621
PHC-0579,India - Jharkhand,ORS,2055,398.5,625,36.6,77.5,13,1.06,0,4085,4.8,1,23.12738,85.45621
PHC-0580,India - Odisha,ORS,4052,209.6,466,80.9,90.6,13,1.27,0,2262,15.2,0,19.81326,86.32355
PHC-0580,India - Odisha,Amoxicillin,2640,172.2,275,71.3,73.5,6,0.84,0,1039,18.2,0,19.81326,86.32355
PHC-0580,India - Odisha,Insulin,406,49.1,162,38.9,76.7,14,0.9,0,283,9.2,0,19.81326,86.32355
PHC-0580,India - Odisha,Paracetamol,148,43.3,157,32.8,91.6,2,1.33,0,367,2.6,1,19.81326,86.32355
PHC-0580,India - Odisha,Azithromycin,1028,45.4,260,61.7,89.6,13,1.13,0,363,20.0,0,19.81326,86.32355
PHC-0581,Brazil - Rio de Janeiro,Azithromycin,1537,98.7,688,65.7,56.0,14,0.93,0,925,16.7,0,-22.79849,-42.35598
PHC-0581,Brazil - Rio de Janeiro,ORS,78,28.0,105,50.0,92.6,7,1.27,0,212,2.2,1,-22.79849,-42.35598
PHC-0581,Brazil - Rio de Janeiro,Insulin,2656,445.7,635,38.7,56.0,10,0.82,0,3546,7.3,0,-22.79849,-42.35598
PHC-0581,Brazil - Rio de Janeiro,Paracetamol,1051,108.7,236,84.9,63.8,12,0.8,0,598,12.1,0,-22.79849,-42.35598
PHC-0581,Brazil - Rio de Janeiro,Amoxicillin,3846,235.0,412,79.5,61.5,12,0.97,0,1853,16.9,0,-22.79849,-42.35598
PHC-0582,India - Sikkim,Amoxicillin,345,72.5,226,30.9,82.2,6,1.13,0,559,4.2,1,27.86075,88.5027
PHC-0582,India - Sikkim,Paracetamol,451,37.6,83,50.6,64.8,3,1.3,1,442,6.0,1,27.86075,88.5027
PHC-0582,India - Sikkim,Insulin,5740,262.0,468,31.8,95.9,5,1.05,0,2344,20.9,0,27.86075,88.5027
PHC-0582,India - Sikkim,Azithromycin,3362,168.2,616,79.8,59.3,8,1.09,1,2727,11.8,0,27.86075,88.5027
PHC-0582,India - Sikkim,ORS,595,90.5,176,53.6,61.8,13,1.28,0,748,5.2,1,27.86075,88.5027
PHC-0583,India - Maharashtra,ORS,2579,213.5,316,51.3,61.9,10,0.72,0,1150,16.7,0,18.96606,73.05846
PHC-0583,India - Maharashtra,Amoxicillin,176,54.1,163,37.6,84.9,10,1.36,0,469,2.4,1,18.96606,73.05846
PHC-0583,India - Maharashtra,Paracetamol,8317,454.7,620,79.2,82.7,11,1.38,0,6036,13.2,0,18.96606,73.05846
PHC-0583,India - Maharashtra,Azithromycin,157,28.2,74,80.3,92.3,11,1.3,1,329,2.8,1,18.96606,73.05846
PHC-0583,India - Maharashtra,Insulin,2967,125.8,278,44.3,58.5,11,1.0,0,907,23.5,0,18.96606,73.05846
PHC-0584,India - Odisha,Insulin,3955,395.5,549,72.0,89.5,9,1.06,0,3817,9.4,0,20.26317,85.68166
PHC-0584,India - Odisha,Amoxicillin,435,32.5,171,73.5,80.7,1,1.2,0,251,11.2,0,20.26317,85.68166
PHC-0584,India - Odisha,Paracetamol,1329,66.5,111,77.8,88.5,2,1.37,1,854,9.4,0,20.26317,85.68166
PHC-0584,India - Odisha,Azithromycin,264,113.7,354,72.9,74.4,10,0.8,0,705,2.9,1,20.26317,85.68166
PHC-0584,India - Odisha,ORS,1399,69.5,430,91.3,86.0,14,0.74,0,427,27.1,0,20.26317,85.68166
PHC-0585,China - Shenzhen,Paracetamol,1013,72.3,105,94.7,74.7,10,1.3,0,563,10.8,0,22.50003,114.85486
PHC-0585,China - Shenzhen,Azithromycin,2025,88.3,127,53.9,90.7,2,0.86,0,464,26.8,0,22.50003,114.85486
PHC-0585,China - Shenzhen,Insulin,781,234.6,552,40.9,97.8,3,1.05,0,2235,3.2,1,22.50003,114.85486
PHC-0585,China - Shenzhen,Amoxicillin,1571,78.7,448,53.7,75.7,3,1.39,0,921,14.3,0,22.50003,114.85486
PHC-0585,China - Shenzhen,ORS,276,68.1,131,78.7,75.3,7,0.82,0,345,4.9,1,22.50003,114.85486
PHC-0586,India - Telangana,ORS,9532,472.1,646,31.9,60.2,6,0.85,0,3934,23.7,0,17.42176,79.11486
PHC-0586,India - Telangana,Amoxicillin,1142,46.9,140,62.1,64.5,7,1.38,0,403,17.7,0,17.42176,79.11486
PHC-0586,India - Telangana,Azithromycin,1223,69.7,408,63.6,83.1,2,1.29,0,732,13.5,0,17.42176,79.11486
PHC-0586,India - Telangana,Insulin,2224,127.0,216,39.2,76.7,13,1.0,0,861,17.5,0,17.42176,79.11486
PHC-0586,India - Telangana,Paracetamol,2039,184.9,362,67.9,72.8,6,1.33,0,1916,8.3,0,17.42176,79.11486
PHC-0587,India - Telangana,Amoxicillin,4994,209.7,350,59.7,96.1,13,1.31,0,2121,18.1,0,17.72704,78.23639
PHC-0587,India - Telangana,Insulin,1919,139.2,240,67.6,73.8,12,1.17,0,1124,11.8,0,17.72704,78.23639
PHC-0587,India - Telangana,ORS,2737,270.4,617,40.0,66.5,11,1.15,0,2971,8.8,0,17.72704,78.23639
PHC-0587,India - Telangana,Azithromycin,707,67.8,207,45.9,67.9,1,1.19,0,542,8.7,0,17.72704,78.23639
PHC-0587,India - Telangana,Paracetamol,225,24.5,126,35.2,82.6,14,0.71,0,107,12.9,0,17.72704,78.23639
PHC-0588,India - Tripura,ORS,1679,199.6,543,66.6,58.1,12,0.73,0,1317,11.5,0,23.53118,91.4409
PHC-0588,India - Tripura,Insulin,615,34.9,280,85.5,61.7,4,1.09,1,427,10.4,0,23.53118,91.4409
PHC-0588,India - Tripura,Paracetamol,1925,336.1,579,93.4,55.0,4,0.91,1,4392,4.1,1,23.53118,91.4409
PHC-0588,India - Tripura,Azithromycin,3461,171.3,676,91.1,76.9,10,0.81,0,1384,25.0,0,23.53118,91.4409
PHC-0588,India - Tripura,Amoxicillin,356,38.8,175,39.9,59.8,14,1.07,0,267,8.6,0,23.53118,91.4409
PHC-0589,India - Sikkim,Amoxicillin,273,116.5,198,50.7,80.4,3,1.22,0,944,1.9,1,27.34409,88.15976
PHC-0589,India - Sikkim,Azithromycin,73,36.4,124,32.6,59.4,14,1.38,0,308,1.4,1,27.34409,88.15976
PHC-0589,India - Sikkim,Paracetamol,7550,352.5,476,57.7,94.4,12,1.0,0,3036,21.3,0,27.34409,88.15976
PHC-0589,India - Sikkim,ORS,3981,198.6,285,57.3,93.5,8,1.02,0,1475,19.6,0,27.34409,88.15976
PHC-0589,India - Sikkim,Insulin,1533,166.5,686,89.5,99.5,5,0.88,0,1481,10.4,0,27.34409,88.15976
PHC-0590,Russia - Novosibirsk,Insulin,1099,47.7,279,69.2,64.9,1,0.85,0,291,27.3,0,54.52391,82.4305
PHC-0590,Russia - Novosibirsk,Paracetamol,1070,57.7,381,47.9,72.3,1,1.08,0,491,17.2,0,54.52391,82.4305
PHC-0590,Russia - Novosibirsk,ORS,2471,324.5,488,83.8,66.9,7,0.83,0,2336,9.2,0,54.52391,82.4305
PHC-0590,Russia - Novosibirsk,Azithromycin,3336,169.2,446,39.0,82.2,10,0.71,0,1004,27.8,0,54.52391,82.4305
PHC-0590,Russia - Novosibirsk,Amoxicillin,1126,105.5,679,68.2,87.7,9,1.19,0,1259,8.9,0,54.52391,82.4305
PHC-0591,India - Uttarakhand,Amoxicillin,1134,81.4,220,30.6,68.4,5,0.89,0,489,15.7,0,30.35832,78.42377
PHC-0591,India - Uttarakhand,Azithromycin,958,175.1,629,87.9,72.2,12,0.83,0,1401,6.6,1,30.35832,78.42377
PHC-0591,India - Uttarakhand,Paracetamol,6621,298.4,417,77.2,62.2,10,1.04,0,2531,21.4,0,30.35832,78.42377
PHC-0591,India - Uttarakhand,ORS,787,376.7,540,89.6,79.3,8,0.81,0,2741,2.6,1,30.35832,78.42377
PHC-0591,India - Uttarakhand,Insulin,1683,124.7,310,40.0,60.1,8,1.16,1,1668,7.5,0,30.35832,78.42377
PHC-0592,Brazil - Brasilia,Amoxicillin,3943,392.4,647,57.9,88.5,11,1.39,1,8270,4.7,1,-15.7947,-48.67115
PHC-0592,Brazil - Brasilia,ORS,1524,119.8,194,88.9,84.2,7,1.36,1,1663,6.1,1,-15.7947,-48.67115
PHC-0592,Brazil - Brasilia,Azithromycin,6831,381.0,517,46.2,55.1,5,1.18,0,3983,15.2,0,-15.7947,-48.67115
PHC-0592,Brazil - Brasilia,Insulin,391,144.1,308,58.3,91.0,4,0.72,0,767,3.8,1,-15.7947,-48.67115
PHC-0592,Brazil - Brasilia,Paracetamol,3572,325.2,490,85.2,87.6,3,1.31,0,3710,8.4,0,-15.7947,-48.67115
PHC-0593,India - Gujarat,ORS,1162,80.6,398,60.9,81.8,9,1.16,0,753,12.4,0,22.96302,73.3036
PHC-0593,India - Gujarat,Insulin,976,49.8,135,84.2,68.2,8,0.88,0,272,22.2,0,22.96302,73.3036
PHC-0593,India - Gujarat,Paracetamol,485,41.0,323,50.9,89.5,11,0.8,0,246,14.8,0,22.96302,73.3036
PHC-0593,India - Gujarat,Amoxicillin,2661,107.4,165,62.4,86.5,10,1.2,0,824,20.7,0,22.96302,73.3036
PHC-0593,India - Gujarat,Azithromycin,1234,50.3,268,33.9,98.3,8,0.88,0,315,27.9,0,22.96302,73.3036
PHC-0594,China - Shenzhen,Paracetamol,1265,81.7,581,59.2,65.1,5,0.97,1,1143,10.3,0,22.03,113.91326
PHC-0594,China - Shenzhen,ORS,4483,182.7,467,61.4,70.7,12,0.97,0,1512,25.3,0,22.03,113.91326
PHC-0594,China - Shenzhen,Insulin,921,38.2,147,79.9,89.4,4,1.22,0,292,19.8,0,22.03,113.91326
PHC-0594,China - Shenzhen,Azithromycin,1916,248.0,417,39.0,99.2,2,0.72,0,1458,10.7,0,22.03,113.91326
PHC-0594,China - Shenzhen,Amoxicillin,5636,230.1,353,38.1,72.8,5,1.21,0,2157,20.2,0,22.03,113.91326
PHC-0595,India - Maharashtra,Azithromycin,2811,133.5,455,76.5,84.0,11,1.24,0,1394,17.0,0,19.23749,73.07716
PHC-0595,India - Maharashtra,ORS,2506,126.1,281,87.7,72.2,4,1.26,0,1142,15.8,0,19.23749,73.07716
PHC-0595,India - Maharashtra,Insulin,2264,99.4,361,67.0,76.7,2,1.22,0,943,18.7,0,19.23749,73.07716
PHC-0595,India - Maharashtra,Amoxicillin,512,106.7,584,60.8,67.6,2,1.25,0,1246,3.8,1,19.23749,73.07716
PHC-0595,India - Maharashtra,Paracetamol,334,24.6,101,33.3,65.8,13,1.13,0,166,12.0,0,19.23749,73.07716
PHC-0596,India - West Bengal,Azithromycin,7532,451.9,612,32.9,72.7,1,0.88,0,3795,18.9,0,22.6101,88.47548
PHC-0596,India - West Bengal,Amoxicillin,3441,374.7,585,97.3,67.2,4,1.18,0,4130,7.8,0,22.6101,88.47548
PHC-0596,India - West Bengal,Paracetamol,1652,112.5,671,76.0,91.8,4,0.89,0,997,16.5,0,22.6101,88.47548
PHC-0596,India - West Bengal,ORS,773,355.5,582,35.9,99.9,13,1.21,0,4024,1.8,1,22.6101,88.47548
PHC-0596,India - West Bengal,Insulin,1410,72.6,501,74.5,93.2,13,1.24,0,792,15.6,0,22.6101,88.47548
PHC-0597,India - Bihar,Azithromycin,1227,116.6,369,96.3,85.1,14,1.32,1,1862,5.2,1,25.31668,85.43732
PHC-0597,India - Bihar,ORS,3419,159.1,552,64.1,80.4,8,1.08,0,1564,19.9,0,25.31668,85.43732
PHC-0597,India - Bihar,Paracetamol,3926,193.7,381,61.1,63.6,1,0.98,0,1510,20.6,0,25.31668,85.43732
PHC-0597,India - Bihar,Insulin,5245,289.0,611,58.3,82.1,2,1.32,0,3630,13.8,0,25.31668,85.43732
PHC-0597,India - Bihar,Amoxicillin,1389,74.3,469,91.2,86.1,2,1.38,0,877,13.5,0,25.31668,85.43732
PHC-0598,Brazil - Rio de Janeiro,Azithromycin,2167,187.1,414,53.8,83.5,8,1.22,0,1865,9.5,0,-23.38055,-43.05507
PHC-0598,Brazil - Rio de Janeiro,Paracetamol,3060,341.4,517,50.7,91.3,5,1.38,1,6470,4.2,1,-23.38055,-43.05507
PHC-0598,Brazil - Rio de Janeiro,Insulin,658,33.8,112,84.8,77.7,2,0.71,0,145,27.4,0,-23.38055,-43.05507
PHC-0598,Brazil - Rio de Janeiro,Amoxicillin,3402,198.9,669,39.2,87.1,1,1.13,0,2242,15.1,0,-23.38055,-43.05507
PHC-0598,Brazil - Rio de Janeiro,ORS,3393,230.5,331,90.4,73.6,6,1.12,1,3017,8.5,0,-23.38055,-43.05507
PHC-0599,India - Tamil Nadu,Azithromycin,938,215.5,288,71.6,90.5,4,1.25,0,1959,3.5,1,12.8643,80.26206
PHC-0599,India - Tamil Nadu,Amoxicillin,2553,124.8,192,46.1,70.3,1,1.06,0,871,19.3,0,12.8643,80.26206
PHC-0599,India - Tamil Nadu,ORS,987,108.6,155,92.8,91.0,12,1.21,1,1290,4.8,1,12.8643,80.26206
PHC-0599,India - Tamil Nadu,Insulin,309,72.5,104,62.5,79.8,5,0.79,0,341,5.4,1,12.8643,80.26206
PHC-0599,India - Tamil Nadu,Paracetamol,1996,129.8,319,39.2,64.0,7,0.83,1,1245,12.0,0,12.8643,80.26206
PHC-0600,India - Madhya Pradesh,ORS,1312,88.9,509,47.9,94.3,4,0.87,0,678,17.1,0,23.03211,77.0349
PHC-0600,India - Madhya Pradesh,Paracetamol,9263,388.1,660,58.0,57.0,6,1.16,0,4455,20.5,0,23.03211,77.0349
PHC-0600,India - Madhya Pradesh,Insulin,190,43.5,81,38.8,74.8,2,1.02,1,399,2.8,1,23.03211,77.0349
PHC-0600,India - Madhya Pradesh,Azithromycin,933,51.0,137,86.2,70.7,4,1.14,0,362,16.0,0,23.03211,77.0349
PHC-0600,India - Madhya Pradesh,Amoxicillin,1292,73.0,375,48.2,69.3,5,1.1,0,633,16.1,0,23.03211,77.0349
PHC-0601,India - Uttar Pradesh,ORS,3673,148.6,479,74.4,85.8,5,0.74,0,944,33.5,0,26.4636,81.06298
PHC-0601,India - Uttar Pradesh,Amoxicillin,5940,258.9,398,43.0,87.1,5,1.31,0,2729,17.5,0,26.4636,81.06298
PHC-0601,India - Uttar Pradesh,Paracetamol,1385,57.7,204,48.8,66.4,7,0.84,0,325,28.4,0,26.4636,81.06298
PHC-0601,India - Uttar Pradesh,Azithromycin,6184,260.9,544,64.3,98.4,2,1.33,0,3152,17.8,0,26.4636,81.06298
PHC-0601,India - Uttar Pradesh,Insulin,3268,221.3,328,44.1,96.6,9,1.05,1,2722,9.1,0,26.4636,81.06298
PHC-0602,India - Punjab,ORS,6329,456.0,677,30.9,86.2,7,0.74,0,3390,18.7,0,30.49747,76.09919
PHC-0602,India - Punjab,Amoxicillin,2667,108.7,399,37.7,89.1,3,1.15,0,1002,21.4,0,30.49747,76.09919
PHC-0602,India - Punjab,Paracetamol,1933,139.5,565,83.8,89.4,14,0.92,0,1186,15.0,0,30.49747,76.09919
PHC-0602,India - Punjab,Insulin,2947,173.3,414,54.8,70.9,14,1.03,0,1453,16.5,0,30.49747,76.09919
PHC-0602,India - Punjab,Azithromycin,276,130.3,581,59.9,58.4,10,1.09,0,1328,1.9,1,30.49747,76.09919
PHC-0603,India - West Bengal,Insulin,1257,76.3,134,55.4,56.0,5,0.92,0,436,17.8,0,22.3718,88.14139
PHC-0603,India - West Bengal,Amoxicillin,2147,371.1,515,48.4,92.5,5,1.35,0,4429,4.3,1,22.3718,88.14139
PHC-0603,India - West Bengal,Azithromycin,1250,60.7,396,70.4,76.6,8,0.91,0,444,22.6,0,22.3718,88.14139
PHC-0603,India - West Bengal,ORS,560,41.0,240,32.4,89.8,11,0.85,1,373,10.4,0,22.3718,88.14139
PHC-0603,India - West Bengal,Paracetamol,1176,114.3,280,65.1,70.2,7,0.95,0,784,10.8,0,22.3718,88.14139
PHC-0604,India - Andhra Pradesh,Amoxicillin,346,127.9,237,68.2,92.5,13,0.96,0,845,2.8,1,16.9738,80.7556
PHC-0604,India - Andhra Pradesh,Paracetamol,89,24.7,64,46.2,84.1,5,1.03,0,145,3.5,1,16.9738,80.7556
PHC-0604,India - Andhra Pradesh,Azithromycin,280,56.3,184,43.6,68.3,14,1.07,0,393,4.7,1,16.9738,80.7556
PHC-0604,India - Andhra Pradesh,ORS,1430,153.4,228,82.7,82.0,12,1.29,0,1357,7.2,0,16.9738,80.7556
PHC-0604,India - Andhra Pradesh,Insulin,168,75.8,457,89.5,68.3,9,1.01,0,648,2.2,1,16.9738,80.7556
PHC-0605,India - Gujarat,Insulin,472,27.0,95,95.2,89.0,3,0.79,0,126,22.2,0,23.19455,71.83248
PHC-0605,India - Gujarat,Amoxicillin,1841,96.8,330,62.1,94.8,12,0.95,1,1079,12.9,0,23.19455,71.83248
PHC-0605,India - Gujarat,Azithromycin,1657,255.3,442,66.1,69.0,6,0.71,0,1510,9.2,0,23.19455,71.83248
PHC-0605,India - Gujarat,ORS,9185,445.9,616,80.3,75.4,3,0.88,0,3758,23.4,0,23.19455,71.83248
PHC-0605,India - Gujarat,Paracetamol,5063,245.1,524,42.7,55.2,3,0.79,0,1722,26.2,0,23.19455,71.83248
PHC-0606,India - Andhra Pradesh,Azithromycin,912,140.9,188,45.6,68.3,10,1.25,0,1156,5.2,1,16.4949,81.33913
PHC-0606,India - Andhra Pradesh,Insulin,4069,172.7,372,32.4,62.1,8,0.97,0,1312,24.4,0,16.4949,81.33913
PHC-0606,India - Andhra Pradesh,Amoxicillin,6341,360.5,528,93.4,97.3,2,1.06,0,3414,16.6,0,16.4949,81.33913
PHC-0606,India - Andhra Pradesh,ORS,1444,84.4,243,94.8,89.4,11,1.2,0,702,14.3,0,16.4949,81.33913
PHC-0606,India - Andhra Pradesh,Paracetamol,1106,67.6,185,76.1,78.2,12,0.82,0,361,20.0,0,16.4949,81.33913
PHC-0607,India - Bihar,Amoxicillin,2425,108.0,320,60.8,95.3,2,1.04,0,845,21.5,0,25.62377,85.32184
PHC-0607,India - Bihar,Azithromycin,1154,47.6,139,47.8,92.0,11,1.05,0,310,23.2,0,25.62377,85.32184
PHC-0607,India - Bihar,Insulin,770,167.2,322,84.8,65.6,3,1.0,0,1254,4.6,1,25.62377,85.32184
PHC-0607,India - Bihar,ORS,5890,330.4,541,38.9,89.8,7,1.0,0,2975,17.9,0,25.62377,85.32184
PHC-0607,India - Bihar,Paracetamol,3770,181.3,469,93.0,97.2,4,1.19,0,1841,17.5,0,25.62377,85.32184
PHC-0608,India - Madhya Pradesh,Paracetamol,437,136.1,561,87.4,64.1,14,0.72,0,895,4.5,1,23.56346,76.71089
PHC-0608,India - Madhya Pradesh,Azithromycin,809,71.0,246,46.1,80.1,14,0.93,0,458,12.3,0,23.56346,76.71089
PHC-0608,India - Madhya Pradesh,Insulin,4175,239.8,340,76.4,76.9,7,0.91,0,1669,19.1,0,23.56346,76.71089
PHC-0608,India - Madhya Pradesh,Amoxicillin,641,127.0,527,55.3,60.9,8,0.86,0,978,5.9,1,23.56346,76.71089
PHC-0608,India - Madhya Pradesh,ORS,872,43.2,165,31.1,99.9,12,1.06,0,294,19.0,0,23.56346,76.71089
PHC-0609,China - Shenzhen,Insulin,4645,342.6,517,86.9,61.7,14,1.07,0,3253,12.7,0,22.6136,113.79979
PHC-0609,China - Shenzhen,Azithromycin,10179,481.3,689,91.7,83.6,5,0.96,0,4671,22.0,0,22.6136,113.79979
PHC-0609,China - Shenzhen,ORS,1085,407.6,620,85.6,86.7,2,0.76,0,2978,3.5,1,22.6136,113.79979
PHC-0609,China - Shenzhen,Paracetamol,4061,185.0,599,43.1,73.8,7,0.88,0,1542,24.9,0,22.6136,113.79979
PHC-0609,China - Shenzhen,Amoxicillin,3371,182.7,276,92.2,73.2,4,0.87,0,1139,21.3,0,22.6136,113.79979
PHC-0610,India - Gujarat,Amoxicillin,467,30.7,65,79.2,72.2,3,1.19,0,209,12.7,0,23.47921,72.45969
PHC-0610,India - Gujarat,Azithromycin,197,90.5,287,61.4,88.3,2,1.25,0,821,1.7,1,23.47921,72.45969
PHC-0610,India - Gujarat,Insulin,2362,95.9,405,51.2,74.3,2,0.75,0,584,32.7,0,23.47921,72.45969
PHC-0610,India - Gujarat,ORS,210,16.3,93,78.5,76.3,7,1.38,0,132,9.3,0,23.47921,72.45969
PHC-0610,India - Gujarat,Paracetamol,4961,240.1,337,55.0,89.7,8,1.05,0,1926,19.6,0,23.47921,72.45969
PHC-0611,India - Jammu & Kashmir,Paracetamol,7180,320.4,621,60.4,63.6,9,0.84,0,2589,26.6,0,33.3362,75.61761
PHC-0611,India - Jammu & Kashmir,Amoxicillin,138,31.6,102,89.2,71.3,2,0.96,0,181,4.6,1,33.3362,75.61761
PHC-0611,India - Jammu & Kashmir,ORS,1790,85.6,150,54.5,76.5,5,0.93,0,499,22.6,0,33.3362,75.61761
PHC-0611,India - Jammu & Kashmir,Insulin,854,67.4,198,63.7,56.1,9,0.81,0,364,15.6,0,33.3362,75.61761
PHC-0611,India - Jammu & Kashmir,Azithromycin,3268,143.2,254,81.3,69.1,1,1.01,0,1021,22.5,0,33.3362,75.61761
PHC-0612,China - Shanghai,Amoxicillin,5687,343.6,490,88.8,87.6,6,1.38,0,4103,12.0,0,31.14806,121.40407
PHC-0612,China - Shanghai,Azithromycin,4178,195.3,288,93.9,78.6,14,1.22,0,1731,17.5,0,31.14806,121.40407
PHC-0612,China - Shanghai,Insulin,4664,239.9,399,59.1,90.8,11,1.31,0,2534,14.8,0,31.14806,121.40407
PHC-0612,China - Shanghai,Paracetamol,1270,63.8,97,61.9,81.1,7,1.18,0,446,16.9,0,31.14806,121.40407
PHC-0612,China - Shanghai,ORS,4345,193.9,637,93.7,73.1,5,1.34,0,2521,16.7,0,31.14806,121.40407
PHC-0613,India - Jharkhand,Paracetamol,1563,192.3,431,62.7,81.0,14,1.15,0,1824,7.1,0,23.73761,85.74948
PHC-0613,India - Jharkhand,Azithromycin,4753,289.6,621,92.7,72.7,6,1.31,1,5653,8.1,0,23.73761,85.74948
PHC-0613,India - Jharkhand,Amoxicillin,731,46.0,335,91.4,57.4,5,0.84,0,293,19.0,0,23.73761,85.74948
PHC-0613,India - Jharkhand,ORS,1046,100.9,578,46.2,98.4,12,1.18,0,1105,8.8,0,23.73761,85.74948
PHC-0613,India - Jharkhand,Insulin,5224,227.5,496,46.2,56.2,13,1.0,0,1985,23.0,0,23.73761,85.74948
PHC-0614,Russia - Saint Petersburg,Azithromycin,1654,268.6,615,97.7,84.7,8,1.3,0,3332,4.7,1,59.87036,29.56286
PHC-0614,Russia - Saint Petersburg,Insulin,693,40.0,317,36.9,98.3,8,0.87,0,261,19.8,0,59.87036,29.56286
PHC-0614,Russia - Saint Petersburg,Amoxicillin,552,32.3,74,83.3,89.1,8,1.34,0,249,12.8,0,59.87036,29.56286
PHC-0614,Russia - Saint Petersburg,Paracetamol,1789,210.6,314,46.7,55.4,8,1.22,0,1909,7.0,1,59.87036,29.56286
PHC-0614,Russia - Saint Petersburg,ORS,99,33.3,165,63.2,63.7,4,1.26,1,415,1.5,1,59.87036,29.56286
PHC-0615,India - Andhra Pradesh,ORS,1462,97.7,155,59.4,56.5,8,1.15,1,1103,8.4,0,16.70438,80.74829
PHC-0615,India - Andhra Pradesh,Paracetamol,3044,188.1,502,85.3,89.4,10,1.04,0,1720,15.5,0,16.70438,80.74829
PHC-0615,India - Andhra Pradesh,Azithromycin,2481,420.0,607,88.7,63.8,6,1.39,0,5532,4.3,1,16.70438,80.74829
PHC-0615,India - Andhra Pradesh,Insulin,3906,197.6,341,83.7,56.8,11,0.89,0,1345,22.2,0,16.70438,80.74829
PHC-0615,India - Andhra Pradesh,Amoxicillin,3301,373.8,679,84.0,69.0,10,0.94,0,3515,9.4,0,16.70438,80.74829
PHC-0616,India - Odisha,Azithromycin,692,34.5,128,89.3,77.6,9,0.9,0,192,22.2,0,20.64352,85.41231
PHC-0616,India - Odisha,Paracetamol,598,32.5,104,53.3,92.0,6,1.02,0,199,17.9,0,20.64352,85.41231
PHC-0616,India - Odisha,Amoxicillin,1462,247.0,616,67.4,77.4,14,1.25,0,2947,4.7,1,20.64352,85.41231
PHC-0616,India - Odisha,Insulin,1631,199.1,272,46.3,68.1,10,1.17,0,1666,7.0,0,20.64352,85.41231
PHC-0616,India - Odisha,ORS,4683,507.1,689,45.1,71.1,2,0.81,0,4142,11.4,0,20.64352,85.41231
PHC-0617,South Africa - Durban,Paracetamol,4926,244.5,419,92.5,77.4,11,0.77,0,1546,26.1,0,-30.1858,31.28223
PHC-0617,South Africa - Durban,Azithromycin,5501,361.7,563,39.5,61.0,3,1.32,0,4401,11.5,0,-30.1858,31.28223
PHC-0617,South Africa - Durban,ORS,1832,98.6,144,62.5,75.9,3,1.17,0,723,15.9,0,-30.1858,31.28223
PHC-0617,South Africa - Durban,Insulin,627,37.5,61,76.7,99.8,14,0.71,0,151,23.7,0,-30.1858,31.28223
PHC-0617,South Africa - Durban,Amoxicillin,1619,91.2,362,64.2,69.3,11,0.86,0,612,20.6,0,-30.1858,31.28223
PHC-0618,India - Haryana,Insulin,1073,55.9,75,71.0,72.8,9,1.39,0,449,13.8,0,28.46943,75.75441
PHC-0618,India - Haryana,ORS,543,112.1,423,42.1,66.6,12,0.76,1,1080,4.1,1,28.46943,75.75441
PHC-0618,India - Haryana,Amoxicillin,3171,141.4,538,95.2,65.0,3,0.91,0,1155,24.8,0,28.46943,75.75441
PHC-0618,India - Haryana,Paracetamol,2766,227.1,429,75.9,90.1,14,0.78,0,1460,15.6,0,28.46943,75.75441
PHC-0618,India - Haryana,Azithromycin,1831,330.7,586,81.4,85.0,13,0.89,0,2738,6.3,1,28.46943,75.75441
PHC-0619,Brazil - Sao Paulo,Insulin,7348,298.9,443,95.4,93.4,8,0.99,0,2470,24.8,0,-23.64131,-46.33603
PHC-0619,Brazil - Sao Paulo,Azithromycin,2873,291.2,548,59.6,58.6,5,1.24,0,3281,8.0,0,-23.64131,-46.33603
PHC-0619,Brazil - Sao Paulo,Paracetamol,1245,87.6,178,90.7,84.6,5,1.25,0,712,11.4,0,-23.64131,-46.33603
PHC-0619,Brazil - Sao Paulo,ORS,531,95.9,163,86.7,97.4,2,0.9,0,550,6.2,1,-23.64131,-46.33603
PHC-0619,Brazil - Sao Paulo,Amoxicillin,1224,102.7,333,74.0,99.5,7,0.91,0,708,13.1,0,-23.64131,-46.33603
PHC-0620,China - Shanghai,Insulin,1911,427.6,599,66.8,68.1,11,1.27,0,5135,3.5,1,31.31293,121.43326
PHC-0620,China - Shanghai,Paracetamol,3135,308.6,509,76.4,99.9,3,1.02,0,2780,9.9,0,31.31293,121.43326
PHC-0620,China - Shanghai,Azithromycin,1125,172.3,292,84.7,78.2,14,1.25,0,1573,5.2,1,31.31293,121.43326
PHC-0620,China - Shanghai,Amoxicillin,368,179.8,284,90.4,91.8,4,1.38,0,1795,1.5,1,31.31293,121.43326
PHC-0620,China - Shanghai,ORS,877,82.7,365,54.5,81.9,7,1.01,1,1007,6.8,1,31.31293,121.43326
PHC-0621,Russia - Novosibirsk,Paracetamol,5040,274.2,484,75.9,91.8,11,1.4,0,3307,13.2,0,54.91717,82.30674
PHC-0621,Russia - Novosibirsk,Insulin,215,107.5,170,67.1,84.7,7,0.83,0,577,2.4,1,54.91717,82.30674
PHC-0621,Russia - Novosibirsk,Azithromycin,107,20.9,129,85.6,91.4,12,1.11,0,143,4.6,1,54.91717,82.30674
PHC-0621,Russia - Novosibirsk,Amoxicillin,2949,390.1,618,92.1,89.9,2,0.76,0,2826,10.0,0,54.91717,82.30674
PHC-0621,Russia - Novosibirsk,ORS,6697,415.8,617,41.7,85.6,13,1.17,0,4640,13.8,0,54.91717,82.30674
PHC-0622,India - Uttarakhand,Paracetamol,2157,171.1,576,45.7,78.3,4,0.83,0,1325,15.1,0,30.03887,78.22292
PHC-0622,India - Uttarakhand,ORS,1221,107.7,312,57.5,87.6,2,1.04,0,831,10.9,0,30.03887,78.22292
PHC-0622,India - Uttarakhand,Insulin,822,202.3,512,61.4,82.7,1,1.26,0,2247,3.2,1,30.03887,78.22292
PHC-0622,India - Uttarakhand,Azithromycin,4585,190.9,666,43.5,56.9,6,0.79,1,2311,19.7,0,30.03887,78.22292
PHC-0622,India - Uttarakhand,Amoxicillin,77,36.7,114,82.2,68.5,13,0.72,0,159,2.9,1,30.03887,78.22292
PHC-0623,India - West Bengal,ORS,50,18.2,141,90.0,63.4,8,0.98,0,111,2.8,1,22.02153,88.10648
PHC-0623,India - West Bengal,Paracetamol,1889,254.6,598,74.8,71.5,4,1.25,0,3008,5.9,1,22.02153,88.10648
PHC-0623,India - West Bengal,Azithromycin,9115,388.9,618,38.2,85.1,4,1.14,0,4251,20.5,0,22.02153,88.10648
PHC-0623,India - West Bengal,Amoxicillin,446,50.8,369,35.5,71.5,1,1.31,0,522,6.7,1,22.02153,88.10648
PHC-0623,India - West Bengal,Insulin,1083,92.6,321,84.2,92.4,6,0.99,0,691,11.8,0,22.02153,88.10648
PHC-0624,India - Bihar,Insulin,877,91.8,538,93.3,58.3,7,0.87,0,719,11.0,0,25.3964,85.00209
PHC-0624,India - Bihar,ORS,6217,339.8,471,92.5,93.6,4,1.14,0,3303,16.1,0,25.3964,85.00209
PHC-0624,India - Bihar,Amoxicillin,1418,78.2,141,70.8,75.2,8,1.17,0,572,15.5,0,25.3964,85.00209
PHC-0624,India - Bihar,Azithromycin,3657,255.8,572,64.7,88.8,8,1.23,0,2912,11.6,0,25.3964,85.00209
PHC-0624,India - Bihar,Paracetamol,356,77.3,593,47.8,89.5,5,1.26,0,915,3.7,1,25.3964,85.00209
PHC-0625,India - Punjab,Paracetamol,268,74.1,215,47.3,86.4,10,1.34,0,672,2.7,1,30.68007,75.59499
PHC-0625,India - Punjab,Azithromycin,678,34.8,270,86.8,73.6,11,1.05,0,260,18.6,0,30.68007,75.59499
PHC-0625,India - Punjab,ORS,1286,68.3,439,84.4,59.9,3,1.35,0,765,14.0,0,30.68007,75.59499
PHC-0625,India - Punjab,Insulin,9424,422.6,574,45.1,97.9,9,1.01,0,3957,22.1,0,30.68007,75.59499
PHC-0625,India - Punjab,Amoxicillin,2819,114.1,207,60.3,80.8,3,0.91,0,695,27.2,0,30.68007,75.59499
PHC-0626,China - Beijing,Paracetamol,2714,212.8,290,79.3,93.2,14,0.78,0,1211,16.3,0,40.17004,116.68319
PHC-0626,China - Beijing,ORS,2249,127.6,270,68.9,87.7,10,0.81,0,736,21.8,0,40.17004,116.68319
PHC-0626,China - Beijing,Insulin,2807,144.2,377,86.5,73.1,4,1.12,0,1275,17.4,0,40.17004,116.68319
PHC-0626,China - Beijing,Azithromycin,467,57.0,80,83.6,56.9,7,0.94,0,312,8.7,0,40.17004,116.68319
PHC-0626,China - Beijing,Amoxicillin,6094,277.1,562,85.8,82.8,11,0.94,0,2402,23.3,0,40.17004,116.68319
PHC-0627,South Africa - Durban,Insulin,461,36.5,304,86.5,89.5,3,1.4,0,376,9.0,0,-29.98721,31.06897
PHC-0627,South Africa - Durban,Amoxicillin,1761,83.6,153,73.6,76.7,4,1.13,0,599,18.6,0,-29.98721,31.06897
PHC-0627,South Africa - Durban,Azithromycin,202,17.5,80,90.7,63.5,4,0.75,0,76,15.4,0,-29.98721,31.06897
PHC-0627,South Africa - Durban,Paracetamol,1387,130.1,286,59.3,84.7,13,1.28,0,1209,8.3,0,-29.98721,31.06897
PHC-0627,South Africa - Durban,ORS,5668,298.6,559,35.9,96.3,13,1.07,0,2927,17.7,0,-29.98721,31.06897
PHC-0628,India - Madhya Pradesh,Paracetamol,3970,229.0,529,79.9,81.8,4,0.78,0,1602,22.2,0,22.9642,77.00861
PHC-0628,India - Madhya Pradesh,Insulin,2499,264.1,449,93.1,90.8,10,1.3,0,2873,7.3,0,22.9642,77.00861
PHC-0628,India - Madhya Pradesh,Amoxicillin,7071,311.0,439,86.3,95.1,6,1.34,0,3473,16.9,0,22.9642,77.00861
PHC-0628,India - Madhya Pradesh,ORS,3275,202.5,441,82.6,77.3,3,1.06,1,2772,9.8,0,22.9642,77.00861
PHC-0628,India - Madhya Pradesh,Azithromycin,1139,62.2,308,54.7,66.2,7,1.14,1,814,10.4,0,22.9642,77.00861
PHC-0629,India - Telangana,Amoxicillin,3823,211.0,544,97.0,69.2,6,1.11,0,2121,16.3,0,17.16782,78.08278
PHC-0629,India - Telangana,Insulin,1557,153.2,241,37.5,56.1,3,0.72,0,768,14.1,0,17.16782,78.08278
PHC-0629,India - Telangana,ORS,4299,222.5,359,55.9,97.0,10,1.31,0,2271,14.7,0,17.16782,78.08278
PHC-0629,India - Telangana,Paracetamol,1171,88.5,139,38.2,70.0,11,1.39,0,766,9.5,0,17.16782,78.08278
PHC-0629,India - Telangana,Azithromycin,3128,469.5,676,95.9,78.3,11,1.22,0,5723,5.5,1,17.16782,78.08278
PHC-0630,India - Gujarat,Azithromycin,3350,147.3,279,32.8,55.7,5,1.11,0,1182,20.4,0,23.07672,72.8254
PHC-0630,India - Gujarat,ORS,3030,417.1,569,62.7,96.2,9,1.13,0,4360,6.4,1,23.07672,72.8254
PHC-0630,India - Gujarat,Amoxicillin,522,93.0,279,38.8,92.0,14,1.3,0,871,4.3,1,23.07672,72.8254
PHC-0630,India - Gujarat,Paracetamol,495,95.2,195,87.7,73.8,7,1.3,0,822,4.0,1,23.07672,72.8254
PHC-0630,India - Gujarat,Insulin,957,50.3,88,51.2,66.4,5,1.28,0,377,14.9,0,23.07672,72.8254
PHC-0631,South Africa - Durban,Azithromycin,1250,104.8,361,80.3,63.7,5,1.31,0,1070,9.1,0,-29.8412,30.94302
PHC-0631,South Africa - Durban,Paracetamol,2517,132.4,607,68.2,84.8,12,1.38,0,1738,13.8,0,-29.8412,30.94302
PHC-0631,South Africa - Durban,Insulin,370,26.5,156,84.6,57.5,3,1.25,0,209,11.2,0,-29.8412,30.94302
PHC-0631,South Africa - Durban,Amoxicillin,863,35.0,97,67.8,99.5,14,1.14,0,237,21.6,0,-29.8412,30.94302
PHC-0631,South Africa - Durban,ORS,1888,207.4,486,62.5,94.2,12,1.21,0,2176,7.5,0,-29.8412,30.94302
PHC-0632,India - Telangana,Paracetamol,1827,230.5,422,36.6,71.5,1,1.31,0,2472,6.1,1,17.50953,78.48547
PHC-0632,India - Telangana,Amoxicillin,512,136.7,235,90.0,63.0,7,0.71,0,674,5.2,1,17.50953,78.48547
PHC-0632,India - Telangana,Azithromycin,2024,106.5,473,57.5,55.3,1,1.15,0,1050,16.5,0,17.50953,78.48547
PHC-0632,India - Telangana,ORS,1690,77.8,358,78.2,80.4,13,0.88,0,533,24.6,0,17.50953,78.48547
PHC-0632,India - Telangana,Insulin,2611,143.6,251,43.0,66.4,3,1.33,0,1339,13.7,0,17.50953,78.48547
PHC-0633,Brazil - Brasilia,Amoxicillin,1129,124.0,386,91.0,59.5,11,0.81,0,799,11.2,0,-16.23184,-47.8697
PHC-0633,Brazil - Brasilia,Azithromycin,2214,269.2,662,58.6,75.0,12,1.21,0,3217,6.8,1,-16.23184,-47.8697
PHC-0633,Brazil - Brasilia,Insulin,6336,349.5,617,82.2,80.9,5,0.71,0,2375,25.5,0,-16.23184,-47.8697
PHC-0633,Brazil - Brasilia,ORS,1365,161.2,319,36.7,63.5,9,0.85,0,1027,9.9,0,-16.23184,-47.8697
PHC-0633,Brazil - Brasilia,Paracetamol,443,54.0,331,97.9,78.0,4,0.94,0,385,8.7,0,-16.23184,-47.8697
PHC-0634,China - Beijing,Insulin,471,36.0,157,43.2,68.4,8,1.18,0,270,11.1,0,40.26007,115.62503
PHC-0634,China - Beijing,ORS,739,41.5,250,66.6,91.6,6,1.07,1,484,10.7,0,40.26007,115.62503
PHC-0634,China - Beijing,Paracetamol,3817,319.6,544,55.6,87.9,4,1.37,0,3963,8.7,0,40.26007,115.62503
PHC-0634,China - Beijing,Azithromycin,1710,244.4,554,72.2,73.1,5,0.86,0,1918,8.1,0,40.26007,115.62503
PHC-0634,China - Beijing,Amoxicillin,221,23.1,136,43.0,77.2,13,0.84,0,120,11.4,0,40.26007,115.62503
PHC-0635,China - Shanghai,Paracetamol,1650,91.5,363,59.3,63.9,9,0.87,0,619,20.8,0,31.64637,121.41644
PHC-0635,China - Shanghai,Insulin,3488,168.6,380,33.1,72.7,6,0.99,0,1321,20.9,0,31.64637,121.41644
PHC-0635,China - Shanghai,Azithromycin,1356,87.8,184,75.5,58.5,7,1.02,0,586,15.1,0,31.64637,121.41644
PHC-0635,China - Shanghai,ORS,1704,109.4,205,61.6,58.6,7,1.14,0,836,13.6,0,31.64637,121.41644
PHC-0635,China - Shanghai,Amoxicillin,559,164.0,655,68.8,55.7,1,1.29,1,3224,1.7,1,31.64637,121.41644
PHC-0636,India - Himachal Pradesh,Amoxicillin,2357,111.3,361,69.0,87.8,10,1.38,1,1849,9.9,0,31.29257,76.92393
PHC-0636,India - Himachal Pradesh,Insulin,2025,124.6,570,73.8,80.7,8,1.0,0,1146,16.3,0,31.29257,76.92393
PHC-0636,India - Himachal Pradesh,ORS,3954,185.9,260,56.8,80.7,8,1.1,0,1441,19.4,0,31.29257,76.92393
PHC-0636,India - Himachal Pradesh,Paracetamol,6264,332.8,585,62.9,95.6,1,1.39,0,4319,13.6,0,31.29257,76.92393
PHC-0636,India - Himachal Pradesh,Azithromycin,6196,269.1,630,93.6,83.1,13,0.81,0,2094,28.6,0,31.29257,76.92393
PHC-0637,India - Uttar Pradesh,ORS,811,160.4,646,78.0,69.4,11,1.35,0,2119,3.7,1,26.28268,80.12948
PHC-0637,India - Uttar Pradesh,Azithromycin,1357,63.1,130,89.3,80.1,7,1.38,0,537,15.6,0,26.28268,80.12948
PHC-0637,India - Uttar Pradesh,Insulin,2517,126.7,267,97.0,59.7,1,1.01,0,909,19.7,0,26.28268,80.12948
PHC-0637,India - Uttar Pradesh,Amoxicillin,1358,185.6,325,88.4,84.9,13,1.33,0,1853,5.5,1,26.28268,80.12948
PHC-0637,India - Uttar Pradesh,Paracetamol,5759,462.6,638,96.8,63.4,2,1.26,0,5642,9.9,0,26.28268,80.12948
PHC-0638,India - Tamil Nadu,Insulin,1370,89.8,229,97.0,76.6,13,0.75,0,460,20.4,0,13.40997,79.92525
PHC-0638,India - Tamil Nadu,ORS,1065,73.2,302,55.1,57.2,10,0.92,1,767,10.2,0,13.40997,79.92525
PHC-0638,India - Tamil Nadu,Azithromycin,4010,169.6,651,56.0,97.3,5,1.32,0,2189,18.0,0,13.40997,79.92525
PHC-0638,India - Tamil Nadu,Paracetamol,351,55.0,266,45.8,76.2,6,0.96,0,376,6.6,1,13.40997,79.92525
PHC-0638,India - Tamil Nadu,Amoxicillin,458,94.9,245,48.4,90.2,5,1.19,0,790,4.0,1,13.40997,79.92525
PHC-0639,India - Assam,Azithromycin,500,41.7,162,66.0,59.7,11,1.11,0,296,10.8,0,25.65475,91.24651
PHC-0639,India - Assam,ORS,860,208.3,278,90.9,77.1,3,0.86,0,1283,4.8,1,25.65475,91.24651
PHC-0639,India - Assam,Paracetamol,4248,242.9,408,58.6,62.8,10,1.25,0,2466,14.0,0,25.65475,91.24651
PHC-0639,India - Assam,Insulin,1480,89.0,137,65.8,82.5,6,0.78,0,429,21.4,0,25.65475,91.24651
PHC-0639,India - Assam,Amoxicillin,1990,145.5,199,33.7,58.1,11,1.03,0,993,13.3,0,25.65475,91.24651
PHC-0640,India - Tamil Nadu,Insulin,316,64.7,111,60.1,60.0,7,0.94,1,570,3.3,1,13.01916,80.01465
PHC-0640,India - Tamil Nadu,ORS,90,17.8,132,50.0,95.3,10,1.22,0,134,4.2,1,13.01916,80.01465
PHC-0640,India - Tamil Nadu,Azithromycin,7317,355.4,504,46.3,73.2,3,1.0,0,3119,20.6,0,13.01916,80.01465
PHC-0640,India - Tamil Nadu,Amoxicillin,1299,74.9,297,76.1,74.9,6,1.04,0,572,16.7,0,13.01916,80.01465
PHC-0640,India - Tamil Nadu,Paracetamol,4432,284.0,455,92.6,87.2,7,1.24,0,2981,12.5,0,13.01916,80.01465
PHC-0641,India - Rajasthan,Azithromycin,201,39.4,97,57.0,81.9,9,1.35,0,316,3.8,1,27.06839,75.9023
PHC-0641,India - Rajasthan,Paracetamol,724,261.9,651,53.9,99.2,8,1.22,0,3130,2.3,1,27.06839,75.9023
PHC-0641,India - Rajasthan,ORS,1228,51.1,380,77.6,55.6,13,1.19,0,483,20.1,0,27.06839,75.9023
PHC-0641,India - Rajasthan,Amoxicillin,794,115.5,373,72.7,74.5,9,0.75,0,676,9.2,0,27.06839,75.9023
PHC-0641,India - Rajasthan,Insulin,5573,348.0,683,33.8,99.9,4,1.01,0,3537,15.8,0,27.06839,75.9023
PHC-0642,South Africa - Durban,Amoxicillin,2664,289.4,519,57.5,65.0,8,0.91,0,2326,10.2,0,-29.76649,31.57222
PHC-0642,South Africa - Durban,Insulin,1683,189.8,641,71.7,80.2,5,0.98,0,1820,9.0,0,-29.76649,31.57222
PHC-0642,South Africa - Durban,Paracetamol,863,88.1,687,46.6,92.3,9,0.89,0,791,11.0,0,-29.76649,31.57222
PHC-0642,South Africa - Durban,Azithromycin,6452,312.4,672,56.4,67.7,8,1.13,0,3501,18.3,0,-29.76649,31.57222
PHC-0642,South Africa - Durban,ORS,758,57.1,112,39.0,99.4,14,1.18,0,406,11.3,0,-29.76649,31.57222
PHC-0643,South Africa - Durban,Insulin,3045,122.9,460,94.5,66.9,10,1.01,1,1629,15.8,0,-29.86923,31.41644
PHC-0643,South Africa - Durban,Amoxicillin,1216,184.0,255,79.2,82.0,6,0.94,0,1220,7.0,0,-29.86923,31.41644
PHC-0643,South Africa - Durban,Paracetamol,936,116.8,440,38.0,56.5,1,0.95,0,921,8.5,0,-29.86923,31.41644
PHC-0643,South Africa - Durban,ORS,387,18.4,84,36.5,87.6,2,0.74,0,79,28.5,0,-29.86923,31.41644
PHC-0643,South Africa - Durban,Azithromycin,2377,163.3,453,77.8,68.9,7,0.84,0,1150,17.4,0,-29.86923,31.41644
PHC-0644,Brazil - Brasilia,Insulin,1775,113.8,322,96.6,69.3,5,1.36,0,1161,11.5,0,-15.34741,-48.37762
PHC-0644,Brazil - Brasilia,ORS,6202,253.6,557,63.0,91.0,2,1.03,0,2391,23.7,0,-15.34741,-48.37762
PHC-0644,Brazil - Brasilia,Paracetamol,1285,79.5,144,65.2,98.1,12,1.09,0,543,14.8,0,-15.34741,-48.37762
PHC-0644,Brazil - Brasilia,Amoxicillin,3792,255.6,477,76.4,70.7,13,0.99,0,2183,14.9,0,-15.34741,-48.37762
PHC-0644,Brazil - Brasilia,Azithromycin,4295,204.9,380,51.6,99.8,12,0.95,0,1540,22.1,0,-15.34741,-48.37762
PHC-0645,India - Bihar,Azithromycin,3593,165.1,451,63.3,86.9,4,0.82,0,1134,26.6,0,26.07534,85.30783
PHC-0645,India - Bihar,Amoxicillin,3560,376.4,528,41.7,56.1,12,0.79,0,2657,12.0,0,26.07534,85.30783
PHC-0645,India - Bihar,Paracetamol,3230,162.8,536,84.0,71.3,7,1.33,0,1950,14.9,0,26.07534,85.30783
PHC-0645,India - Bihar,Insulin,2100,380.5,554,97.7,82.6,4,1.34,0,4657,4.1,1,26.07534,85.30783
PHC-0645,India - Bihar,ORS,7378,347.1,518,89.3,67.6,6,1.13,0,3489,18.8,0,26.07534,85.30783
PHC-0646,India - Bihar,ORS,7021,286.7,456,54.7,93.2,4,1.3,0,3158,18.8,0,25.66834,85.05381
PHC-0646,India - Bihar,Insulin,4977,261.7,368,32.0,82.2,10,1.24,0,2550,15.3,0,25.66834,85.05381
PHC-0646,India - Bihar,Azithromycin,1696,83.0,424,63.2,98.1,1,0.99,0,675,20.6,0,25.66834,85.05381
PHC-0646,India - Bihar,Amoxicillin,1923,88.4,136,54.6,68.9,1,1.34,0,733,16.3,0,25.66834,85.05381
PHC-0646,India - Bihar,Paracetamol,5172,225.1,570,80.8,73.8,9,1.05,0,2179,21.9,0,25.66834,85.05381
PHC-0647,India - Chhattisgarh,Insulin,2325,97.7,426,81.6,74.5,4,0.78,0,625,30.6,0,21.35088,81.54167
PHC-0647,India - Chhattisgarh,Amoxicillin,464,46.4,187,95.1,81.2,10,1.27,0,385,7.9,0,21.35088,81.54167
PHC-0647,India - Chhattisgarh,ORS,1723,83.5,122,79.2,81.4,5,0.89,0,453,23.2,0,21.35088,81.54167
PHC-0647,India - Chhattisgarh,Paracetamol,2194,157.6,637,30.1,65.5,1,0.81,0,1234,17.3,0,21.35088,81.54167
PHC-0647,India - Chhattisgarh,Azithromycin,2157,372.1,519,45.7,93.1,13,0.82,0,2713,7.1,0,21.35088,81.54167
PHC-0648,Russia - Saint Petersburg,Amoxicillin,1333,118.4,509,65.0,99.8,8,1.04,0,1082,10.9,0,59.9151,30.33751
PHC-0648,Russia - Saint Petersburg,Insulin,1823,82.0,317,86.7,60.8,8,1.11,0,681,20.0,0,59.9151,30.33751
PHC-0648,Russia - Saint Petersburg,ORS,559,44.3,86,62.8,79.8,4,1.1,0,285,11.5,0,59.9151,30.33751
PHC-0648,Russia - Saint Petersburg,Paracetamol,3464,262.9,457,75.1,66.8,7,1.08,0,2397,12.2,0,59.9151,30.33751
PHC-0648,Russia - Saint Petersburg,Azithromycin,1194,87.0,546,30.7,72.5,5,0.96,0,757,14.3,0,59.9151,30.33751
PHC-0649,India - Jammu & Kashmir,Azithromycin,271,30.7,103,34.8,93.1,2,1.33,0,243,6.7,1,33.96625,77.59999
PHC-0649,India - Jammu & Kashmir,Paracetamol,1549,127.7,224,40.2,98.1,13,1.18,0,1031,10.2,0,33.96625,77.59999
PHC-0649,India - Jammu & Kashmir,Amoxicillin,790,38.6,62,66.9,100.0,2,0.97,1,330,13.6,0,33.96625,77.59999
PHC-0649,India - Jammu & Kashmir,Insulin,8752,379.0,649,86.5,68.0,9,1.31,0,4851,17.7,0,33.96625,77.59999
PHC-0649,India - Jammu & Kashmir,ORS,2836,210.2,386,66.5,73.5,1,0.74,0,1245,18.1,0,33.96625,77.59999
PHC-0650,South Africa - Johannesburg,Azithromycin,1638,151.3,510,89.9,97.4,4,0.97,0,1296,11.1,0,-26.82195,28.1534
PHC-0650,South Africa - Johannesburg,Paracetamol,2108,158.2,413,60.1,84.5,9,0.91,1,1823,9.4,0,-26.82195,28.1534
PHC-0650,South Africa - Johannesburg,ORS,1495,64.4,192,54.4,58.7,6,0.81,0,343,28.7,0,-26.82195,28.1534
PHC-0650,South Africa - Johannesburg,Amoxicillin,827,212.9,466,41.2,72.8,8,1.01,0,1837,3.8,1,-26.82195,28.1534
PHC-0650,South Africa - Johannesburg,Insulin,3328,200.3,344,71.6,80.1,8,0.84,0,1289,19.8,0,-26.82195,28.1534
PHC-0651,India - Madhya Pradesh,ORS,508,118.2,333,90.6,71.4,13,0.98,0,882,4.4,1,23.45209,77.4263
PHC-0651,India - Madhya Pradesh,Azithromycin,978,45.7,102,79.0,78.1,6,1.23,0,337,17.3,0,23.45209,77.4263
PHC-0651,India - Madhya Pradesh,Insulin,753,251.5,510,51.0,89.3,1,1.25,1,4311,1.5,1,23.45209,77.4263
PHC-0651,India - Madhya Pradesh,Paracetamol,545,110.9,641,46.6,71.7,7,1.07,0,1154,4.6,1,23.45209,77.4263
PHC-0651,India - Madhya Pradesh,Amoxicillin,703,117.6,492,81.3,68.6,3,0.82,0,835,7.3,0,23.45209,77.4263
PHC-0652,India - Himachal Pradesh,Amoxicillin,259,93.0,349,91.3,86.4,3,1.02,0,733,2.7,1,31.36665,77.58143
PHC-0652,India - Himachal Pradesh,ORS,2000,213.7,571,86.1,88.5,4,0.9,0,1776,10.4,0,31.36665,77.58143
PHC-0652,India - Himachal Pradesh,Paracetamol,265,59.7,241,46.2,65.2,2,1.33,0,551,3.3,1,31.36665,77.58143
PHC-0652,India - Himachal Pradesh,Azithromycin,304,86.5,473,44.9,61.1,5,0.94,0,697,3.7,1,31.36665,77.58143
PHC-0652,India - Himachal Pradesh,Insulin,1674,70.7,134,30.8,86.8,3,1.16,0,508,20.4,0,31.36665,77.58143
PHC-0653,India - Tamil Nadu,Paracetamol,7667,334.8,630,63.1,99.0,7,1.16,0,3750,19.7,0,13.47622,79.4495
PHC-0653,India - Tamil Nadu,Azithromycin,1233,87.9,151,82.5,56.6,12,1.35,0,750,10.4,0,13.47622,79.4495
PHC-0653,India - Tamil Nadu,Amoxicillin,277,31.5,193,47.2,66.6,9,1.17,0,244,7.5,0,13.47622,79.4495
PHC-0653,India - Tamil Nadu,Insulin,3794,156.2,428,88.7,85.8,10,0.98,0,1260,24.8,0,13.47622,79.4495
PHC-0653,India - Tamil Nadu,ORS,1312,80.8,371,77.5,70.7,6,1.35,0,856,12.0,0,13.47622,79.4495
PHC-0654,South Africa - Johannesburg,Insulin,387,152.3,350,39.8,64.5,12,1.14,0,1336,2.2,1,-25.64334,28.17127
PHC-0654,South Africa - Johannesburg,Azithromycin,4508,204.9,470,59.9,61.7,2,1.1,1,2997,12.8,0,-25.64334,28.17127
PHC-0654,South Africa - Johannesburg,Amoxicillin,920,61.2,280,53.1,95.3,2,1.2,0,529,12.5,0,-25.64334,28.17127
PHC-0654,South Africa - Johannesburg,ORS,4708,352.6,672,47.4,84.2,13,1.33,0,4664,10.0,0,-25.64334,28.17127
PHC-0654,South Africa - Johannesburg,Paracetamol,1365,126.3,178,32.4,59.6,6,1.18,0,971,9.1,0,-25.64334,28.17127
PHC-0655,China - Beijing,Azithromycin,1874,125.5,308,33.4,65.1,3,1.34,0,1249,11.1,0,39.47304,116.10923
PHC-0655,China - Beijing,Paracetamol,4006,242.1,363,96.8,98.5,5,1.13,0,2135,14.6,0,39.47304,116.10923
PHC-0655,China - Beijing,ORS,1348,120.8,266,73.9,59.0,2,1.28,1,1710,5.6,1,39.47304,116.10923
PHC-0655,China - Beijing,Amoxicillin,1813,88.7,171,67.7,97.1,3,1.06,0,605,19.3,0,39.47304,116.10923
PHC-0655,China - Beijing,Insulin,348,44.4,104,83.5,82.8,7,0.96,0,255,8.2,0,39.47304,116.10923
PHC-0656,China - Shanghai,Azithromycin,959,68.4,97,78.4,96.9,12,0.83,0,338,16.8,0,31.28108,121.46404
PHC-0656,China - Shanghai,ORS,2552,265.4,666,68.1,75.3,2,0.83,0,2192,11.5,0,31.28108,121.46404
PHC-0656,China - Shanghai,Insulin,506,61.4,134,37.6,58.0,1,1.2,0,456,6.9,1,31.28108,121.46404
PHC-0656,China - Shanghai,Amoxicillin,2524,187.0,295,39.0,82.7,10,0.75,0,1026,18.0,0,31.28108,121.46404
PHC-0656,China - Shanghai,Paracetamol,969,118.3,317,78.2,80.5,11,0.8,0,708,10.2,0,31.28108,121.46404
PHC-0657,India - Rajasthan,Amoxicillin,3488,170.1,459,38.9,69.2,4,1.16,0,1672,17.7,0,27.28958,75.17217
PHC-0657,India - Rajasthan,ORS,4920,351.1,585,67.9,66.2,1,1.07,0,3518,13.1,0,27.28958,75.17217
PHC-0657,India - Rajasthan,Paracetamol,1158,369.6,508,58.2,93.6,6,0.84,1,4260,2.4,1,27.28958,75.17217
PHC-0657,India - Rajasthan,Insulin,185,44.6,204,52.2,96.4,6,1.36,0,404,3.1,1,27.28958,75.17217
PHC-0657,India - Rajasthan,Azithromycin,1628,140.2,344,45.7,58.4,2,0.97,0,1039,12.0,0,27.28958,75.17217
PHC-0658,Russia - Saint Petersburg,Azithromycin,2080,365.8,682,88.9,84.8,10,0.81,0,2962,7.0,0,60.27084,30.3129
PHC-0658,Russia - Saint Petersburg,Insulin,859,115.3,306,65.6,64.2,14,1.25,0,1069,5.9,1,60.27084,30.3129
PHC-0658,Russia - Saint Petersburg,Amoxicillin,4744,264.1,519,51.9,94.5,12,0.8,0,1879,22.4,0,60.27084,30.3129
PHC-0658,Russia - Saint Petersburg,ORS,3619,264.6,365,63.9,60.3,14,1.16,0,2400,11.8,0,60.27084,30.3129
PHC-0658,Russia - Saint Petersburg,Paracetamol,900,39.9,104,95.9,98.8,5,1.26,0,300,17.9,0,60.27084,30.3129
PHC-0659,India - Bihar,Azithromycin,3214,303.1,445,55.7,89.2,6,1.11,0,2822,9.5,0,25.08511,85.30607
PHC-0659,India - Bihar,Amoxicillin,215,48.9,103,61.8,96.3,10,0.85,0,248,5.2,1,25.08511,85.30607
PHC-0659,India - Bihar,Insulin,6884,281.8,615,51.1,92.5,4,1.29,0,3465,19.0,0,25.08511,85.30607
PHC-0659,India - Bihar,Paracetamol,5636,235.4,317,71.2,61.8,11,0.78,0,1377,30.6,0,25.08511,85.30607
PHC-0659,India - Bihar,ORS,1320,73.0,201,83.6,63.1,9,1.33,0,648,13.6,0,25.08511,85.30607
PHC-0660,India - Jharkhand,Azithromycin,7088,342.5,493,41.8,66.5,14,0.86,0,2577,23.9,0,22.51506,85.55694
PHC-0660,India - Jharkhand,Insulin,276,14.4,64,33.5,79.5,14,0.75,0,61,25.6,0,22.51506,85.55694
PHC-0660,India - Jharkhand,Paracetamol,4425,265.1,377,74.3,68.4,4,1.21,0,2523,13.8,0,22.51506,85.55694
PHC-0660,India - Jharkhand,ORS,2148,97.9,178,95.3,99.8,7,1.04,0,663,21.1,0,22.51506,85.55694
PHC-0660,India - Jharkhand,Amoxicillin,570,63.9,262,54.5,85.1,4,1.07,0,484,8.3,0,22.51506,85.55694
PHC-0661,South Africa - Durban,Insulin,1504,69.6,164,40.8,80.8,8,1.35,0,602,16.0,0,-29.83129,30.97829
PHC-0661,South Africa - Durban,Paracetamol,1116,111.3,678,32.8,80.8,9,1.11,1,1919,5.8,1,-29.83129,30.97829
PHC-0661,South Africa - Durban,Amoxicillin,1148,54.2,445,52.4,87.1,9,0.88,0,401,23.9,0,-29.83129,30.97829
PHC-0661,South Africa - Durban,Azithromycin,1577,108.6,639,66.7,67.9,13,0.94,0,992,15.5,0,-29.83129,30.97829
PHC-0661,South Africa - Durban,ORS,236,12.0,86,72.5,66.3,5,1.37,1,149,9.3,0,-29.83129,30.97829
PHC-0662,India - Gujarat,Azithromycin,7329,384.9,565,64.7,72.3,14,1.19,0,4225,16.0,0,23.42934,72.50747
PHC-0662,India - Gujarat,Amoxicillin,7136,369.1,674,60.7,88.5,8,0.77,0,2822,25.2,0,23.42934,72.50747
PHC-0662,India - Gujarat,Insulin,673,67.8,203,55.4,76.0,3,1.01,0,455,9.9,0,23.42934,72.50747
PHC-0662,India - Gujarat,ORS,293,29.1,139,30.0,56.3,11,1.12,0,204,9.0,0,23.42934,72.50747
PHC-0662,India - Gujarat,Paracetamol,1727,253.0,678,39.7,94.8,5,1.1,0,2783,6.2,1,23.42934,72.50747
PHC-0663,Russia - Novosibirsk,Insulin,3279,202.6,532,62.9,70.0,11,1.17,0,2128,13.8,0,54.82269,83.37551
PHC-0663,Russia - Novosibirsk,Amoxicillin,1951,120.9,322,87.9,82.7,5,1.21,0,1097,13.4,0,54.82269,83.37551
PHC-0663,Russia - Novosibirsk,Azithromycin,1307,103.3,557,76.9,63.1,9,1.33,0,1258,9.5,0,54.82269,83.37551
PHC-0663,Russia - Novosibirsk,ORS,5346,283.7,682,69.7,60.5,10,1.35,0,3832,14.0,0,54.82269,83.37551
PHC-0663,Russia - Novosibirsk,Paracetamol,2115,264.4,484,82.3,73.5,7,1.26,0,2886,6.3,1,54.82269,83.37551
PHC-0664,Russia - Saint Petersburg,Amoxicillin,359,81.0,181,68.1,80.3,10,0.75,0,393,5.9,1,60.1177,30.17503
PHC-0664,Russia - Saint Petersburg,Paracetamol,2872,223.1,450,89.5,65.5,3,0.82,0,1537,15.7,0,60.1177,30.17503
PHC-0664,Russia - Saint Petersburg,ORS,1871,116.1,524,91.6,88.3,7,0.85,0,877,19.0,0,60.1177,30.17503
PHC-0664,Russia - Saint Petersburg,Azithromycin,1957,79.8,146,37.1,79.6,8,1.39,0,697,17.6,0,60.1177,30.17503
PHC-0664,Russia - Saint Petersburg,Insulin,4176,225.7,549,58.9,92.8,14,1.34,0,2742,13.8,0,60.1177,30.17503
PHC-0665,India - Madhya Pradesh,ORS,377,45.9,131,41.7,65.8,9,0.79,0,224,10.4,0,22.70149,77.54597
PHC-0665,India - Madhya Pradesh,Azithromycin,1054,46.1,153,46.7,77.1,12,0.82,0,238,28.0,0,22.70149,77.54597
PHC-0665,India - Madhya Pradesh,Amoxicillin,777,78.2,235,57.7,90.0,9,0.98,0,528,10.1,0,22.70149,77.54597
PHC-0665,India - Madhya Pradesh,Paracetamol,4033,162.3,336,39.7,69.6,4,1.04,1,1988,15.4,0,22.70149,77.54597
PHC-0665,India - Madhya Pradesh,Insulin,1109,59.5,96,50.8,89.8,2,1.1,0,389,16.9,0,22.70149,77.54597
PHC-0666,India - Jharkhand,Amoxicillin,2468,179.5,282,53.8,58.0,10,1.26,0,1629,10.9,0,22.74406,85.59313
PHC-0666,India - Jharkhand,Insulin,1812,92.6,171,34.7,82.3,5,0.8,0,475,24.6,0,22.74406,85.59313
PHC-0666,India - Jharkhand,Azithromycin,1261,363.6,615,68.0,65.8,11,1.05,1,5639,2.1,1,22.74406,85.59313
PHC-0666,India - Jharkhand,Paracetamol,1166,201.2,407,64.7,78.4,2,1.02,0,1661,5.7,1,22.74406,85.59313
PHC-0666,India - Jharkhand,ORS,5687,236.5,377,42.9,99.7,14,0.91,0,1704,26.3,0,22.74406,85.59313
PHC-0667,Russia - Novosibirsk,Paracetamol,1401,207.4,686,89.5,78.2,8,0.93,0,1934,7.3,0,55.83543,82.54495
PHC-0667,Russia - Novosibirsk,Amoxicillin,945,152.6,383,97.6,71.2,12,0.84,0,1022,7.3,0,55.83543,82.54495
PHC-0667,Russia - Novosibirsk,Azithromycin,3277,137.8,193,64.5,86.1,2,1.28,0,1167,18.5,0,55.83543,82.54495
PHC-0667,Russia - Novosibirsk,Insulin,2742,459.4,630,39.4,88.9,10,1.19,0,5291,5.0,1,55.83543,82.54495
PHC-0667,Russia - Novosibirsk,ORS,620,46.3,84,90.8,92.7,5,1.04,0,282,12.8,0,55.83543,82.54495
PHC-0668,South Africa - Johannesburg,Insulin,1422,427.6,631,87.5,82.5,13,0.71,0,2941,4.7,1,-26.23593,28.6694
PHC-0668,South Africa - Johannesburg,Amoxicillin,3369,191.9,555,68.5,81.5,13,1.04,0,1817,16.9,0,-26.23593,28.6694
PHC-0668,South Africa - Johannesburg,ORS,1679,262.3,689,58.5,88.0,13,1.03,0,2729,6.2,1,-26.23593,28.6694
PHC-0668,South Africa - Johannesburg,Azithromycin,2025,92.6,190,66.0,83.7,4,1.18,0,716,18.6,0,-26.23593,28.6694
PHC-0668,South Africa - Johannesburg,Paracetamol,745,64.4,125,56.6,76.4,5,0.99,0,389,11.7,0,-26.23593,28.6694
PHC-0669,India - Punjab,Azithromycin,4875,261.6,586,63.3,93.0,9,0.75,0,1845,24.7,0,30.65633,75.92839
PHC-0669,India - Punjab,Insulin,639,26.9,86,88.7,63.3,6,0.74,0,117,32.0,0,30.65633,75.92839
PHC-0669,India - Punjab,Paracetamol,461,55.0,78,58.0,57.0,3,1.08,0,343,7.8,0,30.65633,75.92839
PHC-0669,India - Punjab,ORS,966,123.8,177,73.2,64.1,7,1.13,0,905,6.9,1,30.65633,75.92839
PHC-0669,India - Punjab,Amoxicillin,4838,217.4,359,92.5,65.9,10,0.79,0,1334,28.2,0,30.65633,75.92839
PHC-0670,South Africa - Durban,ORS,399,28.4,95,59.3,74.2,3,0.85,1,222,10.6,0,-29.8493,31.11868
PHC-0670,South Africa - Durban,Paracetamol,298,141.9,654,81.9,55.7,10,1.32,0,1835,1.6,1,-29.8493,31.11868
PHC-0670,South Africa - Durban,Azithromycin,3010,133.4,220,80.6,80.9,14,0.82,0,744,27.5,0,-29.8493,31.11868
PHC-0670,South Africa - Durban,Insulin,1937,130.5,321,45.8,73.2,9,0.79,0,770,18.9,0,-29.8493,31.11868
PHC-0670,South Africa - Durban,Amoxicillin,1800,127.5,193,91.8,98.6,7,0.73,0,618,19.2,0,-29.8493,31.11868
PHC-0671,India - Jharkhand,Insulin,1047,273.4,502,55.8,94.2,4,0.72,0,1726,5.3,1,23.32874,84.77068
PHC-0671,India - Jharkhand,Amoxicillin,645,140.4,436,37.0,98.6,10,1.17,0,1368,3.9,1,23.32874,84.77068
PHC-0671,India - Jharkhand,Azithromycin,465,94.6,511,43.4,89.4,12,0.99,0,823,5.0,1,23.32874,84.77068
PHC-0671,India - Jharkhand,Paracetamol,4984,243.9,400,58.1,64.4,4,1.14,0,2240,17.9,0,23.32874,84.77068
PHC-0671,India - Jharkhand,ORS,792,57.4,113,83.3,68.2,3,0.86,0,297,16.1,0,23.32874,84.77068
PHC-0672,Russia - Saint Petersburg,Amoxicillin,2257,489.1,674,68.6,55.8,7,0.93,0,4523,5.0,1,59.97729,30.46751
PHC-0672,Russia - Saint Petersburg,ORS,1272,102.7,600,35.4,71.8,8,1.24,0,1201,10.0,0,59.97729,30.46751
PHC-0672,Russia - Saint Petersburg,Insulin,4621,213.7,491,38.3,79.8,7,0.72,0,1339,30.0,0,59.97729,30.46751
PHC-0672,Russia - Saint Petersburg,Azithromycin,601,204.1,356,94.3,74.2,4,1.29,0,2034,2.3,1,59.97729,30.46751
PHC-0672,Russia - Saint Petersburg,Paracetamol,2101,195.9,339,64.5,91.4,5,1.16,0,1726,9.3,0,59.97729,30.46751
PHC-0673,India - Gujarat,Insulin,3589,167.6,291,45.6,59.7,9,0.75,0,918,28.5,0,22.45473,72.91599
PHC-0673,India - Gujarat,Azithromycin,848,84.5,221,91.9,95.5,10,1.08,0,619,9.3,0,22.45473,72.91599
PHC-0673,India - Gujarat,ORS,2609,227.8,556,30.5,89.1,4,1.01,0,2097,11.4,0,22.45473,72.91599
PHC-0673,India - Gujarat,Amoxicillin,1730,187.7,467,45.7,57.7,10,1.05,0,1683,8.8,0,22.45473,72.91599
PHC-0673,India - Gujarat,Paracetamol,820,39.8,63,63.3,92.8,1,1.04,0,235,19.9,0,22.45473,72.91599
PHC-0674,Russia - Moscow,ORS,118,23.8,93,90.1,55.7,5,1.34,0,188,3.7,1,55.87758,37.35589
PHC-0674,Russia - Moscow,Insulin,730,94.2,309,42.2,61.1,11,0.75,0,521,10.4,0,55.87758,37.35589
PHC-0674,Russia - Moscow,Amoxicillin,1297,153.2,320,76.2,89.6,9,1.39,0,1591,6.1,1,55.87758,37.35589
PHC-0674,Russia - Moscow,Azithromycin,3297,139.3,190,93.0,82.4,6,1.13,1,1609,13.5,0,55.87758,37.35589
PHC-0674,Russia - Moscow,Paracetamol,2209,89.6,352,87.3,57.5,7,0.78,1,834,20.4,0,55.87758,37.35589
PHC-0675,South Africa - Cape Town,Amoxicillin,6022,444.4,603,32.9,65.5,11,0.85,1,5538,10.3,0,-34.44523,18.06111
PHC-0675,South Africa - Cape Town,Insulin,5276,242.4,338,60.7,56.1,6,1.38,0,2549,15.8,0,-34.44523,18.06111
PHC-0675,South Africa - Cape Town,Azithromycin,299,33.5,88,57.8,71.1,12,1.18,0,232,7.6,0,-34.44523,18.06111
PHC-0675,South Africa - Cape Town,ORS,1520,134.3,297,92.6,95.2,4,1.13,1,1728,6.4,1,-34.44523,18.06111
PHC-0675,South Africa - Cape Town,Paracetamol,199,64.2,366,86.7,72.3,6,1.3,0,653,2.4,1,-34.44523,18.06111
PHC-0676,India - Jammu & Kashmir,Paracetamol,3703,356.4,678,78.9,69.4,12,1.29,0,4586,8.1,0,33.59177,77.00995
PHC-0676,India - Jammu & Kashmir,Azithromycin,565,130.5,342,72.8,72.2,10,1.14,0,1141,3.8,1,33.59177,77.00995
PHC-0676,India - Jammu & Kashmir,ORS,532,29.4,118,61.8,76.0,1,0.7,0,125,25.8,0,33.59177,77.00995
PHC-0676,India - Jammu & Kashmir,Amoxicillin,5552,365.2,538,66.8,76.2,10,1.17,0,3869,12.9,0,33.59177,77.00995
PHC-0676,India - Jammu & Kashmir,Insulin,421,55.3,97,32.2,58.4,4,0.73,0,240,10.4,0,33.59177,77.00995
PHC-0677,India - Odisha,Paracetamol,5259,356.9,559,34.4,71.9,5,1.0,0,3273,14.7,0,20.52407,85.63159
PHC-0677,India - Odisha,Amoxicillin,1797,134.5,405,77.4,76.5,6,0.75,0,818,17.8,0,20.52407,85.63159
PHC-0677,India - Odisha,Insulin,4267,249.3,447,92.1,79.4,13,0.75,0,1570,22.8,0,20.52407,85.63159
PHC-0677,India - Odisha,ORS,2670,238.0,441,31.9,57.5,3,0.97,0,1934,11.5,0,20.52407,85.63159
PHC-0677,India - Odisha,Azithromycin,1017,95.5,510,84.7,90.3,3,1.18,0,993,9.0,0,20.52407,85.63159
PHC-0678,India - Himachal Pradesh,Azithromycin,288,139.3,322,66.0,66.6,13,1.0,0,1044,2.1,1,31.18678,77.12051
PHC-0678,India - Himachal Pradesh,Insulin,3999,176.8,315,46.0,84.8,12,1.32,0,1744,17.1,0,31.18678,77.12051
PHC-0678,India - Himachal Pradesh,Paracetamol,8250,490.8,689,41.2,66.7,12,1.18,0,5814,14.3,0,31.18678,77.12051
PHC-0678,India - Himachal Pradesh,ORS,418,56.7,174,58.7,89.6,1,1.05,0,385,7.0,0,31.18678,77.12051
PHC-0678,India - Himachal Pradesh,Amoxicillin,2633,147.7,332,37.3,56.0,9,1.28,0,1430,13.9,0,31.18678,77.12051
PHC-0679,India - Tamil Nadu,Paracetamol,1305,60.0,316,68.2,91.5,8,1.2,0,539,18.1,0,12.89282,79.71962
PHC-0679,India - Tamil Nadu,ORS,374,16.6,80,90.2,94.7,5,1.39,0,135,16.2,0,12.89282,79.71962
PHC-0679,India - Tamil Nadu,Azithromycin,719,158.7,255,83.2,91.6,8,1.1,0,1233,4.1,1,12.89282,79.71962
PHC-0679,India - Tamil Nadu,Amoxicillin,569,101.0,145,51.2,85.2,10,1.28,0,812,4.4,1,12.89282,79.71962
PHC-0679,India - Tamil Nadu,Insulin,894,74.7,429,90.5,71.3,9,0.97,0,596,12.4,0,12.89282,79.71962
PHC-0680,South Africa - Cape Town,Azithromycin,1110,50.2,126,42.2,60.5,9,0.99,1,471,14.5,0,-34.40368,18.23384
PHC-0680,South Africa - Cape Town,Amoxicillin,2985,271.9,535,50.1,98.0,10,1.0,0,2443,11.0,0,-34.40368,18.23384
PHC-0680,South Africa - Cape Town,ORS,1857,252.7,473,49.6,56.0,12,1.38,0,2982,5.3,1,-34.40368,18.23384
PHC-0680,South Africa - Cape Town,Insulin,1008,182.2,267,32.9,61.1,6,1.32,0,1710,4.2,1,-34.40368,18.23384
PHC-0680,South Africa - Cape Town,Paracetamol,451,39.1,165,63.8,65.6,1,1.26,1,490,5.9,1,-34.40368,18.23384
PHC-0681,India - Maharashtra,Amoxicillin,5104,329.8,511,32.6,88.9,1,0.87,0,2531,17.8,0,19.22357,72.71698
PHC-0681,India - Maharashtra,Paracetamol,126,49.5,115,90.5,61.6,9,1.28,0,384,2.0,1,19.22357,72.71698
PHC-0681,India - Maharashtra,ORS,3017,125.1,271,92.8,61.6,1,0.82,0,734,29.4,0,19.22357,72.71698
PHC-0681,India - Maharashtra,Insulin,259,74.3,336,56.5,98.5,11,0.92,0,518,3.8,1,19.22357,72.71698
PHC-0681,India - Maharashtra,Azithromycin,2169,141.1,276,91.5,87.2,3,0.78,0,795,19.6,0,19.22357,72.71698
PHC-0682,India - West Bengal,Paracetamol,222,10.0,60,90.5,84.4,13,0.78,0,44,28.5,0,23.40111,87.7518
PHC-0682,India - West Bengal,ORS,3380,143.1,580,89.9,64.2,13,0.98,0,1300,24.2,0,23.40111,87.7518
PHC-0682,India - West Bengal,Azithromycin,2586,117.0,172,41.9,79.8,7,1.07,0,811,20.6,0,23.40111,87.7518
PHC-0682,India - West Bengal,Insulin,2848,342.0,649,53.7,95.0,11,0.93,0,3108,9.0,0,23.40111,87.7518
PHC-0682,India - West Bengal,Amoxicillin,5620,310.9,471,50.7,83.3,14,1.15,0,3054,15.7,0,23.40111,87.7518
PHC-0683,India - Tamil Nadu,ORS,593,66.4,353,65.5,75.3,11,0.7,1,559,8.2,0,12.68522,80.09731
PHC-0683,India - Tamil Nadu,Paracetamol,5268,444.3,633,86.7,86.9,13,1.06,0,4552,11.2,0,12.68522,80.09731
PHC-0683,India - Tamil Nadu,Insulin,2100,92.9,344,75.2,99.2,3,1.1,0,780,20.6,0,12.68522,80.09731
PHC-0683,India - Tamil Nadu,Amoxicillin,1636,72.0,378,48.9,63.9,7,1.06,0,601,21.5,0,12.68522,80.09731
PHC-0683,India - Tamil Nadu,Azithromycin,685,35.9,249,32.3,82.2,8,1.13,0,284,16.9,0,12.68522,80.09731
PHC-0684,India - Jammu & Kashmir,ORS,531,30.3,202,80.5,93.8,4,1.31,0,265,13.3,0,33.8295,75.76612
PHC-0684,India - Jammu & Kashmir,Insulin,6649,328.7,672,62.3,99.8,6,1.15,0,3750,17.6,0,33.8295,75.76612
PHC-0684,India - Jammu & Kashmir,Azithromycin,2200,93.5,435,53.1,85.8,12,1.14,0,883,20.7,0,33.8295,75.76612
PHC-0684,India - Jammu & Kashmir,Paracetamol,1683,156.3,494,36.6,91.5,11,1.3,0,1773,8.3,0,33.8295,75.76612
PHC-0684,India - Jammu & Kashmir,Amoxicillin,1729,408.0,595,97.8,55.2,12,1.29,0,4954,3.3,1,33.8295,75.76612
PHC-0685,South Africa - Johannesburg,ORS,3345,198.8,399,76.4,57.2,10,0.78,0,1251,21.5,0,-25.53398,27.8813
PHC-0685,South Africa - Johannesburg,Amoxicillin,2732,246.7,379,63.3,59.0,3,1.31,0,2553,8.5,0,-25.53398,27.8813
PHC-0685,South Africa - Johannesburg,Insulin,1675,334.8,530,83.9,70.8,2,1.24,0,3729,4.0,1,-25.53398,27.8813
PHC-0685,South Africa - Johannesburg,Paracetamol,888,54.2,128,86.9,66.0,5,1.16,0,387,14.1,0,-25.53398,27.8813
PHC-0685,South Africa - Johannesburg,Azithromycin,199,64.4,91,35.4,90.4,12,1.32,0,499,2.3,1,-25.53398,27.8813
PHC-0686,India - Chhattisgarh,ORS,2706,124.9,184,93.4,57.9,12,1.34,0,1091,16.2,0,21.34093,81.98872
PHC-0686,India - Chhattisgarh,Insulin,1101,149.9,424,59.8,77.7,6,0.8,0,990,9.1,0,21.34093,81.98872
PHC-0686,India - Chhattisgarh,Amoxicillin,5466,355.9,653,78.7,90.3,5,1.17,0,4079,13.2,0,21.34093,81.98872
PHC-0686,India - Chhattisgarh,Paracetamol,564,152.3,368,90.8,59.1,8,1.38,0,1649,2.7,1,21.34093,81.98872
PHC-0686,India - Chhattisgarh,Azithromycin,1552,68.1,226,86.0,56.1,11,0.72,0,333,31.9,0,21.34093,81.98872
PHC-0687,India - Jammu & Kashmir,ORS,721,128.3,299,84.8,56.3,1,0.96,0,904,5.9,1,33.57666,75.78349
PHC-0687,India - Jammu & Kashmir,Azithromycin,223,12.0,71,62.5,91.7,14,0.85,0,59,21.8,0,33.57666,75.78349
PHC-0687,India - Jammu & Kashmir,Amoxicillin,1120,147.7,581,95.5,74.5,14,1.28,0,1768,5.9,1,33.57666,75.78349
PHC-0687,India - Jammu & Kashmir,Insulin,172,16.5,71,70.2,77.4,5,1.22,0,115,8.6,0,33.57666,75.78349
PHC-0687,India - Jammu & Kashmir,Paracetamol,1304,107.8,581,31.1,60.4,12,0.93,1,1451,8.4,0,33.57666,75.78349
PHC-0688,China - Shanghai,ORS,289,32.3,107,42.6,71.3,7,0.82,0,158,10.9,0,31.45435,121.43039
PHC-0688,China - Shanghai,Insulin,1171,154.7,552,91.1,80.6,13,1.21,1,2645,4.0,1,31.45435,121.43039
PHC-0688,China - Shanghai,Azithromycin,2671,245.1,417,93.8,86.7,10,0.75,0,1502,14.5,0,31.45435,121.43039
PHC-0688,China - Shanghai,Amoxicillin,495,122.6,273,72.7,75.5,2,1.09,0,954,3.7,1,31.45435,121.43039
PHC-0688,China - Shanghai,Paracetamol,1093,83.5,260,68.5,96.6,4,0.95,0,559,13.8,0,31.45435,121.43039
PHC-0689,India - Madhya Pradesh,Amoxicillin,923,118.3,299,65.6,63.4,13,1.11,1,1491,4.5,1,23.29431,77.20571
PHC-0689,India - Madhya Pradesh,ORS,5467,244.2,482,85.4,97.8,14,1.31,1,4280,11.0,0,23.29431,77.20571
PHC-0689,India - Madhya Pradesh,Insulin,324,107.6,490,74.8,97.0,4,1.4,0,1303,2.2,1,23.29431,77.20571
PHC-0689,India - Madhya Pradesh,Paracetamol,3074,248.0,555,73.5,56.0,12,1.26,0,2846,9.9,0,23.29431,77.20571
PHC-0689,India - Madhya Pradesh,Azithromycin,838,53.1,102,83.6,92.7,3,0.88,0,278,18.0,0,23.29431,77.20571
PHC-0690,South Africa - Durban,ORS,561,29.6,226,89.7,97.9,13,0.89,0,179,21.4,0,-30.03495,31.2322
PHC-0690,South Africa - Durban,Insulin,3158,341.1,496,64.3,99.8,7,1.02,0,3032,9.1,0,-30.03495,31.2322
PHC-0690,South Africa - Durban,Azithromycin,1853,223.8,637,49.2,82.8,14,0.81,0,1769,10.2,0,-30.03495,31.2322
PHC-0690,South Africa - Durban,Paracetamol,6345,296.3,643,66.0,90.2,4,1.37,0,3959,15.6,0,-30.03495,31.2322
PHC-0690,South Africa - Durban,Amoxicillin,579,47.1,376,48.2,78.1,9,1.37,0,507,9.0,0,-30.03495,31.2322
PHC-0691,India - Maharashtra,ORS,1321,116.7,250,73.1,85.1,2,1.26,0,1034,8.9,0,19.44656,72.39081
PHC-0691,India - Maharashtra,Amoxicillin,217,44.7,175,86.4,75.8,14,1.04,0,302,4.7,1,19.44656,72.39081
PHC-0691,India - Maharashtra,Azithromycin,1422,72.8,301,45.3,99.7,1,1.25,0,670,15.6,0,19.44656,72.39081
PHC-0691,India - Maharashtra,Insulin,1188,93.4,163,92.4,74.2,13,0.77,0,458,16.6,0,19.44656,72.39081
PHC-0691,India - Maharashtra,Paracetamol,6367,255.3,479,75.9,64.5,2,0.8,0,1749,31.3,0,19.44656,72.39081
PHC-0692,India - West Bengal,Amoxicillin,365,61.1,155,73.4,73.9,9,0.91,0,354,6.5,1,22.33805,89.03303
PHC-0692,India - West Bengal,Paracetamol,747,57.0,252,49.7,88.0,6,0.73,0,293,17.9,0,22.33805,89.03303
PHC-0692,India - West Bengal,Azithromycin,397,78.4,603,94.3,79.2,7,1.24,1,1425,2.6,1,22.33805,89.03303
PHC-0692,India - West Bengal,Insulin,2214,130.5,281,87.2,73.9,5,1.37,0,1287,12.4,0,22.33805,89.03303
PHC-0692,India - West Bengal,ORS,1435,113.3,657,42.2,96.0,13,0.86,0,965,14.6,0,22.33805,89.03303
PHC-0693,India - Haryana,Amoxicillin,7515,373.2,588,97.5,85.5,4,1.15,0,4006,17.6,0,29.09416,75.75081
PHC-0693,India - Haryana,Insulin,4076,188.9,426,31.4,60.7,2,1.12,0,1742,19.3,0,29.09416,75.75081
PHC-0693,India - Haryana,ORS,1685,172.6,258,61.7,97.9,5,0.99,0,1209,9.8,0,29.09416,75.75081
PHC-0693,India - Haryana,Azithromycin,659,160.2,559,95.1,80.2,14,1.38,0,2020,3.0,1,29.09416,75.75081
PHC-0693,India - Haryana,Paracetamol,3008,230.6,553,41.3,75.4,9,1.28,1,4157,6.6,1,29.09416,75.75081
PHC-0694,India - Punjab,Insulin,3907,164.5,324,89.6,94.0,3,0.96,0,1182,24.8,0,30.71475,75.87565
PHC-0694,India - Punjab,Azithromycin,2475,275.7,588,85.0,75.9,4,1.19,0,3074,7.5,0,30.71475,75.87565
PHC-0694,India - Punjab,Amoxicillin,7611,354.8,693,94.6,62.3,5,1.18,0,4218,18.2,0,30.71475,75.87565
PHC-0694,India - Punjab,ORS,556,36.0,164,52.7,85.1,4,0.9,0,206,17.2,0,30.71475,75.87565
PHC-0694,India - Punjab,Paracetamol,232,29.7,134,46.0,70.4,11,1.04,0,191,7.5,0,30.71475,75.87565
PHC-0695,India - Himachal Pradesh,Amoxicillin,198,95.1,369,82.6,88.2,4,0.94,0,703,2.2,1,31.0682,77.15921
PHC-0695,India - Himachal Pradesh,Paracetamol,1432,113.8,623,87.1,66.0,11,0.97,0,1056,13.0,0,31.0682,77.15921
PHC-0695,India - Himachal Pradesh,Insulin,1311,109.5,266,58.5,76.9,10,0.94,0,734,12.7,0,31.0682,77.15921
PHC-0695,India - Himachal Pradesh,ORS,1304,120.8,287,69.8,83.4,5,1.4,0,1226,7.7,0,31.0682,77.15921
PHC-0695,India - Himachal Pradesh,Azithromycin,1212,62.2,342,64.6,94.0,11,1.38,0,656,14.1,0,31.0682,77.15921
PHC-0696,India - Sikkim,Insulin,794,317.0,508,66.8,58.3,5,0.88,0,2452,2.9,1,27.25497,88.10531
PHC-0696,India - Sikkim,Azithromycin,4067,220.4,324,75.9,97.5,11,1.08,0,1783,17.1,0,27.25497,88.10531
PHC-0696,India - Sikkim,Paracetamol,4905,248.9,414,66.5,78.8,13,1.15,0,2340,17.1,0,27.25497,88.10531
PHC-0696,India - Sikkim,Amoxicillin,687,89.1,376,63.5,64.2,8,1.0,0,699,7.7,0,27.25497,88.10531
PHC-0696,India - Sikkim,ORS,6098,421.3,647,83.1,55.5,3,0.9,0,3708,16.1,0,27.25497,88.10531
PHC-0697,India - Tamil Nadu,Insulin,1102,144.2,324,87.0,77.9,12,0.95,0,1025,8.1,0,13.40012,79.79108
PHC-0697,India - Tamil Nadu,ORS,6333,270.0,572,54.1,73.4,10,1.3,0,3251,18.0,0,13.40012,79.79108
PHC-0697,India - Tamil Nadu,Azithromycin,3442,249.5,403,73.2,73.3,14,0.79,0,1589,17.5,0,13.40012,79.79108
PHC-0697,India - Tamil Nadu,Amoxicillin,590,33.9,62,93.7,58.6,4,1.03,0,198,16.9,0,13.40012,79.79108
PHC-0697,India - Tamil Nadu,Paracetamol,1125,84.6,433,74.7,69.1,8,1.16,0,809,11.5,0,13.40012,79.79108
PHC-0698,India - Andhra Pradesh,Azithromycin,171,15.3,72,60.9,84.4,14,1.13,0,99,9.9,0,16.44366,80.35309
PHC-0698,India - Andhra Pradesh,Amoxicillin,3261,245.8,669,95.6,60.8,14,1.36,1,5162,6.3,1,16.44366,80.35309
PHC-0698,India - Andhra Pradesh,Insulin,1689,110.5,681,87.0,69.1,14,1.11,0,1232,13.7,0,16.44366,80.35309
PHC-0698,India - Andhra Pradesh,ORS,8796,358.0,545,34.7,60.5,2,1.11,0,3609,22.1,0,16.44366,80.35309
PHC-0698,India - Andhra Pradesh,Paracetamol,3122,270.6,472,81.4,60.1,9,0.91,0,2108,12.7,0,16.44366,80.35309
PHC-0699,Russia - Saint Petersburg,Paracetamol,547,66.7,103,59.6,55.8,7,1.2,0,476,6.9,1,59.79398,30.82709
PHC-0699,Russia - Saint Petersburg,ORS,1012,50.6,288,85.3,89.9,13,1.21,0,447,16.5,0,59.79398,30.82709
PHC-0699,Russia - Saint Petersburg,Insulin,1709,226.6,624,63.4,86.4,6,1.04,1,3497,4.7,1,59.79398,30.82709
PHC-0699,Russia - Saint Petersburg,Amoxicillin,1639,145.2,364,69.7,74.4,10,0.86,0,968,13.2,0,59.79398,30.82709
PHC-0699,Russia - Saint Petersburg,Azithromycin,778,91.3,264,44.8,71.3,10,0.87,0,564,9.8,0,59.79398,30.82709
PHC-0700,India - Madhya Pradesh,Amoxicillin,3826,197.9,308,64.0,65.5,2,1.27,0,1858,15.3,0,23.4273,76.95087
PHC-0700,India - Madhya Pradesh,Azithromycin,8809,431.1,679,72.8,55.3,6,0.93,0,4024,21.9,0,23.4273,76.95087
PHC-0700,India - Madhya Pradesh,ORS,376,109.1,173,94.0,65.3,11,0.93,0,657,3.7,1,23.4273,76.95087
PHC-0700,India - Madhya Pradesh,Insulin,5205,353.9,674,88.9,62.0,6,0.77,0,2711,19.1,0,23.4273,76.95087
PHC-0700,India - Madhya Pradesh,Paracetamol,4478,399.9,570,80.0,72.6,12,0.92,0,3411,12.1,0,23.4273,76.95087
PHC-0701,South Africa - Cape Town,Insulin,3305,158.6,639,88.4,75.9,13,1.21,0,1861,17.3,0,-34.19113,18.21805
PHC-0701,South Africa - Cape Town,Azithromycin,4603,288.6,509,61.4,95.4,1,1.21,0,3076,13.2,0,-34.19113,18.21805
PHC-0701,South Africa - Cape Town,ORS,2087,84.7,126,73.1,89.6,1,1.05,0,547,23.4,0,-34.19113,18.21805
PHC-0701,South Africa - Cape Town,Paracetamol,3019,206.5,373,76.4,78.0,13,0.74,0,1203,19.7,0,-34.19113,18.21805
PHC-0701,South Africa - Cape Town,Amoxicillin,165,29.5,114,53.1,95.9,1,0.76,0,135,7.4,0,-34.19113,18.21805
PHC-0702,Brazil - Sao Paulo,Azithromycin,3553,303.5,515,50.5,75.8,10,1.24,0,3325,9.5,0,-23.44016,-46.80211
PHC-0702,Brazil - Sao Paulo,Paracetamol,4958,262.8,510,40.6,69.6,11,1.09,0,2533,17.3,0,-23.44016,-46.80211
PHC-0702,Brazil - Sao Paulo,Insulin,160,39.5,146,75.2,63.7,13,1.09,0,271,3.7,1,-23.44016,-46.80211
PHC-0702,Brazil - Sao Paulo,Amoxicillin,4436,405.8,696,69.1,64.7,3,1.09,0,4464,10.1,0,-23.44016,-46.80211
PHC-0702,Brazil - Sao Paulo,ORS,1946,132.3,229,93.1,91.4,1,1.1,0,997,13.4,0,-23.44016,-46.80211
PHC-0703,Russia - Moscow,ORS,1291,63.3,100,36.8,85.8,1,1.07,0,403,19.1,0,55.47892,37.39337
PHC-0703,Russia - Moscow,Amoxicillin,174,75.7,273,44.2,96.2,13,0.85,0,460,2.7,1,55.47892,37.39337
PHC-0703,Russia - Moscow,Paracetamol,472,210.6,333,30.6,99.5,12,1.07,0,1707,2.1,1,55.47892,37.39337
PHC-0703,Russia - Moscow,Insulin,7095,311.0,493,65.7,71.7,1,1.19,0,3224,19.1,0,55.47892,37.39337
PHC-0703,Russia - Moscow,Azithromycin,480,75.1,267,51.1,57.9,13,0.97,0,520,6.6,1,55.47892,37.39337
PHC-0704,India - West Bengal,Paracetamol,1520,241.8,503,84.9,59.1,8,0.77,0,1630,8.2,0,22.34027,88.16203
PHC-0704,India - West Bengal,Amoxicillin,198,91.0,540,62.1,70.6,10,0.81,0,666,2.7,1,22.34027,88.16203
PHC-0704,India - West Bengal,Azithromycin,519,71.2,362,54.8,99.6,9,1.24,0,687,5.9,1,22.34027,88.16203
PHC-0704,India - West Bengal,ORS,760,70.7,174,94.2,88.1,14,1.08,0,496,9.9,0,22.34027,88.16203
PHC-0704,India - West Bengal,Insulin,708,71.0,328,58.6,99.3,14,0.76,0,406,13.2,0,22.34027,88.16203
PHC-0705,India - Gujarat,Azithromycin,4926,384.0,649,87.5,59.5,12,1.11,0,4162,11.6,0,23.24008,73.16848
PHC-0705,India - Gujarat,ORS,162,11.3,75,64.9,84.4,4,0.85,0,56,16.9,0,23.24008,73.16848
PHC-0705,India - Gujarat,Insulin,350,14.0,73,79.0,83.3,14,0.94,0,76,26.6,0,23.24008,73.16848
PHC-0705,India - Gujarat,Amoxicillin,1517,82.8,144,63.5,58.5,13,1.4,0,725,13.1,0,23.24008,73.16848
PHC-0705,India - Gujarat,Paracetamol,4365,219.9,626,80.0,83.3,7,0.75,0,1594,26.4,0,23.24008,73.16848
PHC-0706,India - Maharashtra,Insulin,3855,253.3,382,86.6,83.5,2,1.24,0,2486,12.3,0,19.87368,72.51925
PHC-0706,India - Maharashtra,Paracetamol,5159,307.0,433,43.7,68.8,4,1.07,1,4229,10.1,0,19.87368,72.51925
PHC-0706,India - Maharashtra,Azithromycin,1638,91.8,296,30.1,70.0,12,1.29,0,866,13.9,0,19.87368,72.51925
PHC-0706,India - Maharashtra,ORS,150,59.2,491,39.9,59.6,5,1.04,1,832,1.6,1,19.87368,72.51925
PHC-0706,India - Maharashtra,Amoxicillin,7205,414.8,621,41.5,68.0,2,0.84,0,3328,20.8,0,19.87368,72.51925
PHC-0707,South Africa - Johannesburg,Amoxicillin,832,58.0,328,71.7,85.9,9,0.79,0,345,18.2,0,-26.61167,27.76784
PHC-0707,South Africa - Johannesburg,Azithromycin,1743,136.4,211,57.7,60.6,7,1.19,0,1088,10.8,0,-26.61167,27.76784
PHC-0707,South Africa - Johannesburg,Paracetamol,2656,120.0,225,89.7,68.8,11,0.83,1,1051,17.3,0,-26.61167,27.76784
PHC-0707,South Africa - Johannesburg,ORS,1975,147.1,201,95.4,60.5,10,1.11,0,1090,12.1,0,-26.61167,27.76784
PHC-0707,South Africa - Johannesburg,Insulin,319,57.7,239,34.1,97.7,1,1.38,1,852,2.6,1,-26.61167,27.76784
PHC-0708,India - Rajasthan,Paracetamol,4596,352.8,532,78.8,80.3,4,0.91,0,2893,14.3,0,26.68947,75.42
PHC-0708,India - Rajasthan,Amoxicillin,1416,137.9,303,72.0,73.9,11,1.03,0,1050,9.9,0,26.68947,75.42
PHC-0708,India - Rajasthan,Azithromycin,1588,120.7,168,95.4,93.1,7,1.32,0,1027,9.9,0,26.68947,75.42
PHC-0708,India - Rajasthan,Insulin,2683,182.7,401,43.7,64.6,9,0.72,0,1066,20.3,0,26.68947,75.42
PHC-0708,India - Rajasthan,ORS,1078,208.3,428,34.5,79.0,2,1.31,0,2252,3.9,1,26.68947,75.42
PHC-0709,Russia - Moscow,Insulin,155,55.1,408,78.5,84.5,5,0.85,1,585,2.1,1,55.6995,37.18415
PHC-0709,Russia - Moscow,ORS,1819,159.9,482,49.9,92.4,10,1.05,0,1442,10.9,0,55.6995,37.18415
PHC-0709,Russia - Moscow,Azithromycin,1494,132.6,432,70.3,98.4,3,0.88,0,969,12.8,0,55.6995,37.18415
PHC-0709,Russia - Moscow,Paracetamol,3575,204.0,575,95.5,88.3,1,0.78,1,2295,14.4,0,55.6995,37.18415
PHC-0709,Russia - Moscow,Amoxicillin,1702,72.4,303,78.6,90.2,12,1.02,0,545,23.0,0,55.6995,37.18415
PHC-0710,India - Andhra Pradesh,Paracetamol,1636,107.9,185,59.5,86.6,5,1.21,0,857,12.5,0,16.80474,80.31879
PHC-0710,India - Andhra Pradesh,ORS,1638,112.7,221,84.2,84.4,5,1.05,0,802,13.9,0,16.80474,80.31879
PHC-0710,India - Andhra Pradesh,Amoxicillin,3422,216.2,651,83.9,98.2,3,1.12,0,2374,14.1,0,16.80474,80.31879
PHC-0710,India - Andhra Pradesh,Azithromycin,3196,199.4,510,57.2,75.4,9,1.34,0,2353,12.0,0,16.80474,80.31879
PHC-0710,India - Andhra Pradesh,Insulin,2465,103.0,229,36.8,98.7,2,1.39,0,983,17.2,0,16.80474,80.31879
PHC-0711,Russia - Novosibirsk,Paracetamol,1182,212.7,298,63.2,77.6,11,0.97,0,1508,5.8,1,54.84202,82.95521
PHC-0711,Russia - Novosibirsk,Amoxicillin,1024,198.1,500,75.3,56.4,13,1.36,1,3649,2.5,1,54.84202,82.95521
PHC-0711,Russia - Novosibirsk,Azithromycin,6384,313.9,672,61.6,76.5,2,1.38,0,4309,14.7,0,54.84202,82.95521
PHC-0711,Russia - Novosibirsk,ORS,1058,118.2,614,87.9,87.2,8,1.13,0,1273,7.9,0,54.84202,82.95521
PHC-0711,Russia - Novosibirsk,Insulin,308,21.5,70,45.9,78.4,12,1.09,0,135,13.1,0,54.84202,82.95521
PHC-0712,Brazil - Brasilia,ORS,81,31.0,205,42.8,60.3,13,1.07,0,221,2.4,1,-16.24337,-47.28287
PHC-0712,Brazil - Brasilia,Insulin,405,29.5,99,78.6,74.7,1,1.37,0,241,10.0,0,-16.24337,-47.28287
PHC-0712,Brazil - Brasilia,Paracetamol,3533,171.9,615,42.8,98.3,8,1.2,0,1974,17.1,0,-16.24337,-47.28287
PHC-0712,Brazil - Brasilia,Amoxicillin,388,156.1,448,92.2,90.8,8,0.79,0,1040,3.1,1,-16.24337,-47.28287
PHC-0712,Brazil - Brasilia,Azithromycin,2911,214.5,357,74.5,55.3,5,1.35,0,2238,10.1,0,-16.24337,-47.28287
PHC-0713,India - Punjab,Insulin,275,73.1,461,40.6,66.9,13,1.2,0,741,3.1,1,31.00392,75.37862
PHC-0713,India - Punjab,Azithromycin,3897,419.3,684,35.8,72.9,6,1.24,0,5204,7.5,0,31.00392,75.37862
PHC-0713,India - Punjab,ORS,4447,220.2,334,82.6,81.2,14,1.33,0,2224,15.2,0,31.00392,75.37862
PHC-0713,India - Punjab,Amoxicillin,983,47.5,195,55.2,90.6,6,1.39,0,436,14.9,0,31.00392,75.37862
PHC-0713,India - Punjab,Paracetamol,1466,113.4,499,74.5,69.1,5,1.04,0,1031,12.4,0,31.00392,75.37862
PHC-0714,India - Sikkim,Insulin,118,10.0,60,76.4,88.9,4,0.99,0,56,11.9,0,27.40373,88.2175
PHC-0714,India - Sikkim,Paracetamol,2206,132.0,194,77.0,59.4,11,0.99,1,1344,10.8,0,27.40373,88.2175
PHC-0714,India - Sikkim,Amoxicillin,666,37.8,120,91.3,57.7,3,1.31,0,302,13.4,0,27.40373,88.2175
PHC-0714,India - Sikkim,Azithromycin,4156,209.5,308,92.8,98.3,13,1.35,0,2091,14.7,0,27.40373,88.2175
PHC-0714,India - Sikkim,ORS,640,91.8,493,74.4,60.7,7,1.36,0,1086,5.1,1,27.40373,88.2175
PHC-0715,South Africa - Durban,Amoxicillin,2055,100.6,333,57.5,87.1,9,1.2,0,912,17.1,0,-29.56678,31.0534
PHC-0715,South Africa - Durban,Insulin,2675,147.7,227,41.9,85.6,1,0.93,0,940,19.5,0,-29.56678,31.0534
PHC-0715,South Africa - Durban,Azithromycin,2797,254.6,427,67.1,61.1,4,0.76,0,1604,14.4,0,-29.56678,31.0534
PHC-0715,South Africa - Durban,ORS,6136,313.7,480,40.9,58.2,7,0.86,0,2317,22.8,0,-29.56678,31.0534
PHC-0715,South Africa - Durban,Paracetamol,1181,112.5,179,70.2,81.8,8,1.14,0,833,9.2,0,-29.56678,31.0534
PHC-0716,Brazil - Brasilia,Amoxicillin,6221,414.1,579,63.3,60.4,11,1.23,1,7328,7.9,0,-16.64273,-48.2242
PHC-0716,Brazil - Brasilia,ORS,3096,133.7,541,55.2,82.9,14,0.86,0,1035,27.0,0,-16.64273,-48.2242
PHC-0716,Brazil - Brasilia,Paracetamol,2716,112.3,264,48.0,94.5,9,1.02,0,815,23.7,0,-16.64273,-48.2242
PHC-0716,Brazil - Brasilia,Insulin,6526,310.6,521,32.7,73.5,4,1.05,0,2890,20.1,0,-16.64273,-48.2242
PHC-0716,Brazil - Brasilia,Azithromycin,3593,433.6,674,37.6,63.4,10,1.36,0,5859,6.1,1,-16.64273,-48.2242
PHC-0717,India - Karnataka,Azithromycin,5207,281.4,459,47.8,67.0,1,0.89,0,2120,20.8,0,13.39451,77.97821
PHC-0717,India - Karnataka,ORS,1564,146.7,465,96.7,75.7,5,0.96,0,1203,11.1,0,13.39451,77.97821
PHC-0717,India - Karnataka,Paracetamol,6207,250.4,370,63.1,75.7,11,0.93,0,1828,26.6,0,13.39451,77.97821
PHC-0717,India - Karnataka,Amoxicillin,1108,79.6,228,44.0,86.2,10,0.88,0,477,15.9,0,13.39451,77.97821
PHC-0717,India - Karnataka,Insulin,444,68.5,265,80.0,86.3,1,1.08,0,524,6.0,1,13.39451,77.97821
PHC-0718,India - Odisha,ORS,2402,334.9,582,64.2,61.8,12,1.27,0,3954,5.7,1,19.7428,85.92554
PHC-0718,India - Odisha,Paracetamol,1734,126.3,613,79.2,94.0,14,1.3,0,1563,10.6,0,19.7428,85.92554
PHC-0718,India - Odisha,Azithromycin,9324,383.9,520,71.7,92.4,14,0.75,0,2571,32.2,0,19.7428,85.92554
PHC-0718,India - Odisha,Amoxicillin,6544,270.6,617,74.1,75.8,2,1.25,0,3249,19.3,0,19.7428,85.92554
PHC-0718,India - Odisha,Insulin,3350,243.3,471,73.6,91.1,7,1.02,0,2128,13.5,0,19.7428,85.92554
PHC-0719,India - Telangana,ORS,578,44.6,349,44.3,61.8,9,0.86,0,297,15.0,0,16.80958,78.48723
PHC-0719,India - Telangana,Azithromycin,2399,179.2,391,56.5,94.9,9,1.35,0,1936,9.9,0,16.80958,78.48723
PHC-0719,India - Telangana,Insulin,1928,92.5,133,38.4,70.4,5,0.93,0,532,22.4,0,16.80958,78.48723
PHC-0719,India - Telangana,Paracetamol,335,45.8,159,61.1,85.0,8,1.06,0,308,6.9,1,16.80958,78.48723
PHC-0719,India - Telangana,Amoxicillin,2622,432.4,577,65.9,71.9,9,0.85,0,3425,7.1,0,16.80958,78.48723
PHC-0720,India - West Bengal,Insulin,1229,91.6,670,40.4,85.3,9,1.35,0,1229,9.9,0,22.66584,88.25473
PHC-0720,India - West Bengal,ORS,2356,389.2,605,92.7,82.9,11,1.07,0,3966,5.6,1,22.66584,88.25473
PHC-0720,India - West Bengal,Amoxicillin,334,27.5,202,80.5,96.3,5,1.0,0,183,12.2,0,22.66584,88.25473
PHC-0720,India - West Bengal,Paracetamol,2142,293.0,413,92.0,63.3,2,0.71,0,1700,10.3,0,22.66584,88.25473
PHC-0720,India - West Bengal,Azithromycin,4002,174.9,515,67.1,60.3,7,1.14,0,1762,20.1,0,22.66584,88.25473
PHC-0721,India - Chhattisgarh,ORS,314,27.9,71,60.6,56.4,6,0.87,1,217,8.3,0,21.13601,81.51544
PHC-0721,India - Chhattisgarh,Paracetamol,745,30.4,202,83.9,55.1,13,1.34,1,420,11.8,0,21.13601,81.51544
PHC-0721,India - Chhattisgarh,Amoxicillin,3016,312.6,507,68.9,87.9,9,1.09,0,3006,8.8,0,21.13601,81.51544
PHC-0721,India - Chhattisgarh,Azithromycin,7926,373.4,576,39.0,75.0,10,0.73,0,2520,29.2,0,21.13601,81.51544
PHC-0721,India - Chhattisgarh,Insulin,1191,73.4,104,57.2,87.9,4,0.85,0,371,19.2,0,21.13601,81.51544
PHC-0722,Brazil - Brasilia,Paracetamol,293,28.9,201,74.5,92.2,11,1.36,0,262,7.4,0,-15.84183,-48.07721
PHC-0722,Brazil - Brasilia,Azithromycin,549,65.8,416,92.8,81.2,7,0.94,0,505,8.9,0,-15.84183,-48.07721
PHC-0722,Brazil - Brasilia,Amoxicillin,4240,369.2,622,93.7,75.4,2,1.27,0,4513,9.0,0,-15.84183,-48.07721
PHC-0722,Brazil - Brasilia,Insulin,1153,180.2,617,96.4,91.4,3,0.94,0,1628,6.8,1,-15.84183,-48.07721
PHC-0722,Brazil - Brasilia,ORS,374,85.4,170,53.7,58.9,8,1.34,0,739,3.3,1,-15.84183,-48.07721
PHC-0723,South Africa - Cape Town,Azithromycin,1641,121.6,224,35.1,58.2,5,1.19,0,986,11.3,0,-33.9339,18.57486
PHC-0723,South Africa - Cape Town,Amoxicillin,3575,359.4,579,34.6,70.0,2,1.21,0,4050,8.2,0,-33.9339,18.57486
PHC-0723,South Africa - Cape Town,ORS,1090,93.9,317,55.9,72.6,7,1.04,0,731,11.1,0,-33.9339,18.57486
PHC-0723,South Africa - Cape Town,Paracetamol,977,196.5,649,70.9,74.0,2,1.17,0,2252,4.2,1,-33.9339,18.57486
PHC-0723,South Africa - Cape Town,Insulin,469,113.8,487,82.6,60.9,5,0.82,0,810,5.0,1,-33.9339,18.57486
PHC-0724,India - Bihar,Paracetamol,2052,153.1,353,61.7,55.9,3,0.79,0,934,17.0,0,25.49345,84.98662
PHC-0724,India - Bihar,Azithromycin,2372,106.9,220,45.2,89.7,5,0.86,0,623,25.9,0,25.49345,84.98662
PHC-0724,India - Bihar,ORS,2559,110.5,433,93.5,59.7,10,0.84,0,765,27.7,0,25.49345,84.98662
PHC-0724,India - Bihar,Insulin,858,44.5,263,49.6,81.2,13,0.82,0,260,23.4,0,25.49345,84.98662
PHC-0724,India - Bihar,Amoxicillin,230,30.8,231,61.7,78.9,10,1.28,0,271,5.8,1,25.49345,84.98662
PHC-0725,India - Maharashtra,Azithromycin,3348,292.5,401,77.6,55.5,9,0.89,0,2103,12.8,0,18.40768,73.04696
PHC-0725,India - Maharashtra,Paracetamol,1502,98.0,136,88.2,91.0,13,1.24,0,754,12.3,0,18.40768,73.04696
PHC-0725,India - Maharashtra,ORS,2855,142.0,333,69.9,91.9,7,1.37,0,1474,14.7,0,18.40768,73.04696
PHC-0725,India - Maharashtra,Insulin,613,37.4,79,62.4,98.2,12,1.27,0,276,12.9,0,18.40768,73.04696
PHC-0725,India - Maharashtra,Amoxicillin,1544,70.7,166,93.7,99.9,5,1.21,0,550,18.0,0,18.40768,73.04696
PHC-0726,Russia - Moscow,Azithromycin,2252,171.5,242,38.7,82.0,1,1.18,0,1410,11.1,0,55.7498,37.62389
PHC-0726,Russia - Moscow,Amoxicillin,151,38.9,83,88.7,99.3,10,1.24,0,282,3.1,1,55.7498,37.62389
PHC-0726,Russia - Moscow,Insulin,3119,129.3,446,34.3,59.2,11,0.83,0,895,29.2,0,55.7498,37.62389
PHC-0726,Russia - Moscow,Paracetamol,862,85.0,147,89.8,75.1,10,0.79,0,424,12.8,0,55.7498,37.62389
PHC-0726,Russia - Moscow,ORS,713,65.7,133,78.3,56.6,8,1.04,0,424,10.4,0,55.7498,37.62389
PHC-0727,India - Odisha,Amoxicillin,3047,171.8,681,52.5,74.0,7,1.09,0,1876,16.3,0,19.61651,85.12916
PHC-0727,India - Odisha,Azithromycin,6211,320.0,600,65.6,71.5,10,0.84,0,2543,23.1,0,19.61651,85.12916
PHC-0727,India - Odisha,Paracetamol,478,68.7,350,75.2,80.9,13,1.34,0,709,5.2,1,19.61651,85.12916
PHC-0727,India - Odisha,ORS,1259,63.5,110,55.7,68.8,13,0.71,0,271,27.9,0,19.61651,85.12916
PHC-0727,India - Odisha,Insulin,1042,124.7,475,89.1,68.0,3,1.0,0,1067,8.4,0,19.61651,85.12916
PHC-0728,China - Beijing,Insulin,538,46.7,167,54.6,78.1,3,0.99,0,296,11.7,0,39.99583,116.39751
PHC-0728,China - Beijing,ORS,4264,199.4,267,52.8,72.9,1,1.37,1,3024,10.0,0,39.99583,116.39751
PHC-0728,China - Beijing,Paracetamol,1858,75.2,477,74.5,86.2,6,0.89,0,576,27.7,0,39.99583,116.39751
PHC-0728,China - Beijing,Amoxicillin,825,43.3,104,55.3,74.3,8,1.16,0,299,16.5,0,39.99583,116.39751
PHC-0728,China - Beijing,Azithromycin,2142,228.3,481,49.5,79.0,14,0.78,0,1542,12.0,0,39.99583,116.39751
PHC-0729,Brazil - Sao Paulo,Amoxicillin,2454,286.4,570,91.5,78.7,1,1.25,0,3299,6.9,1,-23.71174,-46.39748
PHC-0729,Brazil - Sao Paulo,Azithromycin,2301,320.2,479,50.6,86.9,13,1.08,0,2965,6.7,1,-23.71174,-46.39748
PHC-0729,Brazil - Sao Paulo,Paracetamol,367,62.6,326,73.4,83.1,10,1.27,0,600,4.6,1,-23.71174,-46.39748
PHC-0729,Brazil - Sao Paulo,ORS,1072,97.5,594,55.2,89.5,3,1.17,0,1073,9.4,0,-23.71174,-46.39748
PHC-0729,Brazil - Sao Paulo,Insulin,932,68.5,227,44.7,57.7,8,1.05,0,492,13.0,0,-23.71174,-46.39748
PHC-0730,India - Madhya Pradesh,Paracetamol,1243,89.4,519,72.3,77.5,10,1.22,0,971,11.4,0,23.57642,77.57939
PHC-0730,India - Madhya Pradesh,ORS,2846,288.3,676,40.3,76.2,3,0.84,0,2420,11.7,0,23.57642,77.57939
PHC-0730,India - Madhya Pradesh,Insulin,4320,199.8,326,75.4,95.2,9,1.09,0,1641,19.8,0,23.57642,77.57939
PHC-0730,India - Madhya Pradesh,Amoxicillin,5590,289.8,453,91.4,76.3,11,1.37,0,3337,14.1,0,23.57642,77.57939
PHC-0730,India - Madhya Pradesh,Azithromycin,1561,105.2,448,31.0,62.1,1,0.96,0,848,15.4,0,23.57642,77.57939
PHC-0731,India - Karnataka,ORS,2187,87.7,316,90.4,71.8,10,0.72,0,471,34.6,0,12.23231,77.85923
PHC-0731,India - Karnataka,Azithromycin,4362,192.6,302,95.9,87.1,13,0.81,0,1154,27.8,0,12.23231,77.85923
PHC-0731,India - Karnataka,Insulin,120,35.0,142,60.8,90.3,3,0.7,0,154,4.9,1,12.23231,77.85923
PHC-0731,India - Karnataka,Amoxicillin,235,94.5,438,62.6,94.1,13,1.22,0,955,2.0,1,12.23231,77.85923
PHC-0731,India - Karnataka,Paracetamol,1763,214.1,337,74.4,77.2,10,0.84,1,2131,6.3,1,12.23231,77.85923
PHC-0732,India - Tripura,Insulin,299,40.2,295,49.4,95.0,10,1.34,0,395,5.5,1,24.25761,91.5056
PHC-0732,India - Tripura,ORS,1164,67.2,91,34.7,72.6,7,1.0,0,394,17.4,0,24.25761,91.5056
PHC-0732,India - Tripura,Azithromycin,2048,114.4,196,53.9,88.1,8,1.07,0,814,16.7,0,24.25761,91.5056
PHC-0732,India - Tripura,Amoxicillin,2139,193.1,515,53.9,86.4,2,1.09,0,1864,10.2,0,24.25761,91.5056
PHC-0732,India - Tripura,Paracetamol,6729,383.9,681,81.7,93.3,8,1.22,0,4683,14.4,0,24.25761,91.5056
PHC-0733,Brazil - Sao Paulo,ORS,1002,161.9,558,96.9,74.2,5,1.25,0,1852,5.0,1,-23.31417,-46.32881
PHC-0733,Brazil - Sao Paulo,Insulin,1188,57.2,358,37.2,96.5,3,1.16,1,801,11.5,0,-23.31417,-46.32881
PHC-0733,Brazil - Sao Paulo,Paracetamol,296,112.3,249,61.7,81.6,6,0.77,1,938,2.2,1,-23.31417,-46.32881
PHC-0733,Brazil - Sao Paulo,Amoxicillin,317,19.6,68,63.8,65.8,1,1.39,0,156,11.6,0,-23.31417,-46.32881
PHC-0733,Brazil - Sao Paulo,Azithromycin,334,101.5,526,63.2,91.2,8,1.07,0,972,3.1,1,-23.31417,-46.32881
PHC-0734,Russia - Novosibirsk,Insulin,738,124.9,689,37.6,78.9,1,0.98,0,1230,6.0,1,55.54559,82.62336
PHC-0734,Russia - Novosibirsk,Paracetamol,928,78.3,200,45.7,59.3,2,0.71,0,368,16.7,0,55.54559,82.62336
PHC-0734,Russia - Novosibirsk,Amoxicillin,980,88.5,574,59.7,75.0,6,0.83,0,684,13.3,0,55.54559,82.62336
PHC-0734,Russia - Novosibirsk,ORS,1068,350.9,472,33.7,92.1,6,0.89,0,2660,3.4,1,55.54559,82.62336
PHC-0734,Russia - Novosibirsk,Azithromycin,4065,251.5,552,30.5,66.7,13,0.88,0,2020,18.3,0,55.54559,82.62336
PHC-0735,South Africa - Johannesburg,ORS,2992,165.5,352,83.2,96.4,2,1.21,0,1545,14.9,0,-25.93845,28.06009
PHC-0735,South Africa - Johannesburg,Azithromycin,694,44.0,95,77.4,81.3,1,0.99,0,257,16.0,0,-25.93845,28.06009
PHC-0735,South Africa - Johannesburg,Amoxicillin,4140,206.5,631,71.3,75.0,14,0.99,0,1977,20.2,0,-25.93845,28.06009
PHC-0735,South Africa - Johannesburg,Insulin,2689,117.2,595,82.6,70.7,12,0.71,0,780,32.4,0,-25.93845,28.06009
PHC-0735,South Africa - Johannesburg,Paracetamol,433,99.3,536,95.3,84.6,3,1.27,0,1139,3.4,1,-25.93845,28.06009
PHC-0736,China - Shenzhen,ORS,5254,430.2,606,88.3,77.7,13,0.88,0,3595,13.9,0,22.14894,114.19512
PHC-0736,China - Shenzhen,Insulin,296,109.9,389,37.2,93.2,7,1.32,0,1154,2.0,1,22.14894,114.19512
PHC-0736,China - Shenzhen,Amoxicillin,3747,278.0,392,61.5,76.3,8,0.88,0,1951,15.4,0,22.14894,114.19512
PHC-0736,China - Shenzhen,Paracetamol,1736,291.4,397,35.2,70.8,7,0.85,1,3086,4.5,1,22.14894,114.19512
PHC-0736,China - Shenzhen,Azithromycin,2222,132.4,382,60.8,64.4,8,0.98,0,1024,17.2,0,22.14894,114.19512
PHC-0737,India - Punjab,Amoxicillin,1302,98.5,279,54.4,71.8,10,1.01,0,718,13.1,0,30.93079,75.92685
PHC-0737,India - Punjab,Insulin,3057,276.2,465,94.3,64.8,7,1.01,0,2383,10.9,0,30.93079,75.92685
PHC-0737,India - Punjab,Azithromycin,1600,169.1,236,55.7,81.8,8,1.12,0,1304,8.5,0,30.93079,75.92685
PHC-0737,India - Punjab,Paracetamol,693,35.4,279,78.8,81.4,12,0.92,1,364,13.7,0,30.93079,75.92685
PHC-0737,India - Punjab,ORS,506,56.1,199,78.3,96.3,11,1.04,0,389,8.6,0,30.93079,75.92685
PHC-0738,India - Assam,Insulin,386,50.9,88,41.9,59.0,2,0.86,0,256,8.8,0,26.04945,92.2574
PHC-0738,India - Assam,ORS,2142,127.3,179,77.1,61.0,5,0.83,1,1071,13.0,0,26.04945,92.2574
PHC-0738,India - Assam,Paracetamol,2982,291.7,463,69.3,77.6,9,0.84,0,2090,12.1,0,26.04945,92.2574
PHC-0738,India - Assam,Azithromycin,1073,212.0,512,73.4,90.6,5,0.99,1,2866,3.3,1,26.04945,92.2574
PHC-0738,India - Assam,Amoxicillin,847,45.6,68,93.1,88.3,4,1.05,0,273,17.8,0,26.04945,92.2574
PHC-0739,Russia - Novosibirsk,ORS,271,86.0,334,74.5,85.1,7,1.17,0,761,2.7,1,54.79444,82.93384
PHC-0739,Russia - Novosibirsk,Insulin,537,152.9,561,40.1,83.3,5,1.24,1,2691,1.8,1,54.79444,82.93384
PHC-0739,Russia - Novosibirsk,Azithromycin,6764,429.7,679,50.5,87.7,2,1.39,0,5986,11.3,0,54.79444,82.93384
PHC-0739,Russia - Novosibirsk,Amoxicillin,657,97.8,344,40.1,56.4,9,1.21,0,904,5.6,1,54.79444,82.93384
PHC-0739,Russia - Novosibirsk,Paracetamol,3198,148.9,223,50.3,60.6,10,1.01,0,1025,21.3,0,54.79444,82.93384
PHC-0740,India - Karnataka,Insulin,10899,459.2,690,73.7,80.1,4,1.16,0,5373,20.4,0,13.27763,77.06592
PHC-0740,India - Karnataka,ORS,2686,154.4,614,45.1,86.8,13,1.23,0,1809,14.2,0,13.27763,77.06592
PHC-0740,India - Karnataka,Paracetamol,4092,259.8,517,79.0,77.5,7,1.06,0,2431,14.9,0,13.27763,77.06592
PHC-0740,India - Karnataka,Azithromycin,1867,345.2,650,79.3,72.5,3,1.29,0,4356,4.2,1,13.27763,77.06592
PHC-0740,India - Karnataka,Amoxicillin,1164,53.0,235,38.5,76.8,7,0.77,0,282,28.4,0,13.27763,77.06592
PHC-0741,South Africa - Durban,Amoxicillin,672,323.2,692,97.5,73.7,2,1.14,0,3721,1.8,1,-30.5632,31.03144
PHC-0741,South Africa - Durban,Insulin,8328,428.4,656,73.7,88.9,4,0.82,1,5377,15.2,0,-30.5632,31.03144
PHC-0741,South Africa - Durban,Paracetamol,1604,84.7,127,49.4,80.6,7,1.38,0,716,13.8,0,-30.5632,31.03144
PHC-0741,South Africa - Durban,Azithromycin,2227,226.9,444,51.6,88.7,6,1.34,0,2543,7.3,0,-30.5632,31.03144
PHC-0741,South Africa - Durban,ORS,760,105.1,572,36.0,74.6,14,1.14,0,1108,6.4,1,-30.5632,31.03144
PHC-0742,India - Andhra Pradesh,ORS,9043,490.9,662,91.7,97.8,9,1.3,0,6316,14.2,0,16.11859,80.50541
PHC-0742,India - Andhra Pradesh,Azithromycin,987,233.1,647,68.4,64.6,8,1.11,0,2524,3.8,1,16.11859,80.50541
PHC-0742,India - Andhra Pradesh,Insulin,1001,51.0,71,84.7,60.1,6,1.36,0,398,14.4,0,16.11859,80.50541
PHC-0742,India - Andhra Pradesh,Amoxicillin,530,92.4,666,51.4,88.2,12,1.33,0,1217,4.3,1,16.11859,80.50541
PHC-0742,India - Andhra Pradesh,Paracetamol,4110,168.2,556,57.7,96.1,11,1.25,0,1915,19.6,0,16.11859,80.50541
PHC-0743,South Africa - Durban,ORS,4669,486.8,668,66.6,82.4,13,0.85,0,4117,11.3,0,-30.07454,31.10095
PHC-0743,South Africa - Durban,Paracetamol,762,54.3,96,86.9,78.0,4,1.11,0,357,12.6,0,-30.07454,31.10095
PHC-0743,South Africa - Durban,Azithromycin,2101,137.0,367,87.5,76.6,12,0.89,0,956,17.2,0,-30.07454,31.10095
PHC-0743,South Africa - Durban,Insulin,1841,188.1,620,46.0,75.1,8,1.03,0,1852,9.5,0,-30.07454,31.10095
PHC-0743,South Africa - Durban,Amoxicillin,2654,254.0,518,91.2,78.0,9,1.28,0,2892,8.1,0,-30.07454,31.10095
PHC-0744,India - Goa,Insulin,152,13.0,70,78.5,58.1,9,0.88,1,102,8.5,0,15.38523,74.06524
PHC-0744,India - Goa,Amoxicillin,469,109.9,499,72.1,80.1,5,1.15,1,1718,2.4,1,15.38523,74.06524
PHC-0744,India - Goa,Paracetamol,393,53.3,218,59.0,60.4,1,0.99,0,356,7.5,0,15.38523,74.06524
PHC-0744,India - Goa,ORS,5989,260.8,374,64.9,93.7,3,1.2,0,2459,19.2,0,15.38523,74.06524
PHC-0744,India - Goa,Azithromycin,259,19.3,100,86.4,81.3,8,0.97,0,111,13.9,0,15.38523,74.06524
PHC-0745,India - Jammu & Kashmir,Insulin,927,186.0,401,71.6,77.5,14,0.74,0,1111,6.7,1,33.53782,76.52097
PHC-0745,India - Jammu & Kashmir,Azithromycin,867,36.0,292,40.8,55.0,10,1.0,0,262,24.1,0,33.53782,76.52097
PHC-0745,India - Jammu & Kashmir,ORS,1227,196.0,620,97.0,70.0,8,0.99,0,1862,6.3,1,33.53782,76.52097
PHC-0745,India - Jammu & Kashmir,Paracetamol,155,31.5,129,89.9,63.3,12,1.3,0,252,3.8,1,33.53782,76.52097
PHC-0745,India - Jammu & Kashmir,Amoxicillin,551,22.8,139,50.4,57.6,12,1.24,0,175,19.6,0,33.53782,76.52097
PHC-0746,India - Himachal Pradesh,Paracetamol,1115,75.2,195,79.5,70.9,7,0.98,0,489,15.1,0,31.46531,77.30768
PHC-0746,India - Himachal Pradesh,Azithromycin,1412,92.0,605,41.7,87.2,5,0.73,0,637,21.0,0,31.46531,77.30768
PHC-0746,India - Himachal Pradesh,Insulin,1928,107.4,271,77.1,98.8,4,0.95,0,726,19.0,0,31.46531,77.30768
PHC-0746,India - Himachal Pradesh,ORS,1277,358.0,617,35.7,76.4,13,0.94,0,3218,3.8,1,31.46531,77.30768
PHC-0746,India - Himachal Pradesh,Amoxicillin,948,68.8,95,81.0,60.7,4,1.13,0,461,12.2,0,31.46531,77.30768
PHC-0747,India - Jharkhand,Azithromycin,1460,75.4,136,44.4,92.5,12,1.13,0,529,17.1,0,23.58947,84.95039
PHC-0747,India - Jharkhand,Insulin,133,50.1,323,86.7,55.6,13,0.76,0,287,3.5,1,23.58947,84.95039
PHC-0747,India - Jharkhand,Paracetamol,586,55.4,374,44.8,70.4,13,0.9,1,610,7.5,0,23.58947,84.95039
PHC-0747,India - Jharkhand,ORS,7068,380.8,562,52.5,63.4,11,1.07,0,3745,17.3,0,23.58947,84.95039
PHC-0747,India - Jharkhand,Amoxicillin,1369,74.4,515,50.4,75.8,10,1.39,0,913,13.3,0,23.58947,84.95039
PHC-0748,India - Uttarakhand,Amoxicillin,1183,64.1,96,79.0,67.8,14,1.35,0,513,13.7,0,30.81438,78.38843
PHC-0748,India - Uttarakhand,Insulin,2492,182.5,254,40.6,88.1,3,0.86,0,1108,15.8,0,30.81438,78.38843
PHC-0748,India - Uttarakhand,Azithromycin,1619,185.5,383,32.8,72.4,4,0.86,0,1271,10.1,0,30.81438,78.38843
PHC-0748,India - Uttarakhand,Paracetamol,309,40.4,239,49.1,76.8,7,1.28,0,357,6.0,1,30.81438,78.38843
PHC-0748,India - Uttarakhand,ORS,267,16.8,139,52.1,85.2,3,1.18,0,123,13.5,0,30.81438,78.38843
PHC-0749,India - Sikkim,Azithromycin,1177,59.1,208,30.3,65.2,8,1.11,1,685,11.5,0,27.38503,88.53684
PHC-0749,India - Sikkim,Insulin,698,336.0,674,72.4,73.5,1,1.0,1,5213,1.3,1,27.38503,88.53684
PHC-0749,India - Sikkim,Amoxicillin,3520,141.1,579,47.5,85.9,10,1.18,0,1544,21.2,0,27.38503,88.53684
PHC-0749,India - Sikkim,Paracetamol,4139,252.4,452,59.7,96.2,6,0.88,0,1861,18.7,0,27.38503,88.53684
PHC-0749,India - Sikkim,ORS,3177,150.6,628,53.1,73.9,9,1.18,1,2652,11.6,0,27.38503,88.53684
PHC-0750,China - Shenzhen,Azithromycin,4985,317.3,611,55.8,76.5,13,1.0,0,3031,15.7,0,22.77748,113.92023
PHC-0750,China - Shenzhen,Insulin,2976,216.8,426,46.7,95.2,1,0.84,0,1508,16.3,0,22.77748,113.92023
PHC-0750,China - Shenzhen,ORS,1370,64.3,99,84.0,75.6,12,1.14,0,434,18.7,0,22.77748,113.92023
PHC-0750,China - Shenzhen,Paracetamol,1572,277.3,511,68.4,61.3,6,1.16,0,2845,4.9,1,22.77748,113.92023
PHC-0750,China - Shenzhen,Amoxicillin,2884,159.0,458,91.7,55.5,4,0.82,0,1099,22.2,0,22.77748,113.92023
PHC-0751,Brazil - Sao Paulo,Azithromycin,459,185.3,435,94.3,91.1,4,1.05,1,2510,1.5,1,-23.24482,-46.82663
PHC-0751,Brazil - Sao Paulo,Paracetamol,5172,262.6,446,86.5,85.8,4,0.83,0,1832,23.6,0,-23.24482,-46.82663
PHC-0751,Brazil - Sao Paulo,ORS,2192,194.9,295,67.1,56.1,3,1.04,0,1489,10.8,0,-23.24482,-46.82663
PHC-0751,Brazil - Sao Paulo,Amoxicillin,740,198.2,556,33.0,97.7,8,1.12,0,2034,3.3,1,-23.24482,-46.82663
PHC-0751,Brazil - Sao Paulo,Insulin,3162,195.7,419,65.6,62.9,13,0.92,1,2279,11.4,0,-23.24482,-46.82663
PHC-0752,India - Uttar Pradesh,Paracetamol,1442,160.5,286,41.3,75.2,9,1.23,1,2216,4.7,1,26.63433,80.53197
PHC-0752,India - Uttar Pradesh,ORS,197,27.6,146,72.0,86.9,12,0.71,0,122,10.1,0,26.63433,80.53197
PHC-0752,India - Uttar Pradesh,Azithromycin,373,21.1,63,94.1,59.0,2,1.05,0,127,16.7,0,26.63433,80.53197
PHC-0752,India - Uttar Pradesh,Insulin,363,42.0,258,47.2,87.3,6,1.15,0,341,7.5,0,26.63433,80.53197
PHC-0752,India - Uttar Pradesh,Amoxicillin,1059,139.2,415,30.8,61.7,8,0.85,1,1503,5.7,1,26.63433,80.53197
PHC-0753,South Africa - Cape Town,Azithromycin,2452,348.2,660,96.4,89.0,9,0.86,0,2969,8.2,0,-34.55994,18.67544
PHC-0753,South Africa - Cape Town,Paracetamol,1586,146.4,211,62.9,68.9,12,0.96,0,949,11.2,0,-34.55994,18.67544
PHC-0753,South Africa - Cape Town,Insulin,1603,125.0,327,83.0,78.5,1,0.93,0,875,13.8,0,-34.55994,18.67544
PHC-0753,South Africa - Cape Town,Amoxicillin,4186,283.4,670,41.8,55.3,12,1.35,0,3805,10.9,0,-34.55994,18.67544
PHC-0753,South Africa - Cape Town,ORS,1529,110.8,576,80.1,85.9,5,1.3,0,1336,10.6,0,-34.55994,18.67544
PHC-0754,South Africa - Cape Town,Azithromycin,1298,54.0,231,52.1,83.9,9,0.88,0,326,27.4,0,-33.28688,18.91887
PHC-0754,South Africa - Cape Town,Insulin,1654,66.8,235,39.6,74.9,8,0.72,0,333,34.3,0,-33.28688,18.91887
PHC-0754,South Africa - Cape Town,ORS,530,29.3,62,82.0,98.5,7,1.3,0,217,13.8,0,-33.28688,18.91887
PHC-0754,South Africa - Cape Town,Paracetamol,450,87.6,522,61.3,75.7,11,1.05,0,822,4.9,1,-33.28688,18.91887
PHC-0754,South Africa - Cape Town,Amoxicillin,1555,260.4,361,54.3,58.3,9,0.84,1,2636,4.6,1,-33.28688,18.91887
PHC-0755,Brazil - Brasilia,Insulin,4858,267.1,359,57.6,85.7,8,1.31,0,2717,13.9,0,-15.5363,-47.38226
PHC-0755,Brazil - Brasilia,Azithromycin,3339,176.9,349,35.7,88.0,11,1.25,0,1703,15.1,0,-15.5363,-47.38226
PHC-0755,Brazil - Brasilia,ORS,2070,109.1,492,74.0,99.3,3,1.02,0,965,18.6,0,-15.5363,-47.38226
PHC-0755,Brazil - Brasilia,Paracetamol,4007,285.7,483,80.7,69.0,11,0.85,0,2099,16.5,0,-15.5363,-47.38226
PHC-0755,Brazil - Brasilia,Amoxicillin,1747,219.9,413,90.1,66.2,5,1.18,0,2111,6.7,1,-15.5363,-47.38226
PHC-0756,India - Gujarat,Azithromycin,1270,232.2,507,61.9,69.5,5,1.35,0,2760,4.0,1,22.86012,72.60551
PHC-0756,India - Gujarat,Paracetamol,2450,136.4,183,39.2,91.0,3,1.09,0,971,16.5,0,22.86012,72.60551
PHC-0756,India - Gujarat,Amoxicillin,977,167.0,566,84.6,67.3,3,1.03,1,2454,3.7,1,22.86012,72.60551
PHC-0756,India - Gujarat,Insulin,8405,412.5,667,94.2,90.9,14,1.02,0,4156,20.1,0,22.86012,72.60551
PHC-0756,India - Gujarat,ORS,2189,270.0,675,52.4,57.7,3,1.09,0,2927,7.5,0,22.86012,72.60551
PHC-0757,India - Goa,Azithromycin,4561,210.7,384,35.6,91.9,4,1.3,1,3360,10.8,0,15.58336,73.45775
PHC-0757,India - Goa,ORS,274,75.8,162,35.1,63.9,12,1.01,1,760,2.3,1,15.58336,73.45775
PHC-0757,India - Goa,Amoxicillin,5733,229.7,500,30.9,57.1,3,0.89,0,1787,28.1,0,15.58336,73.45775
PHC-0757,India - Goa,Paracetamol,1876,121.6,316,40.0,85.9,7,0.85,0,772,18.1,0,15.58336,73.45775
PHC-0757,India - Goa,Insulin,6954,423.4,680,44.2,82.1,1,1.01,0,4263,16.3,0,15.58336,73.45775
PHC-0758,India - Telangana,Insulin,1175,80.9,571,88.3,72.5,11,1.29,0,963,11.3,0,17.45987,77.94358
PHC-0758,India - Telangana,Amoxicillin,2224,202.3,327,38.9,78.4,13,1.17,0,1783,9.4,0,17.45987,77.94358
PHC-0758,India - Telangana,Azithromycin,3945,165.1,275,50.3,74.5,14,0.87,0,1029,27.5,0,17.45987,77.94358
PHC-0758,India - Telangana,Paracetamol,2253,129.3,650,40.7,61.0,3,1.07,0,1361,16.2,0,17.45987,77.94358
PHC-0758,India - Telangana,ORS,367,55.4,114,69.0,83.2,11,0.88,0,295,7.5,0,17.45987,77.94358
PHC-0759,India - West Bengal,Azithromycin,1078,44.9,103,86.3,89.0,13,0.82,0,221,29.1,0,22.92858,88.08589
PHC-0759,India - West Bengal,ORS,9635,434.2,587,94.5,83.9,12,1.04,0,4218,21.4,0,22.92858,88.08589
PHC-0759,India - West Bengal,Insulin,1085,120.1,552,36.1,59.0,7,0.92,0,1005,9.8,0,22.92858,88.08589
PHC-0759,India - West Bengal,Paracetamol,936,48.7,103,58.7,74.9,9,1.06,0,309,18.1,0,22.92858,88.08589
PHC-0759,India - West Bengal,Amoxicillin,1147,142.2,240,88.1,67.0,9,1.06,0,1044,7.6,0,22.92858,88.08589
PHC-0760,Brazil - Rio de Janeiro,Insulin,347,88.0,174,38.5,98.7,10,0.82,1,727,3.1,1,-23.29792,-43.92461
PHC-0760,Brazil - Rio de Janeiro,ORS,1895,128.2,347,72.6,77.4,4,0.94,0,929,15.7,0,-23.29792,-43.92461
PHC-0760,Brazil - Rio de Janeiro,Paracetamol,1613,110.9,300,55.8,69.8,10,0.91,0,741,16.0,0,-23.29792,-43.92461
PHC-0760,Brazil - Rio de Janeiro,Amoxicillin,1099,412.1,557,43.3,98.4,11,0.94,0,3541,2.8,1,-23.29792,-43.92461
PHC-0760,Brazil - Rio de Janeiro,Azithromycin,2404,180.3,527,91.2,80.4,10,1.17,0,1881,11.4,0,-23.29792,-43.92461
PHC-0761,India - Bihar,ORS,559,228.8,360,70.6,85.4,2,1.0,0,1775,2.4,1,25.39644,84.58714
PHC-0761,India - Bihar,Azithromycin,834,131.3,192,39.4,83.3,11,0.86,0,746,7.4,0,25.39644,84.58714
PHC-0761,India - Bihar,Amoxicillin,1877,144.7,593,95.6,92.3,3,1.08,0,1470,12.0,0,25.39644,84.58714
PHC-0761,India - Bihar,Insulin,3982,200.1,495,63.6,85.1,10,0.84,0,1465,23.7,0,25.39644,84.58714
PHC-0761,India - Bihar,Paracetamol,3609,149.4,420,40.9,55.9,11,1.23,0,1510,19.6,0,25.39644,84.58714
PHC-0762,India - Himachal Pradesh,Amoxicillin,1332,95.5,628,71.2,87.7,7,1.36,0,1255,10.2,0,31.25856,77.01251
PHC-0762,India - Himachal Pradesh,Azithromycin,278,28.4,137,65.7,55.2,1,1.18,1,324,5.3,1,31.25856,77.01251
PHC-0762,India - Himachal Pradesh,Paracetamol,1519,78.6,626,82.4,57.0,4,1.13,0,857,17.1,0,31.25856,77.01251
PHC-0762,India - Himachal Pradesh,ORS,1526,214.3,371,47.7,82.5,9,1.11,1,2887,4.1,1,31.25856,77.01251
PHC-0762,India - Himachal Pradesh,Insulin,5323,282.6,453,75.3,63.6,8,0.89,0,2126,21.1,0,31.25856,77.01251
PHC-0763,India - Uttar Pradesh,Insulin,8177,338.5,523,77.7,78.2,10,1.04,0,3123,23.3,0,26.6559,81.32496
PHC-0763,India - Uttar Pradesh,Amoxicillin,4397,329.7,513,82.6,76.4,13,0.97,0,2825,13.8,0,26.6559,81.32496
PHC-0763,India - Uttar Pradesh,Paracetamol,1331,70.8,287,41.7,95.6,1,0.76,0,388,24.9,0,26.6559,81.32496
PHC-0763,India - Uttar Pradesh,Azithromycin,516,118.2,454,34.1,78.7,7,0.88,0,878,5.0,1,26.6559,81.32496
PHC-0763,India - Uttar Pradesh,ORS,50,10.0,73,37.7,90.8,3,1.01,0,58,4.9,1,26.6559,81.32496
PHC-0764,Russia - Novosibirsk,ORS,203,41.5,62,66.8,76.8,11,1.16,0,274,4.2,1,55.21103,82.88449
PHC-0764,Russia - Novosibirsk,Paracetamol,3887,305.8,417,45.8,60.8,2,1.12,0,2786,11.4,0,55.21103,82.88449
PHC-0764,Russia - Novosibirsk,Azithromycin,784,293.7,408,42.7,85.2,3,0.85,0,2028,3.1,1,55.21103,82.88449
PHC-0764,Russia - Novosibirsk,Insulin,2533,212.8,381,83.1,91.7,8,1.14,0,1914,10.5,0,55.21103,82.88449
PHC-0764,Russia - Novosibirsk,Amoxicillin,817,59.4,459,38.8,65.0,12,1.36,0,686,10.1,0,55.21103,82.88449
PHC-0765,India - Maharashtra,ORS,5118,422.1,652,91.8,93.1,6,0.83,1,5299,9.5,0,18.67368,72.89133
PHC-0765,India - Maharashtra,Insulin,969,148.8,347,56.3,99.4,3,1.24,0,1412,5.3,1,18.67368,72.89133
PHC-0765,India - Maharashtra,Azithromycin,533,89.1,257,86.4,55.5,14,1.26,0,793,4.7,1,18.67368,72.89133
PHC-0765,India - Maharashtra,Amoxicillin,2220,238.0,692,46.6,59.9,4,0.7,0,1687,13.3,0,18.67368,72.89133
PHC-0765,India - Maharashtra,Paracetamol,363,93.3,420,48.9,70.9,7,1.02,0,781,3.8,1,18.67368,72.89133
PHC-0766,South Africa - Johannesburg,ORS,821,77.0,448,67.6,92.9,5,0.96,1,959,7.2,0,-26.14844,27.87556
PHC-0766,South Africa - Johannesburg,Insulin,641,238.0,416,90.9,64.6,8,0.93,0,1803,2.9,1,-26.14844,27.87556
PHC-0766,South Africa - Johannesburg,Azithromycin,633,89.5,265,95.3,91.4,14,1.16,0,741,6.1,1,-26.14844,27.87556
PHC-0766,South Africa - Johannesburg,Paracetamol,487,135.9,189,81.5,82.1,6,1.38,0,1231,2.6,1,-26.14844,27.87556
PHC-0766,South Africa - Johannesburg,Amoxicillin,9999,405.3,663,91.7,68.3,4,0.94,0,3778,26.2,0,-26.14844,27.87556
PHC-0767,India - West Bengal,Azithromycin,1771,73.0,234,76.0,57.5,3,1.13,0,566,21.5,0,22.29685,88.53844
PHC-0767,India - West Bengal,Amoxicillin,557,159.1,235,96.6,57.6,11,1.21,1,2061,1.9,1,22.29685,88.53844
PHC-0767,India - West Bengal,Insulin,789,116.3,541,32.8,60.9,11,0.74,0,781,9.1,0,22.29685,88.53844
PHC-0767,India - West Bengal,ORS,1338,113.6,675,78.3,55.7,8,1.15,0,1300,10.3,0,22.29685,88.53844
PHC-0767,India - West Bengal,Paracetamol,3552,188.8,450,66.0,77.9,8,1.26,0,2001,14.9,0,22.29685,88.53844
PHC-0768,China - Shenzhen,Amoxicillin,342,81.7,488,66.2,91.9,10,0.92,1,1011,2.9,1,22.73315,113.02899
PHC-0768,China - Shenzhen,Paracetamol,1207,57.0,93,47.3,69.9,11,0.78,0,263,27.1,0,22.73315,113.02899
PHC-0768,China - Shenzhen,ORS,1845,90.2,152,44.5,77.0,1,1.17,0,667,17.5,0,22.73315,113.02899
PHC-0768,China - Shenzhen,Insulin,857,111.6,453,88.1,59.4,14,1.25,0,1175,6.1,1,22.73315,113.02899
PHC-0768,China - Shenzhen,Azithromycin,2656,135.1,274,37.8,92.1,7,1.3,0,1255,15.2,0,22.73315,113.02899
PHC-0769,India - Punjab,ORS,4270,256.3,349,46.5,66.2,12,1.26,1,3843,8.5,0,29.83333,75.63438
PHC-0769,India - Punjab,Paracetamol,980,119.9,164,58.1,95.9,3,1.37,0,1054,5.9,1,29.83333,75.63438
PHC-0769,India - Punjab,Azithromycin,6164,281.1,432,89.0,72.4,14,0.72,0,1678,30.4,0,29.83333,75.63438
PHC-0769,India - Punjab,Insulin,359,109.6,402,48.8,81.5,2,0.8,0,706,4.1,1,29.83333,75.63438
PHC-0769,India - Punjab,Amoxicillin,1598,91.0,506,90.7,87.2,4,1.18,1,1463,9.6,0,29.83333,75.63438
PHC-0770,India - Sikkim,Amoxicillin,1643,290.7,451,96.7,78.2,9,1.34,0,3285,4.2,1,27.68887,88.49895
PHC-0770,India - Sikkim,Paracetamol,1615,227.9,668,48.0,95.1,3,0.96,0,2181,7.4,0,27.68887,88.49895
PHC-0770,India - Sikkim,Azithromycin,1570,237.1,466,33.5,94.2,6,0.87,1,2714,4.9,1,27.68887,88.49895
PHC-0770,India - Sikkim,ORS,2311,133.6,252,40.6,84.9,1,0.97,0,910,17.8,0,27.68887,88.49895
PHC-0770,India - Sikkim,Insulin,383,64.8,90,76.5,62.0,13,0.72,0,276,8.2,0,27.68887,88.49895
PHC-0771,India - Tripura,Insulin,448,66.1,298,70.5,70.0,11,0.7,0,340,9.7,0,23.44719,91.63942
PHC-0771,India - Tripura,Paracetamol,4519,265.4,590,81.9,98.6,6,1.29,0,3205,13.2,0,23.44719,91.63942
PHC-0771,India - Tripura,ORS,2891,119.1,465,66.4,66.2,8,1.21,0,1222,20.1,0,23.44719,91.63942
PHC-0771,India - Tripura,Amoxicillin,539,55.5,332,94.0,75.8,14,0.92,0,386,10.6,0,23.44719,91.63942
PHC-0771,India - Tripura,Azithromycin,273,34.3,192,51.0,66.1,10,0.97,0,219,8.2,0,23.44719,91.63942
PHC-0772,Brazil - Brasilia,Insulin,3848,161.0,689,41.8,93.6,6,1.13,0,1834,21.1,0,-16.46253,-47.48485
PHC-0772,Brazil - Brasilia,Azithromycin,3225,207.4,331,48.2,84.7,13,0.7,0,1104,22.1,0,-16.46253,-47.48485
PHC-0772,Brazil - Brasilia,Amoxicillin,2268,283.7,584,90.7,55.7,13,1.32,0,3491,6.1,1,-16.46253,-47.48485
PHC-0772,Brazil - Brasilia,Paracetamol,1982,83.0,520,34.6,98.8,3,0.99,0,734,24.0,0,-16.46253,-47.48485
PHC-0772,Brazil - Brasilia,ORS,902,82.2,190,73.5,70.8,10,0.72,0,392,15.2,0,-16.46253,-47.48485
PHC-0773,Brazil - Brasilia,ORS,5195,422.5,596,92.6,91.3,4,1.2,0,4793,10.2,0,-16.20734,-48.08409
PHC-0773,Brazil - Brasilia,Azithromycin,2705,156.4,491,52.5,59.5,1,1.06,0,1444,16.3,0,-16.20734,-48.08409
PHC-0773,Brazil - Brasilia,Insulin,1234,263.9,605,37.7,64.5,5,1.11,1,4323,2.7,1,-16.20734,-48.08409
PHC-0773,Brazil - Brasilia,Amoxicillin,842,132.5,231,73.2,61.2,4,1.29,0,1175,4.9,1,-16.20734,-48.08409
PHC-0773,Brazil - Brasilia,Paracetamol,741,34.9,270,40.3,79.0,10,1.24,0,310,17.1,0,-16.20734,-48.08409
PHC-0774,India - Jharkhand,Paracetamol,2882,186.1,427,77.0,80.0,6,1.2,0,1836,12.9,0,23.00397,85.63318
PHC-0774,India - Jharkhand,Amoxicillin,2027,290.0,417,39.8,88.5,6,0.84,0,1981,8.4,0,23.00397,85.63318
PHC-0774,India - Jharkhand,Azithromycin,5997,263.8,620,89.7,77.6,10,1.37,0,3472,16.6,0,23.00397,85.63318
PHC-0774,India - Jharkhand,Insulin,4912,323.7,597,47.1,71.7,4,0.86,0,2635,17.6,0,23.00397,85.63318
PHC-0774,India - Jharkhand,ORS,6105,287.9,410,64.8,76.5,6,0.72,0,1688,29.4,0,23.00397,85.63318
PHC-0775,South Africa - Cape Town,ORS,1569,68.9,401,45.2,96.5,12,1.14,0,634,19.9,0,-34.52171,18.27874
PHC-0775,South Africa - Cape Town,Amoxicillin,5222,243.9,514,86.9,73.7,7,1.29,0,2793,16.5,0,-34.52171,18.27874
PHC-0775,South Africa - Cape Town,Insulin,3329,158.2,579,72.2,74.4,6,1.16,0,1713,18.1,0,-34.52171,18.27874
PHC-0775,South Africa - Cape Town,Azithromycin,1133,105.4,287,35.2,70.0,3,1.23,0,944,8.7,0,-34.52171,18.27874
PHC-0775,South Africa - Cape Town,Paracetamol,557,78.0,108,57.9,60.9,12,1.18,0,555,6.0,1,-34.52171,18.27874
PHC-0776,India - Bihar,Azithromycin,2895,175.4,248,32.6,89.9,13,1.32,0,1622,12.5,0,25.29789,85.58273
PHC-0776,India - Bihar,Paracetamol,821,60.6,176,84.3,94.4,10,0.78,0,307,17.4,0,25.29789,85.58273
PHC-0776,India - Bihar,Amoxicillin,2000,101.1,276,30.6,89.4,6,1.08,0,781,18.4,0,25.29789,85.58273
PHC-0776,India - Bihar,Insulin,3666,304.1,492,53.5,83.6,8,1.01,0,2674,11.9,0,25.29789,85.58273
PHC-0776,India - Bihar,ORS,2540,389.1,676,80.3,66.4,13,1.0,0,3892,6.5,1,25.29789,85.58273
PHC-0777,India - Haryana,Insulin,1402,183.3,661,70.2,67.7,2,1.07,0,1944,7.1,0,29.62148,76.06835
PHC-0777,India - Haryana,Azithromycin,6407,369.2,629,76.3,74.5,4,0.92,0,3285,18.8,0,29.62148,76.06835
PHC-0777,India - Haryana,Paracetamol,4009,231.7,589,60.1,97.0,14,0.89,0,1923,19.5,0,29.62148,76.06835
PHC-0777,India - Haryana,Amoxicillin,6362,342.2,591,80.3,88.0,7,1.03,0,3305,18.1,0,29.62148,76.06835
PHC-0777,India - Haryana,ORS,489,107.8,332,38.8,77.3,13,1.0,0,815,4.5,1,29.62148,76.06835
PHC-0778,India - West Bengal,Amoxicillin,889,354.9,531,92.0,93.7,11,1.02,0,3236,2.5,1,22.16332,88.12295
PHC-0778,India - West Bengal,Insulin,2681,131.6,246,62.9,56.3,4,0.99,0,910,20.5,0,22.16332,88.12295
PHC-0778,India - West Bengal,ORS,1304,52.9,124,38.0,62.1,10,0.88,0,285,28.0,0,22.16332,88.12295
PHC-0778,India - West Bengal,Azithromycin,7568,340.4,561,60.1,69.3,11,1.12,0,3500,19.8,0,22.16332,88.12295
PHC-0778,India - West Bengal,Paracetamol,1214,109.2,524,62.1,58.9,8,1.4,0,1359,8.0,0,22.16332,88.12295
PHC-0779,India - Uttarakhand,Azithromycin,713,70.7,266,84.0,61.6,3,0.87,0,437,11.6,0,29.87388,78.06319
PHC-0779,India - Uttarakhand,Paracetamol,197,58.2,151,68.0,65.3,9,1.13,0,414,3.0,1,29.87388,78.06319
PHC-0779,India - Uttarakhand,ORS,2265,149.6,304,86.9,99.7,14,1.25,0,1375,12.2,0,29.87388,78.06319
PHC-0779,India - Uttarakhand,Insulin,2929,149.6,639,76.2,80.3,13,1.31,0,1901,15.0,0,29.87388,78.06319
PHC-0779,India - Uttarakhand,Amoxicillin,827,45.7,66,47.4,63.3,11,1.06,0,277,17.1,0,29.87388,78.06319
PHC-0780,India - Sikkim,ORS,2059,313.3,422,61.4,83.8,11,1.23,1,4917,3.4,1,26.90023,87.84687
PHC-0780,India - Sikkim,Amoxicillin,268,22.8,85,78.8,61.0,13,1.37,0,183,8.5,0,26.90023,87.84687
PHC-0780,India - Sikkim,Insulin,1960,321.6,465,58.7,84.3,12,1.28,0,3490,4.8,1,26.90023,87.84687
PHC-0780,India - Sikkim,Paracetamol,2728,311.3,591,57.6,99.7,2,0.81,0,2367,10.8,0,26.90023,87.84687
PHC-0780,India - Sikkim,Azithromycin,2364,412.6,621,35.4,73.8,6,1.14,0,4524,5.0,1,26.90023,87.84687
PHC-0781,India - Chhattisgarh,Azithromycin,638,52.0,204,81.7,57.4,8,0.7,0,243,17.5,0,20.619,81.36674
PHC-0781,India - Chhattisgarh,ORS,1547,136.9,482,83.0,56.4,1,0.95,1,1731,7.7,0,20.619,81.36674
PHC-0781,India - Chhattisgarh,Paracetamol,4011,305.7,477,36.6,63.4,9,1.23,0,3231,10.7,0,20.619,81.36674
PHC-0781,India - Chhattisgarh,Amoxicillin,420,34.0,79,31.2,59.3,7,1.39,0,275,8.9,0,20.619,81.36674
PHC-0781,India - Chhattisgarh,Insulin,2065,175.4,316,96.8,56.5,5,1.31,0,1718,9.0,0,20.619,81.36674
PHC-0782,India - Uttar Pradesh,Amoxicillin,677,162.3,435,87.0,96.2,5,1.17,0,1579,3.6,1,26.53181,80.64507
PHC-0782,India - Uttar Pradesh,ORS,185,58.0,124,56.8,84.6,9,1.29,0,459,2.5,1,26.53181,80.64507
PHC-0782,India - Uttar Pradesh,Paracetamol,3920,167.7,281,97.3,56.9,12,1.01,0,1218,23.2,0,26.53181,80.64507
PHC-0782,India - Uttar Pradesh,Insulin,777,48.7,283,91.1,65.2,12,0.94,0,332,16.9,0,26.53181,80.64507
PHC-0782,India - Uttar Pradesh,Azithromycin,844,248.3,524,83.0,60.5,6,1.27,0,2811,2.7,1,26.53181,80.64507
PHC-0783,India - Tamil Nadu,Paracetamol,184,87.9,285,79.3,60.9,8,1.36,0,865,1.5,1,13.09974,80.35588
PHC-0783,India - Tamil Nadu,Azithromycin,416,82.3,115,86.7,69.8,1,1.1,0,547,4.6,1,13.09974,80.35588
PHC-0783,India - Tamil Nadu,Insulin,1569,289.6,528,78.7,62.2,1,0.72,0,1853,7.6,0,13.09974,80.35588
PHC-0783,India - Tamil Nadu,Amoxicillin,3747,154.1,208,80.7,92.1,9,1.31,0,1356,18.5,0,13.09974,80.35588
PHC-0783,India - Tamil Nadu,ORS,962,182.9,341,86.6,73.5,4,0.89,0,1239,5.9,1,13.09974,80.35588
PHC-0784,India - Odisha,ORS,256,21.2,148,90.2,55.5,10,0.9,0,121,13.3,0,19.67826,85.59111
PHC-0784,India - Odisha,Amoxicillin,1324,378.5,671,44.8,92.1,10,0.83,0,3141,4.2,1,19.67826,85.59111
PHC-0784,India - Odisha,Paracetamol,751,286.3,481,50.5,79.0,3,0.7,1,2693,2.4,1,19.67826,85.59111
PHC-0784,India - Odisha,Insulin,1054,87.1,165,40.6,79.9,13,0.87,0,484,13.9,0,19.67826,85.59111
PHC-0784,India - Odisha,Azithromycin,534,56.6,99,64.1,62.3,3,0.88,0,296,10.7,0,19.67826,85.59111
PHC-0785,Brazil - Brasilia,Amoxicillin,4956,223.3,692,44.3,93.5,8,1.16,0,2625,19.1,0,-16.14859,-47.56218
PHC-0785,Brazil - Brasilia,ORS,3132,223.7,520,57.0,81.3,6,1.2,0,2390,11.7,0,-16.14859,-47.56218
PHC-0785,Brazil - Brasilia,Insulin,1326,98.6,149,58.3,66.1,9,0.79,0,491,17.0,0,-16.14859,-47.56218
PHC-0785,Brazil - Brasilia,Azithromycin,282,40.3,67,77.7,58.6,6,0.81,0,187,8.6,0,-16.14859,-47.56218
PHC-0785,Brazil - Brasilia,Paracetamol,427,93.4,399,68.5,73.5,7,0.99,0,744,4.6,1,-16.14859,-47.56218
PHC-0786,India - Jharkhand,Azithromycin,4397,207.9,301,30.5,65.3,8,1.32,0,2021,16.0,0,22.93906,85.22977
PHC-0786,India - Jharkhand,Insulin,4798,331.0,607,30.3,64.3,7,0.77,0,2422,18.8,0,22.93906,85.22977
PHC-0786,India - Jharkhand,Amoxicillin,1274,112.2,219,34.5,58.7,3,1.37,0,1039,8.3,0,22.93906,85.22977
PHC-0786,India - Jharkhand,Paracetamol,1713,271.7,564,43.4,58.3,4,1.39,0,3466,4.5,1,22.93906,85.22977
PHC-0786,India - Jharkhand,ORS,3644,232.5,342,47.9,76.3,8,1.03,0,1838,15.2,0,22.93906,85.22977
PHC-0787,India - Bihar,Amoxicillin,3491,260.5,351,33.4,82.4,1,1.25,0,2503,10.8,0,25.65751,84.90583
PHC-0787,India - Bihar,Insulin,1532,207.7,370,70.6,83.4,7,1.26,1,3189,3.8,1,25.65751,84.90583
PHC-0787,India - Bihar,Azithromycin,1671,80.4,403,75.9,71.7,14,1.35,0,874,15.4,0,25.65751,84.90583
PHC-0787,India - Bihar,ORS,280,46.1,295,92.4,99.2,11,0.89,0,301,6.8,1,25.65751,84.90583
PHC-0787,India - Bihar,Paracetamol,1721,109.7,653,95.9,68.4,9,1.22,0,1314,12.9,0,25.65751,84.90583
PHC-0788,India - Rajasthan,ORS,1734,369.7,526,95.1,79.8,8,0.97,0,3217,4.8,1,26.81519,75.70735
PHC-0788,India - Rajasthan,Azithromycin,1865,79.2,200,81.4,57.7,5,0.93,0,489,25.3,0,26.81519,75.70735
PHC-0788,India - Rajasthan,Insulin,1575,226.0,371,33.4,61.0,12,1.05,0,1866,6.6,1,26.81519,75.70735
PHC-0788,India - Rajasthan,Amoxicillin,2824,251.2,394,97.7,89.0,4,0.89,0,1781,12.7,0,26.81519,75.70735
PHC-0788,India - Rajasthan,Paracetamol,4540,354.6,628,91.6,89.6,8,1.06,0,3640,12.0,0,26.81519,75.70735
PHC-0789,India - Bihar,ORS,2316,116.2,468,71.4,63.9,6,1.07,0,1063,18.6,0,25.76978,85.21344
PHC-0789,India - Bihar,Azithromycin,3539,198.1,638,76.7,55.8,7,0.86,0,1663,20.7,0,25.76978,85.21344
PHC-0789,India - Bihar,Amoxicillin,1673,291.3,401,80.9,99.9,4,0.94,0,2212,6.1,1,25.76978,85.21344
PHC-0789,India - Bihar,Paracetamol,1252,50.7,99,96.2,73.5,2,1.27,0,384,19.4,0,25.76978,85.21344
PHC-0789,India - Bihar,Insulin,2109,367.7,576,96.6,93.9,5,1.06,0,3609,5.4,1,25.76978,85.21344
PHC-0790,Brazil - Sao Paulo,Insulin,507,65.1,341,96.9,91.4,6,1.29,0,640,6.0,1,-23.58101,-46.78066
PHC-0790,Brazil - Sao Paulo,Amoxicillin,963,54.8,125,88.7,65.9,10,1.37,1,710,8.3,0,-23.58101,-46.78066
PHC-0790,Brazil - Sao Paulo,ORS,2591,116.2,158,32.7,56.9,6,1.2,0,883,18.7,0,-23.58101,-46.78066
PHC-0790,Brazil - Sao Paulo,Paracetamol,782,54.3,125,60.3,58.1,4,0.85,0,284,16.9,0,-23.58101,-46.78066
PHC-0790,Brazil - Sao Paulo,Azithromycin,2938,177.1,346,95.0,99.4,2,1.36,0,1850,12.2,0,-23.58101,-46.78066
PHC-0791,Brazil - Sao Paulo,Insulin,265,24.3,75,69.5,97.0,1,0.97,0,137,11.2,0,-23.63254,-46.73734
PHC-0791,Brazil - Sao Paulo,Amoxicillin,4232,186.2,539,59.3,69.5,8,1.21,0,2028,18.8,0,-23.63254,-46.73734
PHC-0791,Brazil - Sao Paulo,ORS,1459,137.3,636,33.2,89.0,8,0.87,0,1161,12.2,0,-23.63254,-46.73734
PHC-0791,Brazil - Sao Paulo,Paracetamol,2678,289.1,596,95.4,83.6,9,1.35,0,3673,6.9,1,-23.63254,-46.73734
PHC-0791,Brazil - Sao Paulo,Azithromycin,1467,127.5,335,33.2,64.9,8,1.31,0,1267,8.8,0,-23.63254,-46.73734
PHC-0792,India - Tamil Nadu,Amoxicillin,865,405.3,675,78.7,94.9,4,0.73,0,2957,2.9,1,13.11664,80.86381
PHC-0792,India - Tamil Nadu,Azithromycin,2025,237.0,518,68.3,69.0,13,1.35,0,2847,6.3,1,13.11664,80.86381
PHC-0792,India - Tamil Nadu,Insulin,2477,286.9,569,64.0,94.6,12,0.97,0,2565,8.9,0,13.11664,80.86381
PHC-0792,India - Tamil Nadu,ORS,2755,126.6,383,42.1,90.6,14,1.13,0,1135,19.3,0,13.11664,80.86381
PHC-0792,India - Tamil Nadu,Paracetamol,3601,210.3,683,54.5,67.2,1,1.11,1,3621,10.0,0,13.11664,80.86381
PHC-0793,India - Goa,Azithromycin,1249,71.5,144,83.8,64.0,14,1.09,0,489,16.0,0,15.75945,73.16739
PHC-0793,India - Goa,Paracetamol,5226,264.9,651,32.8,73.6,2,0.8,0,2084,24.6,0,15.75945,73.16739
PHC-0793,India - Goa,Amoxicillin,1088,92.4,667,31.7,96.7,8,1.32,0,1208,8.9,0,15.75945,73.16739
PHC-0793,India - Goa,Insulin,218,82.3,296,80.0,80.8,1,1.08,0,651,2.5,1,15.75945,73.16739
PHC-0793,India - Goa,ORS,3010,187.7,497,60.0,83.1,12,0.81,0,1320,19.9,0,15.75945,73.16739
PHC-0794,India - Kerala,ORS,1336,149.3,202,94.5,63.7,6,0.92,0,920,9.7,0,8.59605,77.49128
PHC-0794,India - Kerala,Amoxicillin,1083,66.1,302,43.6,58.8,4,0.89,0,432,18.5,0,8.59605,77.49128
PHC-0794,India - Kerala,Azithromycin,125,36.0,165,79.6,86.7,7,1.02,0,236,3.4,1,8.59605,77.49128
PHC-0794,India - Kerala,Paracetamol,4648,247.8,582,82.5,70.3,4,1.18,0,2715,16.0,0,8.59605,77.49128
PHC-0794,India - Kerala,Insulin,3101,161.0,290,41.2,69.5,11,0.89,0,1038,21.7,0,8.59605,77.49128
PHC-0795,India - Karnataka,Insulin,862,119.7,410,44.6,90.1,9,0.77,0,746,9.4,0,13.02972,77.39384
PHC-0795,India - Karnataka,Paracetamol,4998,214.9,436,89.7,59.7,4,1.08,0,1924,21.6,0,13.02972,77.39384
PHC-0795,India - Karnataka,Azithromycin,316,45.6,128,62.9,74.6,12,1.36,0,381,5.1,1,13.02972,77.39384
PHC-0795,India - Karnataka,Amoxicillin,993,186.0,695,80.4,78.5,14,1.33,0,2497,4.0,1,13.02972,77.39384
PHC-0795,India - Karnataka,ORS,1454,61.0,244,75.2,82.1,8,1.25,0,532,19.0,0,13.02972,77.39384
PHC-0796,India - Andhra Pradesh,ORS,7360,396.2,655,30.3,86.9,7,1.06,0,4116,17.6,0,16.52087,80.55178
PHC-0796,India - Andhra Pradesh,Amoxicillin,377,150.6,662,43.4,88.4,12,1.31,0,1950,1.9,1,16.52087,80.55178
PHC-0796,India - Andhra Pradesh,Paracetamol,3150,230.8,471,96.0,58.6,12,0.99,0,1962,13.7,0,16.52087,80.55178
PHC-0796,India - Andhra Pradesh,Insulin,622,77.2,154,61.5,61.1,2,0.97,0,476,8.3,0,16.52087,80.55178
PHC-0796,India - Andhra Pradesh,Azithromycin,2692,132.0,294,63.0,56.9,13,1.19,0,1145,17.2,0,16.52087,80.55178
PHC-0797,India - West Bengal,ORS,2282,178.1,331,82.2,97.3,3,1.07,0,1446,11.9,0,22.46854,88.42943
PHC-0797,India - West Bengal,Paracetamol,5651,253.5,561,68.5,97.2,12,0.71,0,1657,31.3,0,22.46854,88.42943
PHC-0797,India - West Bengal,Azithromycin,8149,344.2,636,74.5,88.5,5,0.81,0,2707,29.2,0,22.46854,88.42943
PHC-0797,India - West Bengal,Insulin,620,136.2,348,79.5,86.5,9,0.76,0,800,6.0,1,22.46854,88.42943
PHC-0797,India - West Bengal,Amoxicillin,3545,157.2,303,59.5,58.8,6,1.29,0,1493,17.5,0,22.46854,88.42943
PHC-0798,India - Uttarakhand,Amoxicillin,641,104.3,294,49.3,73.0,1,1.08,0,823,5.7,1,30.05147,77.7478
PHC-0798,India - Uttarakhand,Paracetamol,5887,273.0,686,59.4,78.4,2,1.25,0,3416,17.3,0,30.05147,77.7478
PHC-0798,India - Uttarakhand,Azithromycin,440,155.3,213,33.7,74.2,8,0.81,0,849,3.5,1,30.05147,77.7478
PHC-0798,India - Uttarakhand,Insulin,650,55.6,100,86.7,66.3,3,1.14,0,376,10.3,0,30.05147,77.7478
PHC-0798,India - Uttarakhand,ORS,1297,242.7,438,77.2,86.1,1,1.17,0,2356,4.6,1,30.05147,77.7478
PHC-0799,Brazil - Brasilia,Paracetamol,1045,127.7,182,87.0,81.7,7,1.3,0,1085,6.3,1,-15.65325,-47.68914
PHC-0799,Brazil - Brasilia,Amoxicillin,356,147.4,617,76.8,88.7,8,1.22,0,1714,2.0,1,-15.65325,-47.68914
PHC-0799,Brazil - Brasilia,Azithromycin,2199,220.0,529,82.4,85.0,12,0.84,0,1654,11.9,0,-15.65325,-47.68914
PHC-0799,Brazil - Brasilia,Insulin,3074,400.0,655,72.3,88.1,3,1.39,0,5485,5.5,1,-15.65325,-47.68914
PHC-0799,Brazil - Brasilia,ORS,316,143.8,267,56.6,72.7,13,0.78,0,802,2.8,1,-15.65325,-47.68914
PHC-0800,India - Haryana,Amoxicillin,5013,213.3,323,90.8,94.7,9,0.94,0,1512,24.9,0,29.14108,76.41781
PHC-0800,India - Haryana,ORS,574,138.8,198,67.7,66.1,6,1.3,0,1193,3.2,1,29.14108,76.41781
PHC-0800,India - Haryana,Insulin,1297,217.7,309,81.3,70.7,13,0.98,0,1586,6.1,1,29.14108,76.41781
PHC-0800,India - Haryana,Paracetamol,3084,162.0,482,82.9,72.8,9,0.7,0,983,27.1,0,29.14108,76.41781
PHC-0800,India - Haryana,Azithromycin,5206,470.8,653,80.6,97.1,4,0.94,0,4342,11.8,0,29.14108,76.41781
PHC-0801,India - Gujarat,Azithromycin,3151,163.2,270,81.4,82.6,13,0.87,1,1577,14.3,0,23.1572,72.67634
PHC-0801,India - Gujarat,Paracetamol,750,73.1,114,75.8,91.2,2,1.26,0,557,8.2,0,23.1572,72.67634
PHC-0801,India - Gujarat,Insulin,641,140.1,549,64.9,99.4,9,1.39,0,1767,3.3,1,23.1572,72.67634
PHC-0801,India - Gujarat,ORS,1156,161.4,582,78.0,90.4,11,1.22,0,1835,5.9,1,23.1572,72.67634
PHC-0801,India - Gujarat,Amoxicillin,647,32.2,218,51.2,74.3,5,1.11,0,241,18.2,0,23.1572,72.67634
PHC-0802,Russia - Moscow,Amoxicillin,1075,131.6,677,76.5,81.9,14,1.38,0,1821,5.9,1,55.71796,37.42421
PHC-0802,Russia - Moscow,Insulin,1010,139.9,327,64.2,73.5,13,0.83,0,871,8.7,0,55.71796,37.42421
PHC-0802,Russia - Moscow,Azithromycin,681,174.1,372,36.0,69.9,5,1.2,1,2532,2.1,1,55.71796,37.42421
PHC-0802,Russia - Moscow,Paracetamol,8166,459.3,627,91.3,79.1,1,1.02,0,4534,17.4,0,55.71796,37.42421
PHC-0802,Russia - Moscow,ORS,8033,356.4,520,66.1,80.8,8,1.02,0,3230,22.1,0,55.71796,37.42421
PHC-0803,South Africa - Durban,Amoxicillin,1052,153.5,558,34.7,75.6,5,0.73,0,1025,9.4,0,-30.00818,30.78694
PHC-0803,South Africa - Durban,Azithromycin,2600,104.4,454,66.8,58.0,1,1.09,0,964,22.7,0,-30.00818,30.78694
PHC-0803,South Africa - Durban,Insulin,2083,121.7,367,39.7,64.9,8,1.4,0,1329,12.3,0,-30.00818,30.78694
PHC-0803,South Africa - Durban,ORS,2385,127.8,498,37.9,70.9,3,0.93,0,1039,20.1,0,-30.00818,30.78694
PHC-0803,South Africa - Durban,Paracetamol,663,53.0,280,32.2,98.7,7,1.12,0,430,11.1,0,-30.00818,30.78694
PHC-0804,South Africa - Durban,Paracetamol,1105,132.3,289,36.6,70.6,3,1.23,0,1179,6.8,1,-29.6981,31.10815
PHC-0804,South Africa - Durban,Azithromycin,1222,77.8,397,65.5,85.4,1,1.1,0,687,14.3,0,-29.6981,31.10815
PHC-0804,South Africa - Durban,ORS,9000,412.2,568,56.0,84.4,7,0.71,0,2717,30.6,0,-29.6981,31.10815
PHC-0804,South Africa - Durban,Amoxicillin,9679,415.7,698,76.4,86.8,5,0.72,1,4718,20.8,0,-29.6981,31.10815
PHC-0804,South Africa - Durban,Insulin,339,64.5,90,32.3,80.4,2,0.78,0,296,6.7,1,-29.6981,31.10815
PHC-0805,Russia - Saint Petersburg,ORS,1736,143.2,647,73.3,94.9,9,0.99,0,1391,12.2,0,60.32294,30.27703
PHC-0805,Russia - Saint Petersburg,Insulin,7109,352.8,624,66.1,57.7,8,1.31,0,4455,15.3,0,60.32294,30.27703
PHC-0805,Russia - Saint Petersburg,Amoxicillin,564,93.9,213,63.1,79.2,9,0.97,0,613,6.2,1,60.32294,30.27703
PHC-0805,Russia - Saint Petersburg,Paracetamol,3796,209.5,514,33.2,77.7,11,0.75,0,1394,24.1,0,60.32294,30.27703
PHC-0805,Russia - Saint Petersburg,Azithromycin,6663,273.4,676,52.2,74.0,9,1.22,0,3319,20.0,0,60.32294,30.27703
PHC-0806,India - Karnataka,Azithromycin,1049,338.0,506,64.6,95.8,3,1.24,0,3695,2.5,1,12.58117,78.00607
PHC-0806,India - Karnataka,Insulin,4829,212.5,589,69.0,79.7,11,0.71,0,1406,32.2,0,12.58117,78.00607
PHC-0806,India - Karnataka,ORS,1086,77.8,135,88.0,56.5,6,0.93,0,446,15.1,0,12.58117,78.00607
PHC-0806,India - Karnataka,Amoxicillin,2673,239.2,548,34.9,86.3,10,1.33,0,2896,8.4,0,12.58117,78.00607
PHC-0806,India - Karnataka,Paracetamol,3705,187.5,361,82.8,55.3,10,0.95,0,1386,20.8,0,12.58117,78.00607
PHC-0807,India - Jharkhand,ORS,2540,177.3,679,68.9,70.8,4,1.12,0,1992,12.8,0,22.91741,85.95201
PHC-0807,India - Jharkhand,Insulin,2343,129.5,429,93.1,94.8,3,0.79,0,845,22.9,0,22.91741,85.95201
PHC-0807,India - Jharkhand,Amoxicillin,1865,111.0,412,59.1,84.8,12,0.72,0,653,23.2,0,22.91741,85.95201
PHC-0807,India - Jharkhand,Paracetamol,190,41.1,107,59.7,79.4,5,0.72,0,177,6.4,1,22.91741,85.95201
PHC-0807,India - Jharkhand,Azithromycin,2100,420.4,574,72.7,73.1,3,0.9,0,3511,5.5,1,22.91741,85.95201
PHC-0808,India - Goa,Paracetamol,2429,104.7,266,57.4,69.8,4,0.75,0,558,30.9,0,15.72058,73.82643
PHC-0808,India - Goa,Amoxicillin,4289,176.8,505,67.8,64.4,1,0.91,0,1412,26.7,0,15.72058,73.82643
PHC-0808,India - Goa,Insulin,2206,144.2,210,63.5,87.2,1,0.84,0,814,18.2,0,15.72058,73.82643
PHC-0808,India - Goa,Azithromycin,210,91.9,416,93.2,90.5,9,0.78,1,906,1.9,1,15.72058,73.82643
PHC-0808,India - Goa,ORS,3753,325.5,520,65.2,85.1,1,0.77,1,3449,9.7,0,15.72058,73.82643
PHC-0809,Brazil - Brasilia,Paracetamol,3264,209.4,565,72.5,92.3,1,1.07,0,2062,14.6,0,-15.73425,-47.88983
PHC-0809,Brazil - Brasilia,Amoxicillin,3982,173.9,328,54.2,71.0,5,0.94,0,1234,24.3,0,-15.73425,-47.88983
PHC-0809,Brazil - Brasilia,Insulin,1032,48.7,261,39.4,62.8,8,0.75,0,258,28.3,0,-15.73425,-47.88983
PHC-0809,Brazil - Brasilia,Azithromycin,2976,248.2,358,46.0,87.7,11,1.18,0,2275,10.1,0,-15.73425,-47.88983
PHC-0809,Brazil - Brasilia,ORS,952,278.1,584,47.0,96.7,7,0.73,0,1894,4.7,1,-15.73425,-47.88983
PHC-0810,South Africa - Cape Town,Amoxicillin,357,170.7,263,37.4,70.4,7,0.8,0,972,2.6,1,-34.15111,18.62365
PHC-0810,South Africa - Cape Town,ORS,247,14.8,65,92.3,65.3,9,0.85,0,72,19.7,0,-34.15111,18.62365
PHC-0810,South Africa - Cape Town,Azithromycin,2136,161.3,436,42.4,69.5,1,0.8,0,1069,16.6,0,-34.15111,18.62365
PHC-0810,South Africa - Cape Town,Insulin,2511,171.3,294,55.7,83.2,6,0.71,0,883,20.8,0,-34.15111,18.62365
PHC-0810,South Africa - Cape Town,Paracetamol,3462,246.6,556,68.0,86.6,6,0.78,0,1753,18.1,0,-34.15111,18.62365
PHC-0811,India - Jammu & Kashmir,Insulin,3199,228.4,355,80.6,95.0,9,0.79,0,1402,17.6,0,33.78514,76.3035
PHC-0811,India - Jammu & Kashmir,Amoxicillin,4975,206.0,698,44.0,96.2,5,1.28,0,2666,18.9,0,33.78514,76.3035
PHC-0811,India - Jammu & Kashmir,Paracetamol,2079,184.6,378,57.3,93.3,9,0.97,0,1416,11.6,0,33.78514,76.3035
PHC-0811,India - Jammu & Kashmir,Azithromycin,3655,174.7,509,48.8,56.1,14,1.12,0,1717,18.8,0,33.78514,76.3035
PHC-0811,India - Jammu & Kashmir,ORS,50,10.0,80,88.5,76.6,12,1.05,0,61,4.7,1,33.78514,76.3035
PHC-0812,South Africa - Johannesburg,Paracetamol,6367,455.1,667,72.6,74.8,14,0.84,0,3811,16.6,0,-26.15452,28.01557
PHC-0812,South Africa - Johannesburg,Azithromycin,2120,102.3,220,60.7,93.7,10,0.85,1,917,15.7,0,-26.15452,28.01557
PHC-0812,South Africa - Johannesburg,Insulin,582,36.7,166,36.3,62.6,3,1.21,0,285,13.1,0,-26.15452,28.01557
PHC-0812,South Africa - Johannesburg,Amoxicillin,1499,138.0,633,56.3,76.6,12,0.99,0,1319,11.0,0,-26.15452,28.01557
PHC-0812,South Africa - Johannesburg,ORS,788,48.7,376,62.2,71.8,5,0.85,1,505,12.3,0,-26.15452,28.01557
PHC-0813,Brazil - Brasilia,Amoxicillin,2539,286.1,628,93.9,67.7,6,1.21,0,3343,7.3,0,-16.30513,-47.6822
PHC-0813,Brazil - Brasilia,Paracetamol,2870,223.7,381,73.7,89.6,8,1.05,0,1860,12.2,0,-16.30513,-47.6822
PHC-0813,Brazil - Brasilia,Azithromycin,2920,354.6,611,73.0,61.7,6,1.35,0,4565,6.1,1,-16.30513,-47.6822
PHC-0813,Brazil - Brasilia,ORS,3517,173.0,274,36.6,68.8,7,1.02,0,1266,19.9,0,-16.30513,-47.6822
PHC-0813,Brazil - Brasilia,Insulin,906,172.0,503,38.1,66.7,5,0.75,0,1130,7.0,0,-16.30513,-47.6822
PHC-0814,China - Beijing,ORS,3588,229.3,310,84.1,62.2,13,1.19,0,2022,13.2,0,38.98934,116.47189
PHC-0814,China - Beijing,Amoxicillin,1286,54.7,294,58.4,89.9,10,1.39,0,557,16.9,0,38.98934,116.47189
PHC-0814,China - Beijing,Azithromycin,2475,146.3,392,66.6,73.5,5,1.16,1,2098,9.4,0,38.98934,116.47189
PHC-0814,China - Beijing,Insulin,1874,106.9,532,70.1,95.8,5,1.22,0,1170,14.4,0,38.98934,116.47189
PHC-0814,China - Beijing,Paracetamol,484,48.4,73,30.9,83.2,9,0.72,1,311,9.0,0,38.98934,116.47189
PHC-0815,India - Goa,Amoxicillin,3027,122.7,662,96.1,72.3,1,1.22,0,1479,20.2,0,15.94789,73.65729
PHC-0815,India - Goa,ORS,2197,97.9,365,41.3,78.4,2,0.87,0,665,25.8,0,15.94789,73.65729
PHC-0815,India - Goa,Azithromycin,263,85.5,334,97.3,60.1,3,0.99,0,643,3.1,1,15.94789,73.65729
PHC-0815,India - Goa,Insulin,442,45.3,73,72.5,79.4,5,1.3,0,340,7.5,0,15.94789,73.65729
PHC-0815,India - Goa,Paracetamol,6929,342.5,578,92.5,98.3,4,1.22,0,3871,16.6,0,15.94789,73.65729
PHC-0816,India - Chhattisgarh,Paracetamol,1093,140.4,697,56.1,69.0,8,1.2,0,1708,6.5,1,21.48082,81.49108
PHC-0816,India - Chhattisgarh,ORS,2532,125.9,259,36.6,70.0,9,1.19,0,1057,16.9,0,21.48082,81.49108
PHC-0816,India - Chhattisgarh,Amoxicillin,2505,103.6,252,52.2,61.8,7,1.37,0,993,17.7,0,21.48082,81.49108
PHC-0816,India - Chhattisgarh,Insulin,3235,414.5,628,86.3,83.3,4,1.04,1,6432,4.9,1,21.48082,81.49108
PHC-0816,India - Chhattisgarh,Azithromycin,1218,66.8,331,83.7,79.4,12,0.89,0,452,20.4,0,21.48082,81.49108
PHC-0817,India - Tamil Nadu,ORS,743,113.3,662,34.4,95.4,2,0.8,0,900,8.2,0,13.33789,80.10811
PHC-0817,India - Tamil Nadu,Insulin,1126,360.1,526,44.7,87.3,8,1.06,0,3420,2.9,1,13.33789,80.10811
PHC-0817,India - Tamil Nadu,Paracetamol,6466,422.3,634,86.7,98.4,1,1.21,0,4961,12.6,0,13.33789,80.10811
PHC-0817,India - Tamil Nadu,Azithromycin,1134,258.9,545,48.4,62.6,10,1.35,0,3162,3.3,1,13.33789,80.10811
PHC-0817,India - Tamil Nadu,Amoxicillin,1988,125.6,209,88.2,65.3,10,0.88,0,738,18.1,0,13.33789,80.10811
PHC-0818,India - Tamil Nadu,ORS,588,48.0,181,74.2,78.1,4,0.75,0,234,16.4,0,13.42879,79.92221
PHC-0818,India - Tamil Nadu,Azithromycin,2276,137.1,505,48.3,80.0,12,1.19,0,1434,13.9,0,13.42879,79.92221
PHC-0818,India - Tamil Nadu,Paracetamol,3400,369.8,677,90.9,90.1,11,1.06,0,3933,8.6,0,13.42879,79.92221
PHC-0818,India - Tamil Nadu,Insulin,677,84.2,257,73.8,96.5,7,0.8,0,477,10.0,0,13.42879,79.92221
PHC-0818,India - Tamil Nadu,Amoxicillin,7250,338.2,626,55.5,81.1,9,0.89,0,2911,24.0,0,13.42879,79.92221
PHC-0819,India - Kerala,Amoxicillin,108,24.6,68,40.5,85.1,2,1.16,1,253,2.5,1,8.84292,77.17101
PHC-0819,India - Kerala,Insulin,1152,64.4,96,48.1,63.0,13,1.36,1,806,8.5,0,8.84292,77.17101
PHC-0819,India - Kerala,Paracetamol,480,226.2,486,40.1,79.6,8,0.83,0,1619,2.6,1,8.84292,77.17101
PHC-0819,India - Kerala,ORS,7603,348.5,558,46.0,74.4,12,1.14,0,3633,19.2,0,8.84292,77.17101
PHC-0819,India - Kerala,Azithromycin,515,141.4,481,56.4,78.3,14,0.97,0,1184,3.7,1,8.84292,77.17101
PHC-0820,India - Madhya Pradesh,Insulin,644,144.1,275,31.6,57.3,13,0.76,0,789,5.9,1,23.92076,77.1428
PHC-0820,India - Madhya Pradesh,Azithromycin,975,114.2,560,88.9,77.8,14,1.0,0,1046,8.5,0,23.92076,77.1428
PHC-0820,India - Madhya Pradesh,Paracetamol,1172,48.6,188,73.8,67.9,2,1.36,0,435,17.7,0,23.92076,77.1428
PHC-0820,India - Madhya Pradesh,Amoxicillin,3014,174.0,239,81.2,56.0,2,0.9,1,1677,12.4,0,23.92076,77.1428
PHC-0820,India - Madhya Pradesh,ORS,2749,139.4,208,55.7,94.9,3,1.35,0,1258,14.7,0,23.92076,77.1428
PHC-0821,India - Tripura,Amoxicillin,284,84.9,115,76.8,97.7,13,1.13,0,579,3.0,1,23.48198,91.51115
PHC-0821,India - Tripura,Azithromycin,5261,222.7,509,49.0,70.8,1,1.26,0,2468,18.8,0,23.48198,91.51115
PHC-0821,India - Tripura,Insulin,1127,72.0,111,93.8,82.6,14,1.12,0,486,14.0,0,23.48198,91.51115
PHC-0821,India - Tripura,Paracetamol,2214,97.6,664,30.7,68.8,7,1.4,0,1350,16.2,0,23.48198,91.51115
PHC-0821,India - Tripura,ORS,268,84.2,148,49.6,90.9,11,1.33,0,703,2.4,1,23.48198,91.51115
PHC-0822,India - Kerala,Azithromycin,2827,191.9,524,73.1,70.4,1,0.92,0,1574,16.0,0,8.69427,76.97579
PHC-0822,India - Kerala,ORS,800,34.6,116,49.2,90.6,9,0.92,0,194,25.0,0,8.69427,76.97579
PHC-0822,India - Kerala,Insulin,1059,98.6,429,38.7,78.0,10,1.34,0,1088,8.0,0,8.69427,76.97579
PHC-0822,India - Kerala,Amoxicillin,2636,206.4,692,80.4,60.9,10,0.79,0,1636,16.3,0,8.69427,76.97579
PHC-0822,India - Kerala,Paracetamol,1153,204.1,281,37.2,61.2,4,0.84,0,1240,6.7,1,8.69427,76.97579
PHC-0823,India - Telangana,Amoxicillin,969,159.9,271,50.8,99.2,8,0.76,0,868,8.0,0,17.6584,78.06135
PHC-0823,India - Telangana,Paracetamol,671,45.6,366,67.4,69.4,5,1.03,0,367,14.3,0,17.6584,78.06135
PHC-0823,India - Telangana,Insulin,3531,191.7,293,49.1,65.8,7,1.21,0,1690,15.3,0,17.6584,78.06135
PHC-0823,India - Telangana,Azithromycin,2320,297.2,461,84.5,63.6,13,0.72,1,2801,7.0,0,17.6584,78.06135
PHC-0823,India - Telangana,ORS,2610,122.0,285,35.2,88.3,11,1.37,0,1210,15.6,0,17.6584,78.06135
PHC-0824,India - Karnataka,Amoxicillin,861,176.5,549,46.0,78.4,14,0.79,0,1271,6.2,1,13.37563,78.5901
PHC-0824,India - Karnataka,ORS,671,41.6,232,57.5,84.1,13,1.04,0,298,15.5,0,13.37563,78.5901
PHC-0824,India - Karnataka,Paracetamol,372,74.4,169,63.3,60.2,6,1.11,0,530,4.5,1,13.37563,78.5901
PHC-0824,India - Karnataka,Azithromycin,1475,89.4,233,34.0,87.0,11,1.37,0,843,12.0,0,13.37563,78.5901
PHC-0824,India - Karnataka,Insulin,561,105.1,210,61.8,56.5,1,1.01,0,713,5.3,1,13.37563,78.5901
PHC-0825,Brazil - Sao Paulo,Azithromycin,2338,105.9,179,48.9,58.2,10,1.01,0,695,21.9,0,-23.53118,-46.42591
PHC-0825,Brazil - Sao Paulo,ORS,2151,98.4,165,32.1,99.1,11,1.38,0,868,15.9,0,-23.53118,-46.42591
PHC-0825,Brazil - Sao Paulo,Amoxicillin,3188,245.1,407,30.3,71.0,5,1.11,0,2194,11.8,0,-23.53118,-46.42591
PHC-0825,Brazil - Sao Paulo,Paracetamol,877,68.8,96,84.3,59.5,12,1.06,1,671,7.7,0,-23.53118,-46.42591
PHC-0825,Brazil - Sao Paulo,Insulin,246,45.3,85,42.4,85.5,12,0.93,0,246,5.9,1,-23.53118,-46.42591
PHC-0826,Brazil - Brasilia,Azithromycin,422,67.7,264,64.3,74.6,1,1.03,0,495,6.1,1,-15.9625,-48.51357
PHC-0826,Brazil - Brasilia,Amoxicillin,3990,236.2,452,65.1,68.7,7,1.33,0,2648,12.7,0,-15.9625,-48.51357
PHC-0826,Brazil - Brasilia,ORS,755,35.9,76,66.4,75.6,8,1.02,0,212,20.6,0,-15.9625,-48.51357
PHC-0826,Brazil - Brasilia,Paracetamol,7627,355.2,501,39.4,69.3,5,1.33,0,4149,16.1,0,-15.9625,-48.51357
PHC-0826,Brazil - Brasilia,Insulin,399,122.8,478,62.5,89.0,5,1.16,0,1227,2.8,1,-15.9625,-48.51357
PHC-0827,India - Uttar Pradesh,Paracetamol,1476,81.5,127,65.1,81.6,14,1.01,0,505,17.9,0,26.46749,80.44355
PHC-0827,India - Uttar Pradesh,ORS,3192,202.3,270,76.4,73.0,13,0.71,0,1020,22.3,0,26.46749,80.44355
PHC-0827,India - Uttar Pradesh,Insulin,9506,428.0,647,57.3,87.1,14,1.15,0,4801,19.4,0,26.46749,80.44355
PHC-0827,India - Uttar Pradesh,Azithromycin,2773,312.7,648,77.8,97.5,3,1.21,0,3700,7.3,0,26.46749,80.44355
PHC-0827,India - Uttar Pradesh,Amoxicillin,4263,227.9,479,40.1,78.7,7,1.3,0,2553,14.4,0,26.46749,80.44355
PHC-0828,Brazil - Rio de Janeiro,ORS,828,63.8,143,32.2,55.8,11,1.15,0,458,11.3,0,-22.29717,-43.0745
PHC-0828,Brazil - Rio de Janeiro,Amoxicillin,1665,365.1,581,49.3,85.8,5,0.72,0,2454,6.3,1,-22.29717,-43.0745
PHC-0828,Brazil - Rio de Janeiro,Paracetamol,2319,139.8,233,71.4,65.0,2,1.21,0,1161,13.7,0,-22.29717,-43.0745
PHC-0828,Brazil - Rio de Janeiro,Insulin,252,59.8,336,43.2,64.7,8,0.79,0,358,5.3,1,-22.29717,-43.0745
PHC-0828,Brazil - Rio de Janeiro,Azithromycin,3652,223.9,477,49.6,57.5,13,1.38,0,2650,11.8,0,-22.29717,-43.0745
PHC-0829,India - Rajasthan,Azithromycin,2202,151.5,225,44.5,80.8,11,0.77,0,796,18.9,0,26.80184,75.7295
PHC-0829,India - Rajasthan,Insulin,2215,101.2,363,96.4,58.4,9,0.84,0,665,25.9,0,26.80184,75.7295
PHC-0829,India - Rajasthan,ORS,1943,85.5,479,33.1,66.1,1,1.0,0,733,22.8,0,26.80184,75.7295
PHC-0829,India - Rajasthan,Paracetamol,4643,419.2,652,43.7,95.2,12,1.17,0,4834,9.4,0,26.80184,75.7295
PHC-0829,India - Rajasthan,Amoxicillin,1050,135.6,295,60.6,85.9,6,0.99,0,980,7.8,0,26.80184,75.7295
PHC-0830,India - Jharkhand,Azithromycin,387,92.9,146,90.9,97.4,10,1.17,0,680,3.6,1,23.69759,85.31868
PHC-0830,India - Jharkhand,ORS,2138,237.9,691,32.5,87.6,10,1.1,0,2632,8.2,0,23.69759,85.31868
PHC-0830,India - Jharkhand,Insulin,1348,108.5,286,62.5,59.4,6,0.97,0,760,12.9,0,23.69759,85.31868
PHC-0830,India - Jharkhand,Amoxicillin,2453,120.3,268,59.2,61.9,11,0.91,0,780,22.4,0,23.69759,85.31868
PHC-0830,India - Jharkhand,Paracetamol,847,180.8,293,57.2,59.1,7,0.97,0,1286,4.8,1,23.69759,85.31868
PHC-0831,India - Punjab,Insulin,960,243.0,440,88.5,89.9,5,0.97,0,1969,4.1,1,30.8314,75.73025
PHC-0831,India - Punjab,ORS,525,196.7,320,75.7,68.6,6,1.25,1,2845,1.4,1,30.8314,75.73025
PHC-0831,India - Punjab,Paracetamol,2902,198.8,496,67.5,62.0,4,1.11,0,1922,13.2,0,30.8314,75.73025
PHC-0831,India - Punjab,Azithromycin,2510,158.1,274,45.9,59.4,14,1.14,0,1296,13.9,0,30.8314,75.73025
PHC-0831,India - Punjab,Amoxicillin,858,144.0,359,45.3,76.4,12,0.92,0,1027,6.5,1,30.8314,75.73025
PHC-0832,South Africa - Johannesburg,ORS,2067,107.0,454,62.7,96.7,12,1.13,0,1015,17.2,0,-26.69242,27.34779
PHC-0832,South Africa - Johannesburg,Amoxicillin,7471,323.1,443,62.8,80.4,3,1.08,0,2922,21.3,0,-26.69242,27.34779
PHC-0832,South Africa - Johannesburg,Insulin,1239,131.0,664,68.6,70.8,7,1.27,1,2551,4.8,1,-26.69242,27.34779
PHC-0832,South Africa - Johannesburg,Paracetamol,1130,61.2,90,69.9,60.9,4,0.99,1,551,12.1,0,-26.69242,27.34779
PHC-0832,South Africa - Johannesburg,Azithromycin,197,70.0,142,51.8,77.0,10,1.15,0,502,2.5,1,-26.69242,27.34779
PHC-0833,India - Karnataka,Insulin,1558,79.3,254,58.1,93.7,3,1.36,0,761,14.4,0,12.98977,77.13985
PHC-0833,India - Karnataka,ORS,133,36.5,210,48.8,59.6,10,1.16,0,285,3.1,1,12.98977,77.13985
PHC-0833,India - Karnataka,Amoxicillin,5752,288.0,597,82.5,94.2,9,1.19,0,3219,16.8,0,12.98977,77.13985
PHC-0833,India - Karnataka,Azithromycin,1300,290.1,676,85.2,96.1,8,1.39,0,4022,3.2,1,12.98977,77.13985
PHC-0833,India - Karnataka,Paracetamol,1328,64.8,341,73.0,89.0,2,1.33,0,660,15.4,0,12.98977,77.13985
PHC-0834,India - Madhya Pradesh,Azithromycin,3158,127.7,258,37.1,76.8,7,1.37,0,1236,18.0,0,23.23793,77.42881
PHC-0834,India - Madhya Pradesh,Insulin,3375,448.0,635,35.5,58.4,11,0.75,0,3262,10.0,0,23.23793,77.42881
PHC-0834,India - Madhya Pradesh,Amoxicillin,1430,73.9,197,50.3,76.6,2,0.79,0,387,24.5,0,23.23793,77.42881
PHC-0834,India - Madhya Pradesh,Paracetamol,2428,101.4,494,82.3,84.4,5,1.21,0,1065,19.9,0,23.23793,77.42881
PHC-0834,India - Madhya Pradesh,ORS,5604,267.1,614,95.5,82.2,5,0.96,0,2457,21.8,0,23.23793,77.42881
PHC-0835,South Africa - Durban,Insulin,2442,264.8,441,73.0,69.7,6,0.8,0,1773,11.5,0,-30.17029,31.16254
PHC-0835,South Africa - Durban,ORS,6742,382.7,598,85.6,62.0,9,1.13,0,4082,15.6,0,-30.17029,31.16254
PHC-0835,South Africa - Durban,Amoxicillin,559,172.3,355,66.3,88.5,11,0.88,0,1178,3.7,1,-30.17029,31.16254
PHC-0835,South Africa - Durban,Paracetamol,1707,111.6,693,90.4,60.7,12,0.89,0,1002,17.2,0,-30.17029,31.16254
PHC-0835,South Africa - Durban,Azithromycin,2603,158.1,255,69.2,75.3,9,0.75,0,839,21.8,0,-30.17029,31.16254
PHC-0836,India - Karnataka,Amoxicillin,1316,116.3,633,93.1,90.5,12,0.86,0,972,13.1,0,13.10547,77.18621
PHC-0836,India - Karnataka,Insulin,302,64.4,151,40.8,91.1,9,0.94,0,382,5.0,1,13.10547,77.18621
PHC-0836,India - Karnataka,Paracetamol,3476,255.3,513,52.2,82.4,3,0.79,0,1777,17.3,0,13.10547,77.18621
PHC-0836,India - Karnataka,Azithromycin,1851,120.6,401,91.3,74.0,11,0.95,0,927,16.1,0,13.10547,77.18621
PHC-0836,India - Karnataka,ORS,2308,331.4,600,77.2,74.7,1,0.71,0,2237,9.8,0,13.10547,77.18621
PHC-0837,India - Maharashtra,Paracetamol,5187,213.5,403,45.1,93.8,1,1.13,0,1955,21.4,0,19.43784,73.15198
PHC-0837,India - Maharashtra,Insulin,1702,84.0,211,73.2,55.1,11,0.79,0,446,25.7,0,19.43784,73.15198
PHC-0837,India - Maharashtra,ORS,3194,152.8,216,84.5,79.3,7,0.77,0,790,27.3,0,19.43784,73.15198
PHC-0837,India - Maharashtra,Azithromycin,261,33.2,187,92.7,88.7,2,0.75,1,254,6.7,1,19.43784,73.15198
PHC-0837,India - Maharashtra,Amoxicillin,244,49.5,99,51.8,68.5,11,1.15,0,338,4.3,1,19.43784,73.15198
PHC-0838,Russia - Moscow,Azithromycin,3564,143.1,248,81.0,74.9,2,1.21,0,1212,20.5,0,55.71665,37.44621
PHC-0838,Russia - Moscow,Insulin,175,34.8,272,37.3,56.4,11,1.2,0,299,4.2,1,55.71665,37.44621
PHC-0838,Russia - Moscow,Paracetamol,2069,147.3,273,34.1,68.7,11,0.72,1,1176,12.6,0,55.71665,37.44621
PHC-0838,Russia - Moscow,Amoxicillin,230,111.8,622,71.6,82.9,5,1.4,0,1500,1.5,1,55.71665,37.44621
PHC-0838,Russia - Moscow,ORS,2603,289.0,473,52.5,95.8,1,1.1,0,2728,8.2,0,55.71665,37.44621
PHC-0839,South Africa - Johannesburg,Paracetamol,4241,200.9,533,96.3,86.5,1,1.35,0,2432,15.7,0,-26.03626,28.10829
PHC-0839,South Africa - Johannesburg,Insulin,784,58.0,267,52.2,59.8,5,1.35,0,558,10.0,0,-26.03626,28.10829
PHC-0839,South Africa - Johannesburg,Amoxicillin,281,19.9,122,75.9,65.6,11,0.75,0,91,18.8,0,-26.03626,28.10829
PHC-0839,South Africa - Johannesburg,Azithromycin,2236,209.9,663,33.1,68.3,9,1.32,0,2736,8.1,0,-26.03626,28.10829
PHC-0839,South Africa - Johannesburg,ORS,2494,121.8,223,35.5,81.6,7,1.14,0,945,18.0,0,-26.03626,28.10829
PHC-0840,India - Goa,Azithromycin,191,49.7,139,49.5,69.7,9,1.1,0,341,3.5,1,15.71029,73.87616
PHC-0840,India - Goa,Amoxicillin,5125,273.1,525,64.5,57.9,2,0.77,1,2918,15.7,0,15.71029,73.87616
PHC-0840,India - Goa,ORS,2554,143.4,457,83.8,96.0,3,0.98,1,1834,11.8,0,15.71029,73.87616
PHC-0840,India - Goa,Paracetamol,2958,358.2,559,93.7,94.1,2,1.23,0,4048,6.7,1,15.71029,73.87616
PHC-0840,India - Goa,Insulin,481,171.8,418,78.2,60.2,4,0.88,0,1237,3.2,1,15.71029,73.87616
PHC-0841,India - Bihar,Paracetamol,1165,180.1,407,76.9,75.2,5,1.39,0,2025,4.7,1,25.63311,85.40464
PHC-0841,India - Bihar,Azithromycin,8741,390.6,556,62.9,60.6,6,0.99,0,3521,22.7,0,25.63311,85.40464
PHC-0841,India - Bihar,Insulin,2288,160.8,669,42.0,94.4,4,0.75,1,1862,12.2,0,25.63311,85.40464
PHC-0841,India - Bihar,Amoxicillin,1911,99.1,134,40.4,65.2,8,0.77,0,475,24.9,0,25.63311,85.40464
PHC-0841,India - Bihar,ORS,2147,98.6,173,58.0,84.7,3,1.33,0,846,16.4,0,25.63311,85.40464
PHC-0842,India - Telangana,Insulin,1351,108.8,151,47.8,61.6,8,1.33,0,913,9.3,0,17.69479,78.20842
PHC-0842,India - Telangana,ORS,2459,194.8,417,56.2,81.0,3,1.1,0,1748,11.5,0,17.69479,78.20842
PHC-0842,India - Telangana,Paracetamol,2098,194.7,339,97.8,65.6,6,1.05,0,1554,10.3,0,17.69479,78.20842
PHC-0842,India - Telangana,Amoxicillin,1121,81.1,561,95.7,73.3,8,0.78,0,582,17.7,0,17.69479,78.20842
PHC-0842,India - Telangana,Azithromycin,783,36.9,156,94.8,97.3,6,0.96,0,225,22.0,0,17.69479,78.20842
PHC-0843,India - Odisha,Azithromycin,5737,281.7,430,93.0,69.7,1,1.31,0,3047,15.6,0,20.84022,85.90983
PHC-0843,India - Odisha,ORS,2618,177.7,435,59.4,90.3,2,0.95,1,2162,10.0,0,20.84022,85.90983
PHC-0843,India - Odisha,Insulin,5471,234.1,408,67.6,94.5,2,1.18,0,2248,19.7,0,20.84022,85.90983
PHC-0843,India - Odisha,Amoxicillin,318,159.0,298,57.8,56.7,10,0.91,1,1637,1.4,1,20.84022,85.90983
PHC-0843,India - Odisha,Paracetamol,3425,328.1,595,57.0,56.7,14,0.94,0,2894,11.1,0,20.84022,85.90983
PHC-0844,India - Haryana,Amoxicillin,1798,187.1,518,52.4,82.0,4,1.14,0,1892,8.4,0,28.45993,75.83016
PHC-0844,India - Haryana,Paracetamol,4523,245.6,336,90.0,62.2,1,1.35,0,2525,13.6,0,28.45993,75.83016
PHC-0844,India - Haryana,Insulin,554,70.8,526,87.0,72.1,8,1.17,0,743,6.7,1,28.45993,75.83016
PHC-0844,India - Haryana,ORS,4153,181.2,502,49.9,92.6,11,1.0,0,1583,23.0,0,28.45993,75.83016
PHC-0844,India - Haryana,Azithromycin,4329,268.2,430,39.3,60.6,5,1.18,0,2616,13.7,0,28.45993,75.83016
PHC-0845,India - Rajasthan,Amoxicillin,3615,228.3,477,34.0,75.4,6,0.95,0,1866,16.6,0,26.81211,75.61078
PHC-0845,India - Rajasthan,Azithromycin,1579,94.0,307,38.6,98.2,1,1.4,0,971,12.0,0,26.81211,75.61078
PHC-0845,India - Rajasthan,Insulin,289,49.4,95,56.4,99.1,10,0.79,0,231,7.4,0,26.81211,75.61078
PHC-0845,India - Rajasthan,Paracetamol,1013,70.8,314,92.4,60.2,9,0.83,0,439,17.2,0,26.81211,75.61078
PHC-0845,India - Rajasthan,ORS,3856,283.9,587,83.9,99.0,11,0.84,0,2224,16.2,0,26.81211,75.61078
PHC-0846,India - Himachal Pradesh,Insulin,3398,210.7,500,32.3,57.9,13,1.36,0,2501,11.9,0,31.59031,76.80345
PHC-0846,India - Himachal Pradesh,Amoxicillin,256,87.4,355,96.3,55.3,7,0.87,0,586,3.4,1,31.59031,76.80345
PHC-0846,India - Himachal Pradesh,ORS,1205,60.8,314,52.6,85.6,14,0.77,0,348,25.8,0,31.59031,76.80345
PHC-0846,India - Himachal Pradesh,Azithromycin,2515,185.6,257,90.4,79.3,10,1.06,0,1385,12.8,0,31.59031,76.80345
PHC-0846,India - Himachal Pradesh,Paracetamol,558,35.3,93,74.2,89.9,12,1.1,0,230,14.3,0,31.59031,76.80345
PHC-0847,India - Karnataka,Amoxicillin,366,68.2,153,55.4,92.8,12,1.34,0,578,4.0,1,13.04399,77.72666
PHC-0847,India - Karnataka,Insulin,1600,69.2,235,93.6,77.7,14,1.37,0,651,16.9,0,13.04399,77.72666
PHC-0847,India - Karnataka,ORS,1715,381.4,605,44.7,64.6,6,1.14,0,4108,4.0,1,13.04399,77.72666
PHC-0847,India - Karnataka,Azithromycin,10046,454.0,661,76.4,96.2,12,0.89,0,4004,24.8,0,13.04399,77.72666
PHC-0847,India - Karnataka,Paracetamol,895,124.3,625,37.0,98.5,2,1.03,1,1903,4.5,1,13.04399,77.72666
PHC-0848,India - Haryana,ORS,2682,112.4,201,83.6,92.2,1,0.91,0,681,26.2,0,29.23372,76.39893
PHC-0848,India - Haryana,Amoxicillin,222,101.1,283,83.0,97.9,2,1.19,0,870,1.8,1,29.23372,76.39893
PHC-0848,India - Haryana,Insulin,1418,76.3,317,50.4,75.7,8,1.33,0,758,14.0,0,29.23372,76.39893
PHC-0848,India - Haryana,Azithromycin,1442,79.5,568,44.6,83.8,5,0.96,0,702,19.0,0,29.23372,76.39893
PHC-0848,India - Haryana,Paracetamol,1010,49.9,186,40.4,61.3,13,1.0,0,327,20.2,0,29.23372,76.39893
PHC-0849,India - Andhra Pradesh,Amoxicillin,1372,320.4,640,84.0,93.4,10,1.34,1,6475,2.1,1,16.68128,80.54928
PHC-0849,India - Andhra Pradesh,ORS,7317,308.2,456,77.0,63.3,2,0.98,0,2551,24.2,0,16.68128,80.54928
PHC-0849,India - Andhra Pradesh,Azithromycin,6017,247.0,353,92.5,66.4,1,1.13,0,2164,21.5,0,16.68128,80.54928
PHC-0849,India - Andhra Pradesh,Insulin,1733,73.3,188,83.8,93.1,7,0.72,0,349,32.7,0,16.68128,80.54928
PHC-0849,India - Andhra Pradesh,Paracetamol,1655,73.3,137,41.4,59.1,9,1.33,0,603,17.0,0,16.68128,80.54928
PHC-0850,India - Madhya Pradesh,ORS,4264,345.3,675,71.6,80.9,3,0.72,0,2474,17.2,0,23.27194,77.44764
PHC-0850,India - Madhya Pradesh,Insulin,517,120.5,277,91.1,70.0,7,1.04,0,903,4.1,1,23.27194,77.44764
PHC-0850,India - Madhya Pradesh,Azithromycin,258,51.9,145,44.1,62.4,11,0.87,0,283,5.7,1,23.27194,77.44764
PHC-0850,India - Madhya Pradesh,Amoxicillin,1324,74.9,331,34.3,95.9,8,1.1,0,621,16.1,0,23.27194,77.44764
PHC-0850,India - Madhya Pradesh,Paracetamol,350,29.6,67,94.7,58.4,5,1.02,0,173,11.6,0,23.27194,77.44764
PHC-0851,China - Beijing,Paracetamol,728,263.7,375,84.2,61.3,1,0.71,0,1484,3.9,1,40.17039,116.5943
PHC-0851,China - Beijing,Azithromycin,669,83.2,581,49.0,59.3,13,0.76,1,919,6.8,1,40.17039,116.5943
PHC-0851,China - Beijing,ORS,369,49.3,156,32.9,71.1,10,0.91,1,441,5.3,1,40.17039,116.5943
PHC-0851,China - Beijing,Insulin,3225,182.4,486,51.8,90.2,4,1.21,0,1907,14.6,0,40.17039,116.5943
PHC-0851,China - Beijing,Amoxicillin,427,101.6,291,77.5,88.6,12,0.75,0,555,5.6,1,40.17039,116.5943
PHC-0852,China - Shenzhen,Azithromycin,1047,292.3,550,52.7,78.7,9,1.21,0,3221,3.0,1,22.55548,113.76681
PHC-0852,China - Shenzhen,Insulin,1229,117.5,240,86.8,96.2,9,1.29,0,1052,8.1,0,22.55548,113.76681
PHC-0852,China - Shenzhen,Paracetamol,215,15.6,63,66.3,76.8,13,1.29,0,115,10.7,0,22.55548,113.76681
PHC-0852,China - Shenzhen,Amoxicillin,979,185.1,632,57.5,60.3,3,0.76,0,1363,7.0,1,22.55548,113.76681
PHC-0852,China - Shenzhen,ORS,133,32.2,64,96.1,60.5,9,1.16,1,330,2.3,1,22.55548,113.76681
PHC-0853,India - Andhra Pradesh,ORS,2971,265.3,429,92.1,96.8,9,1.22,1,4127,5.9,1,16.50019,80.70761
PHC-0853,India - Andhra Pradesh,Amoxicillin,974,57.0,235,74.4,77.1,7,0.88,0,347,19.4,0,16.50019,80.70761
PHC-0853,India - Andhra Pradesh,Azithromycin,6251,273.5,460,41.3,91.9,3,0.84,0,1943,27.2,0,16.50019,80.70761
PHC-0853,India - Andhra Pradesh,Paracetamol,213,52.3,304,95.2,62.1,14,0.94,0,363,4.3,1,16.50019,80.70761
PHC-0853,India - Andhra Pradesh,Insulin,1642,78.0,327,65.3,72.7,1,1.18,0,692,17.9,0,16.50019,80.70761
PHC-0854,India - Madhya Pradesh,ORS,6858,433.5,665,53.1,73.8,8,0.83,1,5513,12.3,0,24.02228,77.22668
PHC-0854,India - Madhya Pradesh,Amoxicillin,1152,112.1,302,91.7,71.2,10,1.23,0,1015,8.4,0,24.02228,77.22668
PHC-0854,India - Madhya Pradesh,Paracetamol,2909,148.4,418,52.2,97.5,13,0.71,0,859,27.7,0,24.02228,77.22668
PHC-0854,India - Madhya Pradesh,Insulin,1755,251.7,374,35.9,93.1,8,0.95,0,1871,7.4,0,24.02228,77.22668
PHC-0854,India - Madhya Pradesh,Azithromycin,5781,349.1,499,77.1,95.4,2,1.29,0,3940,12.8,0,24.02228,77.22668
PHC-0855,India - Chhattisgarh,Paracetamol,896,75.5,228,64.9,96.0,13,0.82,0,424,14.5,0,21.62396,81.6643
PHC-0855,India - Chhattisgarh,Insulin,1444,119.2,160,57.1,97.1,8,1.16,0,883,10.4,0,21.62396,81.6643
PHC-0855,India - Chhattisgarh,ORS,4296,337.2,641,30.6,75.2,3,1.36,0,4458,9.4,0,21.62396,81.6643
PHC-0855,India - Chhattisgarh,Azithromycin,449,46.2,190,97.8,84.7,8,0.89,0,271,10.9,0,21.62396,81.6643
PHC-0855,India - Chhattisgarh,Amoxicillin,686,94.4,267,90.9,88.1,2,1.05,0,704,6.9,1,21.62396,81.6643
PHC-0856,India - Tamil Nadu,Amoxicillin,427,65.8,241,79.0,61.5,12,1.14,0,518,5.7,1,13.89825,80.13769
PHC-0856,India - Tamil Nadu,Paracetamol,4331,208.5,536,93.2,86.8,9,0.99,1,2889,13.5,0,13.89825,80.13769
PHC-0856,India - Tamil Nadu,Insulin,679,109.6,567,53.7,62.7,7,1.24,0,1257,5.0,1,13.89825,80.13769
PHC-0856,India - Tamil Nadu,ORS,1705,362.2,538,69.2,97.0,6,0.75,0,2450,6.3,1,13.89825,80.13769
PHC-0856,India - Tamil Nadu,Azithromycin,976,84.1,153,94.4,86.1,1,1.12,1,924,6.7,1,13.89825,80.13769
PHC-0857,India - Odisha,Azithromycin,958,46.2,233,73.2,89.7,9,1.31,0,418,15.8,0,20.02042,85.69697
PHC-0857,India - Odisha,Paracetamol,172,82.1,435,52.4,64.7,14,1.09,0,741,1.9,1,20.02042,85.69697
PHC-0857,India - Odisha,ORS,4368,221.8,310,58.6,99.3,10,1.24,0,2041,15.9,0,20.02042,85.69697
PHC-0857,India - Odisha,Amoxicillin,823,227.2,411,46.0,55.7,3,1.19,0,2204,3.0,1,20.02042,85.69697
PHC-0857,India - Odisha,Insulin,1120,124.3,235,55.0,94.1,7,1.33,0,1140,6.8,1,20.02042,85.69697
PHC-0858,South Africa - Cape Town,Paracetamol,589,86.3,331,83.0,81.6,13,0.98,0,642,6.9,1,-33.83287,18.71621
PHC-0858,South Africa - Cape Town,Azithromycin,2703,258.2,369,60.2,58.3,9,0.96,0,1936,10.9,0,-33.83287,18.71621
PHC-0858,South Africa - Cape Town,Amoxicillin,650,48.9,174,46.8,59.9,1,1.02,0,321,13.1,0,-33.83287,18.71621
PHC-0858,South Africa - Cape Town,ORS,6147,474.8,655,84.6,62.7,2,1.02,0,4778,12.7,0,-33.83287,18.71621
PHC-0858,South Africa - Cape Town,Insulin,5457,242.2,378,65.3,67.9,6,1.21,0,2320,18.6,0,-33.83287,18.71621
PHC-0859,India - Gujarat,Insulin,512,33.9,217,63.7,73.9,8,0.93,0,213,16.3,0,23.46069,72.53676
PHC-0859,India - Gujarat,Amoxicillin,370,34.9,190,35.2,72.1,7,1.07,0,246,9.9,0,23.46069,72.53676
PHC-0859,India - Gujarat,Azithromycin,1489,138.2,465,34.7,99.7,5,1.09,0,1279,9.9,0,23.46069,72.53676
PHC-0859,India - Gujarat,Paracetamol,659,43.5,62,58.2,87.1,3,0.91,1,350,10.7,0,23.46069,72.53676
PHC-0859,India - Gujarat,ORS,2188,90.3,140,63.4,94.4,3,0.75,0,422,32.3,0,23.46069,72.53676
PHC-0860,Russia - Novosibirsk,Amoxicillin,614,56.7,192,47.0,83.5,9,0.77,0,288,14.0,0,54.88374,83.87639
PHC-0860,Russia - Novosibirsk,Insulin,4765,342.5,461,46.8,81.3,14,1.04,0,3025,13.4,0,54.88374,83.87639
PHC-0860,Russia - Novosibirsk,Azithromycin,2411,215.6,661,64.9,94.6,14,1.26,0,2681,8.9,0,54.88374,83.87639
PHC-0860,Russia - Novosibirsk,Paracetamol,1323,71.8,107,39.5,79.3,11,1.29,0,554,14.3,0,54.88374,83.87639
PHC-0860,Russia - Novosibirsk,ORS,1701,102.4,189,37.2,67.5,8,1.09,0,731,15.3,0,54.88374,83.87639
PHC-0861,India - Karnataka,Amoxicillin,856,103.0,273,47.2,78.2,14,1.02,0,752,8.2,0,12.71818,77.34701
PHC-0861,India - Karnataka,Paracetamol,1207,111.0,299,67.2,66.4,9,1.0,0,812,10.9,0,12.71818,77.34701
PHC-0861,India - Karnataka,Insulin,6961,324.1,698,47.1,95.7,8,1.07,0,3531,20.0,0,12.71818,77.34701
PHC-0861,India - Karnataka,Azithromycin,4200,243.4,379,30.8,72.6,9,1.36,0,2610,12.7,0,12.71818,77.34701
PHC-0861,India - Karnataka,ORS,792,82.1,123,88.3,72.0,12,0.72,0,360,13.4,0,12.71818,77.34701
PHC-0862,India - Assam,Amoxicillin,2945,289.2,543,55.0,79.7,11,0.84,0,2186,12.2,0,25.81006,92.0678
PHC-0862,India - Assam,Azithromycin,1857,85.3,200,66.0,89.2,2,0.87,0,492,25.1,0,25.81006,92.0678
PHC-0862,India - Assam,Insulin,2408,143.4,211,46.5,61.6,10,1.29,0,1244,13.0,0,25.81006,92.0678
PHC-0862,India - Assam,ORS,240,49.0,115,37.2,96.4,3,1.08,0,321,4.5,1,25.81006,92.0678
PHC-0862,India - Assam,Paracetamol,10862,486.3,649,80.8,98.3,13,0.84,0,3992,26.6,0,25.81006,92.0678
PHC-0863,India - Jammu & Kashmir,Paracetamol,244,49.3,72,87.5,89.0,11,0.74,0,209,6.7,1,33.82458,76.55777
PHC-0863,India - Jammu & Kashmir,Amoxicillin,462,32.5,114,91.8,59.7,1,0.94,0,186,15.1,0,33.82458,76.55777
PHC-0863,India - Jammu & Kashmir,Insulin,2565,200.6,288,87.2,82.8,11,0.84,0,1229,15.2,0,33.82458,76.55777
PHC-0863,India - Jammu & Kashmir,Azithromycin,1232,144.2,256,47.9,97.5,5,1.34,0,1357,6.4,1,33.82458,76.55777
PHC-0863,India - Jammu & Kashmir,ORS,689,170.6,231,71.2,66.4,11,1.26,0,1476,3.2,1,33.82458,76.55777
PHC-0864,India - Punjab,ORS,597,85.3,121,64.0,88.1,1,0.79,0,409,8.9,0,31.15602,75.55364
PHC-0864,India - Punjab,Insulin,5025,291.5,596,58.6,68.4,8,0.83,1,3528,13.4,0,31.15602,75.55364
PHC-0864,India - Punjab,Amoxicillin,367,114.4,384,81.1,78.7,6,0.83,1,1173,2.5,1,31.15602,75.55364
PHC-0864,India - Punjab,Azithromycin,4334,290.9,431,55.4,62.3,14,0.96,0,2318,15.5,0,31.15602,75.55364
PHC-0864,India - Punjab,Paracetamol,1483,97.7,237,79.7,59.1,4,1.31,0,882,11.6,0,31.15602,75.55364
PHC-0865,India - Tamil Nadu,Azithromycin,2010,182.1,244,38.6,55.6,12,1.25,0,1590,8.8,0,13.1585,80.48034
PHC-0865,India - Tamil Nadu,Paracetamol,4605,378.4,510,45.7,88.9,5,0.89,0,2971,13.7,0,13.1585,80.48034
PHC-0865,India - Tamil Nadu,Insulin,914,203.1,495,82.6,71.4,3,0.92,1,2533,3.1,1,13.1585,80.48034
PHC-0865,India - Tamil Nadu,ORS,1980,83.5,178,44.4,80.8,12,1.35,0,732,17.6,0,13.1585,80.48034
PHC-0865,India - Tamil Nadu,Amoxicillin,1210,233.0,369,40.3,87.9,5,0.75,0,1366,6.9,1,13.1585,80.48034
PHC-0866,South Africa - Johannesburg,ORS,690,219.3,385,51.5,98.5,8,1.0,0,1741,3.1,1,-26.08361,27.75669
PHC-0866,South Africa - Johannesburg,Amoxicillin,326,25.0,66,45.2,84.5,14,0.85,0,121,15.4,0,-26.08361,27.75669
PHC-0866,South Africa - Johannesburg,Azithromycin,1315,322.3,607,35.4,92.9,11,1.33,0,4082,3.1,1,-26.08361,27.75669
PHC-0866,South Africa - Johannesburg,Paracetamol,2303,108.5,204,91.8,86.4,6,0.8,0,582,26.4,0,-26.08361,27.75669
PHC-0866,South Africa - Johannesburg,Insulin,1022,76.5,224,41.3,68.7,13,1.31,0,682,10.2,0,-26.08361,27.75669
PHC-0867,India - Karnataka,ORS,3106,334.9,614,80.9,98.9,1,0.99,0,3171,9.4,0,12.70965,77.40746
PHC-0867,India - Karnataka,Azithromycin,437,80.6,275,89.8,65.5,12,1.12,0,650,4.8,1,12.70965,77.40746
PHC-0867,India - Karnataka,Amoxicillin,1457,106.3,201,67.7,65.2,10,0.72,0,506,19.2,0,12.70965,77.40746
PHC-0867,India - Karnataka,Paracetamol,5454,298.3,489,62.1,81.3,13,1.18,0,3064,15.4,0,12.70965,77.40746
PHC-0867,India - Karnataka,Insulin,1241,119.5,457,80.9,71.4,6,1.22,1,1906,5.5,1,12.70965,77.40746
PHC-0868,Brazil - Rio de Janeiro,Paracetamol,8414,342.0,633,69.1,74.3,11,1.29,0,4258,19.1,0,-23.23038,-42.71459
PHC-0868,Brazil - Rio de Janeiro,Amoxicillin,5242,335.6,677,73.0,97.4,2,1.12,0,3759,13.9,0,-23.23038,-42.71459
PHC-0868,Brazil - Rio de Janeiro,Azithromycin,456,42.9,275,66.2,92.5,6,1.14,0,352,9.3,0,-23.23038,-42.71459
PHC-0868,Brazil - Rio de Janeiro,Insulin,730,139.1,186,44.0,83.1,7,1.19,0,1086,4.4,1,-23.23038,-42.71459
PHC-0868,Brazil - Rio de Janeiro,ORS,922,173.3,386,33.8,70.5,1,0.79,0,1095,6.7,1,-23.23038,-42.71459
PHC-0869,India - Madhya Pradesh,Insulin,1032,253.9,434,93.4,83.8,1,0.9,1,2941,2.9,1,23.46175,77.84652
PHC-0869,India - Madhya Pradesh,Azithromycin,1506,138.9,489,71.6,87.6,6,1.16,1,2171,6.0,1,23.46175,77.84652
PHC-0869,India - Madhya Pradesh,ORS,1920,83.5,342,37.3,98.1,14,0.88,0,563,26.1,0,23.46175,77.84652
PHC-0869,India - Madhya Pradesh,Paracetamol,1993,94.7,404,38.5,74.8,6,1.34,0,1022,15.8,0,23.46175,77.84652
PHC-0869,India - Madhya Pradesh,Amoxicillin,1008,400.2,536,51.7,60.6,9,0.83,0,2987,3.0,1,23.46175,77.84652
PHC-0870,India - Odisha,Insulin,521,103.5,226,81.2,73.9,6,1.28,0,908,3.9,1,21.28443,85.22177
PHC-0870,India - Odisha,Paracetamol,1128,106.9,309,59.7,83.6,10,1.05,0,836,10.0,0,21.28443,85.22177
PHC-0870,India - Odisha,Azithromycin,8295,356.0,518,46.6,59.5,1,1.1,0,3477,21.2,0,21.28443,85.22177
PHC-0870,India - Odisha,Amoxicillin,2488,154.4,351,43.2,97.0,4,0.83,0,984,19.5,0,21.28443,85.22177
PHC-0870,India - Odisha,ORS,1191,53.6,76,32.2,87.7,3,0.75,0,233,29.6,0,21.28443,85.22177
PHC-0871,India - Tripura,Azithromycin,3195,129.9,189,46.0,84.5,1,1.18,1,1556,13.5,0,23.61434,90.98221
PHC-0871,India - Tripura,Amoxicillin,611,59.4,220,73.5,76.3,7,0.76,0,305,13.6,0,23.61434,90.98221
PHC-0871,India - Tripura,Insulin,1905,135.7,322,63.4,78.8,13,0.77,0,786,18.2,0,23.61434,90.98221
PHC-0871,India - Tripura,Paracetamol,656,210.3,281,51.2,77.3,7,1.29,0,1963,2.4,1,23.61434,90.98221
PHC-0871,India - Tripura,ORS,1938,219.5,480,67.3,86.0,5,1.07,0,2025,8.2,0,23.61434,90.98221
PHC-0872,South Africa - Cape Town,Paracetamol,5559,305.6,656,51.1,98.5,12,0.85,0,2558,21.4,0,-34.29715,18.31512
PHC-0872,South Africa - Cape Town,Amoxicillin,703,43.3,94,74.2,62.8,1,1.16,0,296,14.0,0,-34.29715,18.31512
PHC-0872,South Africa - Cape Town,ORS,268,22.9,78,55.0,71.5,11,1.2,1,248,6.3,1,-34.29715,18.31512
PHC-0872,South Africa - Cape Town,Insulin,401,45.8,123,72.5,75.3,8,1.24,0,348,7.1,0,-34.29715,18.31512
PHC-0872,South Africa - Cape Town,Azithromycin,187,82.8,115,76.9,73.5,6,0.79,0,394,2.9,1,-34.29715,18.31512
PHC-0873,India - Goa,Amoxicillin,2180,308.7,576,30.5,75.1,5,1.07,0,3064,6.6,1,15.60726,73.84809
PHC-0873,India - Goa,ORS,6584,306.9,569,54.9,90.6,7,0.74,0,2108,28.8,0,15.60726,73.84809
PHC-0873,India - Goa,Paracetamol,287,69.9,169,39.4,68.2,6,0.89,0,401,4.6,1,15.60726,73.84809
PHC-0873,India - Goa,Azithromycin,345,21.3,82,55.6,57.7,7,0.87,0,108,18.7,0,15.60726,73.84809
PHC-0873,India - Goa,Insulin,458,59.9,96,68.2,76.4,9,1.29,0,459,5.9,1,15.60726,73.84809
PHC-0874,India - Bihar,Azithromycin,2101,143.3,345,34.3,87.2,4,0.77,0,850,19.0,0,25.76836,85.3077
PHC-0874,India - Bihar,Insulin,1591,65.3,90,63.3,79.0,5,0.85,0,326,28.7,0,25.76836,85.3077
PHC-0874,India - Bihar,Amoxicillin,7316,405.5,656,48.9,89.3,14,1.38,1,8516,8.5,0,25.76836,85.3077
PHC-0874,India - Bihar,Paracetamol,1958,81.0,366,66.8,56.7,9,0.76,0,479,31.9,0,25.76836,85.3077
PHC-0874,India - Bihar,ORS,11402,480.7,674,69.3,99.2,12,0.8,0,3856,29.5,0,25.76836,85.3077
PHC-0875,India - Uttarakhand,Azithromycin,3147,161.0,346,52.9,89.5,14,1.23,0,1516,15.9,0,30.18931,78.7724
PHC-0875,India - Uttarakhand,Paracetamol,2979,133.2,463,69.9,73.2,1,1.36,0,1542,16.4,0,30.18931,78.7724
PHC-0875,India - Uttarakhand,Amoxicillin,388,38.1,63,60.3,87.5,5,1.0,0,217,10.2,0,30.18931,78.7724
PHC-0875,India - Uttarakhand,Insulin,3122,221.2,334,87.9,82.8,1,0.84,0,1410,16.8,0,30.18931,78.7724
PHC-0875,India - Uttarakhand,ORS,1019,69.7,119,73.3,88.9,6,0.89,1,586,10.6,0,30.18931,78.7724
PHC-0876,India - Himachal Pradesh,Paracetamol,913,41.2,121,75.2,84.9,11,0.97,1,376,14.8,0,31.18205,76.51813
PHC-0876,India - Himachal Pradesh,Insulin,2013,145.5,515,91.7,59.6,14,0.91,1,1814,9.8,0,31.18205,76.51813
PHC-0876,India - Himachal Pradesh,Amoxicillin,4823,448.9,624,65.9,75.4,7,1.02,1,6827,6.8,1,31.18205,76.51813
PHC-0876,India - Himachal Pradesh,ORS,3950,412.3,576,97.6,86.8,10,0.79,0,3031,12.1,0,31.18205,76.51813
PHC-0876,India - Himachal Pradesh,Azithromycin,2773,118.6,442,95.3,55.6,4,0.8,0,788,29.3,0,31.18205,76.51813
PHC-0877,Russia - Saint Petersburg,ORS,109,22.6,77,71.3,98.6,14,1.2,1,243,2.6,1,59.32082,30.31607
PHC-0877,Russia - Saint Petersburg,Paracetamol,2647,148.9,577,88.6,59.6,13,1.16,0,1599,15.4,0,59.32082,30.31607
PHC-0877,Russia - Saint Petersburg,Insulin,991,93.6,359,76.0,80.0,12,0.78,0,569,13.5,0,59.32082,30.31607
PHC-0877,Russia - Saint Petersburg,Amoxicillin,5391,300.1,404,30.7,88.5,13,1.15,0,2788,15.6,0,59.32082,30.31607
PHC-0877,Russia - Saint Petersburg,Azithromycin,466,118.9,530,73.5,70.2,4,1.06,0,1132,3.7,1,59.32082,30.31607
PHC-0878,South Africa - Cape Town,Insulin,3939,335.7,695,57.9,74.4,1,0.78,0,2647,15.1,0,-33.96263,18.25605
PHC-0878,South Africa - Cape Town,ORS,1948,121.6,274,38.8,91.6,10,0.96,0,837,16.7,0,-33.96263,18.25605
PHC-0878,South Africa - Cape Town,Paracetamol,4734,237.8,573,37.5,58.4,7,0.77,1,2631,16.7,0,-33.96263,18.25605
PHC-0878,South Africa - Cape Town,Amoxicillin,3526,286.8,511,35.8,91.9,13,0.83,0,2108,14.8,0,-33.96263,18.25605
PHC-0878,South Africa - Cape Town,Azithromycin,3536,165.0,585,83.4,92.7,12,1.17,0,1808,18.3,0,-33.96263,18.25605
PHC-0879,South Africa - Johannesburg,Insulin,8769,375.6,677,48.5,98.8,14,1.34,0,5017,17.5,0,-26.00786,28.29413
PHC-0879,South Africa - Johannesburg,Paracetamol,5224,251.6,576,38.6,78.7,9,1.05,0,2455,19.8,0,-26.00786,28.29413
PHC-0879,South Africa - Johannesburg,ORS,3085,268.1,583,88.2,61.3,14,0.9,0,2255,12.8,0,-26.00786,28.29413
PHC-0879,South Africa - Johannesburg,Azithromycin,5209,326.5,484,51.7,76.1,14,1.1,0,3102,14.5,0,-26.00786,28.29413
PHC-0879,South Africa - Johannesburg,Amoxicillin,786,34.4,170,73.6,61.5,4,1.39,0,308,16.4,0,-26.00786,28.29413
PHC-0880,India - Kerala,Azithromycin,622,86.1,149,42.3,92.7,14,0.73,0,395,9.9,0,8.19412,76.5903
PHC-0880,India - Kerala,ORS,880,60.9,361,69.0,55.8,10,0.96,0,457,15.0,0,8.19412,76.5903
PHC-0880,India - Kerala,Amoxicillin,2923,163.6,640,75.8,89.8,14,0.93,0,1488,19.1,0,8.19412,76.5903
PHC-0880,India - Kerala,Insulin,6306,325.5,584,33.3,88.9,8,0.78,0,2367,24.9,0,8.19412,76.5903
PHC-0880,India - Kerala,Paracetamol,1509,62.4,312,73.4,65.1,8,0.74,0,341,32.9,0,8.19412,76.5903
PHC-0881,India - Chhattisgarh,Amoxicillin,2544,216.2,644,64.4,63.3,6,0.97,0,2050,12.1,0,21.31055,80.98029
PHC-0881,India - Chhattisgarh,Azithromycin,1046,320.9,437,33.0,95.0,1,1.38,0,3688,2.4,1,21.31055,80.98029
PHC-0881,India - Chhattisgarh,ORS,4129,229.0,438,82.5,60.1,2,0.97,0,1854,18.5,0,21.31055,80.98029
PHC-0881,India - Chhattisgarh,Paracetamol,2739,199.9,594,72.6,94.0,10,1.34,0,2528,10.2,0,21.31055,80.98029
PHC-0881,India - Chhattisgarh,Insulin,356,53.0,78,33.6,74.7,3,1.18,0,363,5.7,1,21.31055,80.98029
PHC-0882,India - Madhya Pradesh,ORS,2089,97.2,243,58.5,74.9,8,1.1,0,746,19.5,0,23.18689,77.41493
PHC-0882,India - Madhya Pradesh,Insulin,1984,91.9,631,60.7,95.8,11,1.08,0,956,20.1,0,23.18689,77.41493
PHC-0882,India - Madhya Pradesh,Paracetamol,2662,199.6,480,90.8,94.9,3,1.04,0,1788,12.8,0,23.18689,77.41493
PHC-0882,India - Madhya Pradesh,Azithromycin,3597,348.7,486,44.4,97.5,12,1.11,0,3347,9.3,0,23.18689,77.41493
PHC-0882,India - Madhya Pradesh,Amoxicillin,735,109.8,633,49.8,79.8,6,1.06,0,1128,6.3,1,23.18689,77.41493
PHC-0883,India - Goa,Insulin,1415,140.1,358,67.0,83.3,13,0.76,0,823,13.3,0,15.20531,73.64116
PHC-0883,India - Goa,ORS,646,63.3,174,68.7,86.0,2,1.26,0,516,8.1,0,15.20531,73.64116
PHC-0883,India - Goa,Amoxicillin,1766,135.7,243,70.0,75.0,3,0.99,0,935,13.1,0,15.20531,73.64116
PHC-0883,India - Goa,Paracetamol,5781,302.7,454,62.4,64.6,8,0.71,0,1817,26.8,0,15.20531,73.64116
PHC-0883,India - Goa,Azithromycin,1491,85.7,441,52.2,56.4,4,1.01,0,719,17.3,0,15.20531,73.64116
PHC-0884,India - Kerala,ORS,3266,298.4,475,77.1,65.1,10,0.84,1,3344,8.4,0,8.4581,76.97178
PHC-0884,India - Kerala,Amoxicillin,565,86.4,523,61.4,93.1,8,1.33,0,1022,4.9,1,8.4581,76.97178
PHC-0884,India - Kerala,Azithromycin,1434,82.2,418,66.2,88.2,1,1.12,0,750,15.6,0,8.4581,76.97178
PHC-0884,India - Kerala,Insulin,3090,169.0,514,70.6,97.6,4,0.8,1,1859,14.7,0,8.4581,76.97178
PHC-0884,India - Kerala,Paracetamol,231,82.8,246,50.2,64.0,4,0.85,0,492,3.3,1,8.4581,76.97178
PHC-0885,India - Maharashtra,ORS,433,17.5,133,57.9,76.5,14,1.1,0,119,22.4,0,19.4583,72.77698
PHC-0885,India - Maharashtra,Paracetamol,5371,272.7,680,89.2,61.6,3,0.88,0,2413,22.3,0,19.4583,72.77698
PHC-0885,India - Maharashtra,Azithromycin,1032,95.4,310,77.7,63.9,6,0.74,0,526,14.6,0,19.4583,72.77698
PHC-0885,India - Maharashtra,Insulin,1250,83.8,302,89.9,68.2,8,0.83,0,511,18.0,0,19.4583,72.77698
PHC-0885,India - Maharashtra,Amoxicillin,2688,131.5,295,88.4,99.8,14,1.3,0,1252,15.7,0,19.4583,72.77698
PHC-0886,India - Uttarakhand,ORS,4268,238.1,470,70.0,70.2,13,0.87,0,1778,20.5,0,30.16035,78.18318
PHC-0886,India - Uttarakhand,Paracetamol,2246,329.1,472,87.3,55.9,14,1.11,1,4854,4.0,1,30.16035,78.18318
PHC-0886,India - Uttarakhand,Insulin,1040,63.0,126,56.5,87.6,14,0.87,0,337,18.9,0,30.16035,78.18318
PHC-0886,India - Uttarakhand,Azithromycin,847,49.0,310,59.7,56.9,12,0.81,0,295,21.3,0,30.16035,78.18318
PHC-0886,India - Uttarakhand,Amoxicillin,5453,360.5,693,59.4,92.9,4,1.23,0,4469,12.3,0,30.16035,78.18318
PHC-0887,India - Karnataka,Azithromycin,575,48.1,82,95.2,56.8,5,0.97,0,271,12.3,0,12.81803,77.86664
PHC-0887,India - Karnataka,Insulin,1071,65.9,156,70.7,58.6,12,1.25,0,521,13.0,0,12.81803,77.86664
PHC-0887,India - Karnataka,Amoxicillin,3568,191.3,644,77.6,96.1,9,0.78,1,2263,15.4,0,12.81803,77.86664
PHC-0887,India - Karnataka,ORS,426,23.1,75,47.9,65.6,13,1.15,0,153,16.1,0,12.81803,77.86664
PHC-0887,India - Karnataka,Paracetamol,5083,212.7,397,32.3,56.0,2,0.75,0,1285,31.8,0,12.81803,77.86664
PHC-0888,India - Punjab,Paracetamol,4446,188.4,446,74.2,97.6,14,1.05,0,1651,22.6,0,31.24285,76.30209
PHC-0888,India - Punjab,ORS,2033,125.6,234,63.1,77.6,5,0.82,1,1098,12.8,0,31.24285,76.30209
PHC-0888,India - Punjab,Insulin,929,51.1,237,79.4,57.0,7,0.93,0,329,19.5,0,31.24285,76.30209
PHC-0888,India - Punjab,Azithromycin,505,56.8,180,80.1,64.9,12,1.33,0,491,6.7,1,31.24285,76.30209
PHC-0888,India - Punjab,Amoxicillin,1277,219.8,641,69.8,63.5,13,0.89,0,1897,6.6,1,31.24285,76.30209
PHC-0889,India - Jammu & Kashmir,Azithromycin,629,35.0,112,80.5,87.1,10,1.34,1,439,8.7,0,33.47675,76.58486
PHC-0889,India - Jammu & Kashmir,Amoxicillin,1496,74.4,231,83.2,58.2,3,1.37,0,701,14.6,0,33.47675,76.58486
PHC-0889,India - Jammu & Kashmir,ORS,2015,149.0,599,60.0,71.2,13,0.86,0,1209,15.7,0,33.47675,76.58486
PHC-0889,India - Jammu & Kashmir,Paracetamol,4433,280.2,617,47.8,97.1,13,1.36,0,3635,11.7,0,33.47675,76.58486
PHC-0889,India - Jammu & Kashmir,Insulin,921,58.7,220,86.6,98.5,5,0.75,0,298,21.0,0,33.47675,76.58486
PHC-0890,India - Haryana,ORS,308,27.6,106,66.8,91.8,13,1.28,0,211,8.8,0,29.06395,76.04567
PHC-0890,India - Haryana,Azithromycin,305,16.3,60,94.9,67.8,8,0.84,0,78,22.3,0,29.06395,76.04567
PHC-0890,India - Haryana,Paracetamol,612,120.0,259,43.6,84.8,10,1.01,0,852,5.1,1,29.06395,76.04567
PHC-0890,India - Haryana,Amoxicillin,166,69.8,456,47.7,68.0,9,0.77,0,456,3.1,1,29.06395,76.04567
PHC-0890,India - Haryana,Insulin,7627,371.3,644,42.3,84.6,3,0.86,1,4849,15.3,0,29.06395,76.04567
PHC-0891,India - Punjab,Insulin,2157,125.4,376,37.9,67.8,3,1.3,0,1286,13.2,0,30.38005,75.88244
PHC-0891,India - Punjab,Amoxicillin,692,250.0,548,84.7,65.0,3,0.79,0,1801,3.5,1,30.38005,75.88244
PHC-0891,India - Punjab,ORS,1892,255.9,439,65.8,98.6,12,1.03,1,3415,4.6,1,30.38005,75.88244
PHC-0891,India - Punjab,Paracetamol,696,108.3,166,93.0,93.4,10,1.25,1,1345,3.3,1,30.38005,75.88244
PHC-0891,India - Punjab,Azithromycin,1521,89.9,186,85.8,88.7,12,1.11,0,656,15.2,0,30.38005,75.88244
PHC-0892,Brazil - Brasilia,ORS,288,20.5,82,38.7,84.7,12,1.23,0,147,11.4,0,-16.05892,-47.8499
PHC-0892,Brazil - Brasilia,Azithromycin,1315,78.7,234,91.2,87.5,8,0.72,0,388,23.3,0,-16.05892,-47.8499
PHC-0892,Brazil - Brasilia,Paracetamol,3571,228.9,523,92.0,94.3,11,0.76,0,1544,20.6,0,-16.05892,-47.8499
PHC-0892,Brazil - Brasilia,Amoxicillin,921,113.6,173,39.5,81.9,9,1.03,0,754,7.9,0,-16.05892,-47.8499
PHC-0892,Brazil - Brasilia,Insulin,110,33.6,105,34.0,64.0,14,0.78,0,157,4.2,1,-16.05892,-47.8499
PHC-0893,India - Uttarakhand,ORS,768,66.3,89,55.0,85.7,14,0.96,0,373,12.1,0,29.93512,78.112
PHC-0893,India - Uttarakhand,Amoxicillin,627,54.3,221,88.7,79.9,9,1.2,0,442,9.6,0,29.93512,78.112
PHC-0893,India - Uttarakhand,Insulin,808,51.4,168,37.7,81.9,7,0.77,1,395,13.1,0,29.93512,78.112
PHC-0893,India - Uttarakhand,Azithromycin,1075,53.6,229,79.4,87.8,11,0.93,0,343,21.4,0,29.93512,78.112
PHC-0893,India - Uttarakhand,Paracetamol,2667,179.1,501,46.6,94.4,9,1.37,0,2152,10.9,0,29.93512,78.112
PHC-0894,China - Beijing,Paracetamol,3507,378.2,587,82.8,75.4,12,0.94,1,5179,6.3,1,39.95282,116.60275
PHC-0894,China - Beijing,Amoxicillin,488,29.4,190,74.7,83.6,7,0.95,0,184,17.4,0,39.95282,116.60275
PHC-0894,China - Beijing,Azithromycin,337,48.3,117,71.7,91.5,5,0.77,0,225,9.1,0,39.95282,116.60275
PHC-0894,China - Beijing,Insulin,523,55.3,171,68.4,76.9,11,0.79,0,280,12.0,0,39.95282,116.60275
PHC-0894,China - Beijing,ORS,2031,103.7,162,41.4,89.1,3,1.16,1,1194,10.9,0,39.95282,116.60275
PHC-0895,India - Uttar Pradesh,ORS,2123,100.9,243,49.5,98.4,11,0.92,0,643,22.9,0,26.94705,81.11978
PHC-0895,India - Uttar Pradesh,Azithromycin,7146,354.3,503,59.9,95.7,3,0.87,0,2711,23.1,0,26.94705,81.11978
PHC-0895,India - Uttar Pradesh,Paracetamol,888,64.2,161,39.9,60.2,2,0.97,0,398,14.2,0,26.94705,81.11978
PHC-0895,India - Uttar Pradesh,Amoxicillin,1002,174.7,388,30.9,84.0,9,1.24,0,1727,4.6,1,26.94705,81.11978
PHC-0895,India - Uttar Pradesh,Insulin,8790,447.1,616,52.7,93.3,9,1.08,0,4634,18.1,0,26.94705,81.11978
PHC-0896,China - Beijing,Paracetamol,1530,84.0,522,48.4,74.1,6,1.32,0,987,13.8,0,39.52285,115.94958
PHC-0896,China - Beijing,Amoxicillin,2471,204.8,423,33.7,68.3,1,0.87,0,1459,13.9,0,39.52285,115.94958
PHC-0896,China - Beijing,Azithromycin,2627,198.1,635,48.1,97.8,12,1.24,0,2385,10.7,0,39.52285,115.94958
PHC-0896,China - Beijing,Insulin,795,204.4,642,59.3,80.4,11,0.94,0,1881,4.1,1,39.52285,115.94958
PHC-0896,China - Beijing,ORS,8074,357.8,523,69.1,83.3,11,1.07,0,3421,21.0,0,39.52285,115.94958
PHC-0897,Brazil - Rio de Janeiro,Paracetamol,605,29.3,100,48.3,82.4,4,0.94,0,164,22.0,0,-23.22322,-43.53538
PHC-0897,Brazil - Rio de Janeiro,Amoxicillin,3028,330.9,442,53.8,63.9,9,1.02,0,2829,8.9,0,-23.22322,-43.53538
PHC-0897,Brazil - Rio de Janeiro,Azithromycin,675,293.2,404,84.8,86.1,3,1.33,0,3159,1.7,1,-23.22322,-43.53538
PHC-0897,Brazil - Rio de Janeiro,Insulin,589,53.2,352,82.4,59.9,10,1.25,0,512,8.9,0,-23.22322,-43.53538
PHC-0897,Brazil - Rio de Janeiro,ORS,798,210.1,398,72.5,96.1,5,0.77,0,1293,5.0,1,-23.22322,-43.53538
PHC-0898,Brazil - Rio de Janeiro,Insulin,180,67.5,316,52.1,78.1,6,1.33,0,671,2.0,1,-22.91368,-43.20157
PHC-0898,Brazil - Rio de Janeiro,Azithromycin,3538,161.2,381,88.7,93.6,11,0.98,0,1252,22.4,0,-22.91368,-43.20157
PHC-0898,Brazil - Rio de Janeiro,ORS,2275,140.7,533,95.4,82.3,3,0.99,0,1249,16.4,0,-22.91368,-43.20157
PHC-0898,Brazil - Rio de Janeiro,Amoxicillin,317,76.4,302,36.4,93.3,10,0.97,1,843,2.8,1,-22.91368,-43.20157
PHC-0898,Brazil - Rio de Janeiro,Paracetamol,7335,348.9,628,89.5,62.3,7,0.85,0,2867,24.7,0,-22.91368,-43.20157
PHC-0899,India - Punjab,Paracetamol,5694,305.2,481,76.8,56.8,14,0.76,0,1995,24.6,0,30.79326,76.28028
PHC-0899,India - Punjab,ORS,1451,124.4,694,84.0,69.4,13,1.35,1,2632,5.6,1,30.79326,76.28028
PHC-0899,India - Punjab,Azithromycin,1188,222.1,437,60.0,95.4,1,0.75,1,2150,4.6,1,30.79326,76.28028
PHC-0899,India - Punjab,Amoxicillin,2493,244.6,451,47.1,74.5,14,0.83,0,1698,12.3,0,30.79326,76.28028
PHC-0899,India - Punjab,Insulin,399,160.9,299,50.5,85.4,1,0.82,0,971,3.0,1,30.79326,76.28028
PHC-0900,India - West Bengal,Paracetamol,662,73.4,367,79.2,84.4,7,0.97,1,861,6.0,1,22.2879,87.87221
PHC-0900,India - West Bengal,Insulin,2482,206.0,410,34.1,73.6,12,1.08,1,2805,7.2,0,22.2879,87.87221
PHC-0900,India - West Bengal,Azithromycin,2988,121.9,639,81.3,85.7,14,1.33,0,1579,18.4,0,22.2879,87.87221
PHC-0900,India - West Bengal,ORS,396,90.3,135,78.2,91.4,6,1.32,0,738,3.3,1,22.2879,87.87221
PHC-0900,India - West Bengal,Amoxicillin,1829,83.9,482,62.8,83.1,10,1.3,0,937,16.8,0,22.2879,87.87221
PHC-0901,India - West Bengal,Insulin,908,90.8,654,59.4,59.4,12,1.23,0,1094,8.2,0,22.7423,88.14282
PHC-0901,India - West Bengal,Paracetamol,2268,231.4,447,79.4,63.1,1,0.7,0,1359,14.0,0,22.7423,88.14282
PHC-0901,India - West Bengal,ORS,5083,319.9,541,31.0,81.6,7,1.04,0,2999,15.3,0,22.7423,88.14282
PHC-0901,India - West Bengal,Amoxicillin,3703,224.0,391,72.4,73.2,4,0.71,0,1269,23.3,0,22.7423,88.14282
PHC-0901,India - West Bengal,Azithromycin,4948,323.5,636,65.7,58.5,12,0.94,0,2961,16.2,0,22.7423,88.14282
PHC-0902,India - Goa,Insulin,5290,251.7,379,52.7,75.8,5,1.37,0,2728,15.3,0,14.93624,73.56938
PHC-0902,India - Goa,Paracetamol,641,62.2,102,48.8,92.4,1,1.38,0,511,7.5,0,14.93624,73.56938
PHC-0902,India - Goa,Amoxicillin,1127,49.8,168,89.0,95.6,6,0.73,0,233,31.0,0,14.93624,73.56938
PHC-0902,India - Goa,Azithromycin,227,49.5,220,47.7,86.9,8,1.17,0,394,3.9,1,14.93624,73.56938
PHC-0902,India - Goa,ORS,3788,285.1,473,51.3,82.5,1,1.26,0,3075,10.5,0,14.93624,73.56938
PHC-0903,China - Shenzhen,Insulin,3245,333.5,684,64.7,92.6,10,1.4,0,4677,7.0,1,22.94799,113.6872
PHC-0903,China - Shenzhen,Paracetamol,3072,156.4,279,46.5,74.1,12,1.09,0,1227,18.0,0,22.94799,113.6872
PHC-0903,China - Shenzhen,ORS,4688,216.3,295,86.3,92.4,9,1.26,0,1987,17.3,0,22.94799,113.6872
PHC-0903,China - Shenzhen,Amoxicillin,2363,280.1,425,79.3,60.0,4,1.08,0,2496,7.8,0,22.94799,113.6872
PHC-0903,China - Shenzhen,Azithromycin,307,130.4,198,37.8,96.6,10,0.87,0,751,2.7,1,22.94799,113.6872
PHC-0904,India - Jammu & Kashmir,Insulin,2571,140.2,398,48.8,99.9,14,0.85,0,953,21.7,0,33.75042,76.8163
PHC-0904,India - Jammu & Kashmir,Amoxicillin,1956,129.2,179,46.8,61.1,3,1.31,0,1103,11.5,0,33.75042,76.8163
PHC-0904,India - Jammu & Kashmir,Paracetamol,6187,313.2,621,76.4,92.6,10,0.73,0,2184,27.2,0,33.75042,76.8163
PHC-0904,India - Jammu & Kashmir,ORS,2706,181.6,484,70.4,96.6,2,1.35,0,2111,11.1,0,33.75042,76.8163
PHC-0904,India - Jammu & Kashmir,Azithromycin,4373,182.1,320,35.7,82.8,10,0.99,0,1343,24.4,0,33.75042,76.8163
PHC-0905,India - Gujarat,Amoxicillin,2824,180.0,551,72.4,85.0,2,1.4,0,2289,11.2,0,23.38183,72.15614
PHC-0905,India - Gujarat,Azithromycin,1094,79.7,385,56.1,96.1,2,1.06,0,669,13.0,0,23.38183,72.15614
PHC-0905,India - Gujarat,Insulin,7258,394.1,634,65.9,65.6,13,1.1,0,4189,16.8,0,23.38183,72.15614
PHC-0905,India - Gujarat,ORS,2799,202.2,308,34.7,56.4,8,1.3,0,1950,10.6,0,23.38183,72.15614
PHC-0905,India - Gujarat,Paracetamol,882,112.7,185,80.1,58.4,8,1.22,0,903,6.4,1,23.38183,72.15614
PHC-0906,India - Odisha,Amoxicillin,2682,130.5,268,67.5,75.2,12,1.16,0,1079,17.7,0,20.4162,85.90634
PHC-0906,India - Odisha,Paracetamol,910,247.8,358,92.3,63.2,13,1.18,0,2262,3.1,1,20.4162,85.90634
PHC-0906,India - Odisha,Azithromycin,1455,75.1,393,60.1,76.9,4,1.23,0,741,15.7,0,20.4162,85.90634
PHC-0906,India - Odisha,Insulin,3350,185.2,256,74.3,70.0,2,1.4,0,1822,13.0,0,20.4162,85.90634
PHC-0906,India - Odisha,ORS,548,28.8,90,46.1,69.1,3,1.07,0,182,17.7,0,20.4162,85.90634
PHC-0907,India - Maharashtra,Insulin,8226,458.5,625,36.8,71.5,2,0.76,0,3336,23.7,0,19.27282,72.04795
PHC-0907,India - Maharashtra,Amoxicillin,1152,49.6,319,55.4,65.6,10,0.79,0,294,29.3,0,19.27282,72.04795
PHC-0907,India - Maharashtra,Azithromycin,4663,229.0,542,45.4,69.3,12,0.99,0,2048,20.6,0,19.27282,72.04795
PHC-0907,India - Maharashtra,Paracetamol,249,10.0,63,75.3,57.5,2,1.24,0,71,20.1,0,19.27282,72.04795
PHC-0907,India - Maharashtra,ORS,613,234.9,327,95.6,62.5,12,0.91,0,1608,2.9,1,19.27282,72.04795
PHC-0908,India - Uttarakhand,Amoxicillin,1005,169.2,528,96.0,90.9,5,1.39,0,2098,4.3,1,30.04533,78.07837
PHC-0908,India - Uttarakhand,Insulin,2377,147.4,322,73.2,59.2,2,1.29,0,1427,12.5,0,30.04533,78.07837
PHC-0908,India - Uttarakhand,Paracetamol,453,154.5,353,44.6,99.9,6,1.09,0,1297,2.7,1,30.04533,78.07837
PHC-0908,India - Uttarakhand,ORS,3785,162.6,688,84.8,79.6,5,1.37,0,2237,17.0,0,30.04533,78.07837
PHC-0908,India - Uttarakhand,Azithromycin,3211,149.2,360,91.2,75.8,13,0.82,0,956,26.1,0,30.04533,78.07837
PHC-0909,India - Jammu & Kashmir,ORS,614,298.7,431,39.4,55.4,2,1.39,0,3434,1.5,1,33.94716,76.85628
PHC-0909,India - Jammu & Kashmir,Amoxicillin,377,35.8,184,96.4,79.7,3,0.95,0,222,11.1,0,33.94716,76.85628
PHC-0909,India - Jammu & Kashmir,Insulin,1331,113.2,254,79.6,63.6,2,0.8,0,633,14.8,0,33.94716,76.85628
PHC-0909,India - Jammu & Kashmir,Azithromycin,3794,188.1,434,87.2,96.2,11,0.96,1,2331,13.5,0,33.94716,76.85628
PHC-0909,India - Jammu & Kashmir,Paracetamol,4731,321.1,625,31.3,80.2,10,1.25,1,5965,7.6,0,33.94716,76.85628
PHC-0910,India - Bihar,Insulin,1609,105.9,197,96.8,57.0,9,0.99,0,693,15.4,0,25.81296,85.055
PHC-0910,India - Bihar,Azithromycin,1708,121.6,254,84.9,96.3,3,0.88,0,753,15.9,0,25.81296,85.055
PHC-0910,India - Bihar,Amoxicillin,881,133.3,248,48.5,79.7,8,0.7,0,654,9.4,0,25.81296,85.055
PHC-0910,India - Bihar,ORS,5514,253.0,358,72.4,95.1,3,1.39,0,2730,15.7,0,25.81296,85.055
PHC-0910,India - Bihar,Paracetamol,2563,123.7,307,77.9,76.3,9,1.05,0,961,19.7,0,25.81296,85.055
PHC-0911,Russia - Novosibirsk,Azithromycin,1733,91.5,394,62.7,78.5,14,0.78,0,568,24.4,0,54.84058,83.07573
PHC-0911,Russia - Novosibirsk,Amoxicillin,3640,179.0,500,96.1,91.6,9,0.98,0,1541,20.7,0,54.84058,83.07573
PHC-0911,Russia - Novosibirsk,Insulin,961,78.2,140,88.3,84.3,3,0.82,0,399,15.0,0,54.84058,83.07573
PHC-0911,Russia - Novosibirsk,ORS,1011,100.4,152,75.5,62.8,10,1.33,0,845,7.6,0,54.84058,83.07573
PHC-0911,Russia - Novosibirsk,Paracetamol,6095,257.9,697,79.0,61.9,11,1.09,0,2835,21.8,0,54.84058,83.07573
PHC-0912,India - Odisha,Insulin,4448,326.6,498,78.8,67.8,12,0.94,1,4176,9.3,0,19.91834,86.04095
PHC-0912,India - Odisha,Azithromycin,508,40.5,245,56.9,65.4,11,1.4,0,394,9.0,0,19.91834,86.04095
PHC-0912,India - Odisha,Amoxicillin,1934,383.6,586,55.6,83.5,5,0.94,0,3358,5.4,1,19.91834,86.04095
PHC-0912,India - Odisha,Paracetamol,2094,95.1,132,37.6,80.6,8,1.16,0,679,19.0,0,19.91834,86.04095
PHC-0912,India - Odisha,ORS,1410,122.2,246,91.5,62.4,4,0.73,1,962,10.2,0,19.91834,86.04095
PHC-0913,Brazil - Brasilia,Amoxicillin,1261,66.5,125,54.3,97.6,4,1.38,0,561,13.8,0,-15.7456,-48.95232
PHC-0913,Brazil - Brasilia,Paracetamol,5393,384.4,550,39.4,87.9,2,1.18,0,4131,11.9,0,-15.7456,-48.95232
PHC-0913,Brazil - Brasilia,ORS,7121,293.0,441,57.6,61.1,4,0.95,0,2312,25.7,0,-15.7456,-48.95232
PHC-0913,Brazil - Brasilia,Insulin,112,51.5,102,85.5,93.0,5,1.25,0,384,1.7,1,-15.7456,-48.95232
PHC-0913,Brazil - Brasilia,Azithromycin,2002,182.7,522,78.2,93.0,9,1.28,0,2086,8.5,0,-15.7456,-48.95232
PHC-0914,India - Punjab,Paracetamol,3555,410.0,577,89.1,88.3,12,1.1,0,4175,7.9,0,30.45267,76.51017
PHC-0914,India - Punjab,ORS,575,146.9,592,78.4,65.0,5,1.05,1,2238,2.4,1,30.45267,76.51017
PHC-0914,India - Punjab,Insulin,1520,80.4,355,44.6,90.1,10,0.75,0,469,25.0,0,30.45267,76.51017
PHC-0914,India - Punjab,Azithromycin,713,130.5,440,44.6,71.2,14,1.29,0,1398,4.2,1,30.45267,76.51017
PHC-0914,India - Punjab,Amoxicillin,3938,442.9,666,35.2,56.2,1,1.33,0,5837,6.7,1,30.45267,76.51017
PHC-0915,India - Rajasthan,Azithromycin,7189,335.8,641,30.7,76.6,13,1.12,0,3671,19.1,0,26.21555,76.22234
PHC-0915,India - Rajasthan,Insulin,1174,137.3,667,86.0,56.2,3,1.12,0,1528,7.6,0,26.21555,76.22234
PHC-0915,India - Rajasthan,Paracetamol,975,173.5,622,61.7,65.4,9,0.96,0,1607,5.8,1,26.21555,76.22234
PHC-0915,India - Rajasthan,Amoxicillin,1315,96.2,189,67.9,76.2,14,1.09,0,692,12.5,0,26.21555,76.22234
PHC-0915,India - Rajasthan,ORS,2961,269.5,437,37.4,83.9,7,1.26,0,2815,8.7,0,26.21555,76.22234
PHC-0916,India - Assam,Paracetamol,4246,210.2,673,52.1,88.0,8,0.81,0,1701,24.9,0,26.14467,92.12673
PHC-0916,India - Assam,Amoxicillin,2129,98.8,348,40.2,56.5,2,1.3,0,985,16.6,0,26.14467,92.12673
PHC-0916,India - Assam,ORS,1008,44.1,255,64.3,59.0,9,1.14,0,355,20.0,0,26.14467,92.12673
PHC-0916,India - Assam,Azithromycin,1136,83.0,220,72.1,61.6,5,1.23,0,692,11.1,0,26.14467,92.12673
PHC-0916,India - Assam,Insulin,220,17.9,76,68.2,84.1,10,1.25,0,130,9.8,0,26.14467,92.12673
PHC-0917,India - Goa,Paracetamol,2572,330.0,578,82.2,55.2,1,1.24,0,3816,6.3,1,15.6505,73.95705
PHC-0917,India - Goa,Amoxicillin,1398,244.5,461,64.5,77.7,13,1.32,0,2726,4.3,1,15.6505,73.95705
PHC-0917,India - Goa,ORS,2420,129.0,402,33.4,98.6,8,1.12,0,1170,16.7,0,15.6505,73.95705
PHC-0917,India - Goa,Azithromycin,1398,161.7,628,48.9,65.1,11,0.71,0,1109,12.2,0,15.6505,73.95705
PHC-0917,India - Goa,Insulin,2753,206.8,420,38.5,74.6,8,0.91,1,2378,9.5,0,15.6505,73.95705
PHC-0918,India - Rajasthan,ORS,560,103.9,634,85.1,92.3,2,1.13,0,1133,4.8,1,27.15412,76.5871
PHC-0918,India - Rajasthan,Paracetamol,474,55.5,149,69.5,57.8,5,0.71,0,249,12.0,0,27.15412,76.5871
PHC-0918,India - Rajasthan,Azithromycin,1395,70.2,127,71.6,99.5,4,1.15,0,495,17.3,0,27.15412,76.5871
PHC-0918,India - Rajasthan,Amoxicillin,2074,188.9,301,59.5,70.1,9,1.1,0,1533,10.0,0,27.15412,76.5871
PHC-0918,India - Rajasthan,Insulin,2206,227.0,454,64.6,90.1,14,1.26,0,2418,7.7,0,27.15412,76.5871
PHC-0919,India - Assam,Azithromycin,1619,67.9,495,34.6,61.7,10,1.14,0,674,20.9,0,25.58688,91.89633
PHC-0919,India - Assam,Paracetamol,417,198.7,383,73.7,93.6,11,1.3,0,2043,1.6,1,25.58688,91.89633
PHC-0919,India - Assam,ORS,1507,78.1,400,72.7,76.8,5,0.91,0,572,21.2,0,25.58688,91.89633
PHC-0919,India - Assam,Insulin,798,164.0,382,61.6,95.3,12,1.11,0,1441,4.4,1,25.58688,91.89633
PHC-0919,India - Assam,Amoxicillin,879,187.3,557,53.3,62.6,5,1.08,0,1846,4.4,1,25.58688,91.89633
PHC-0920,India - Assam,Paracetamol,2064,125.9,225,72.2,93.6,4,0.88,0,753,18.7,0,26.53952,92.16095
PHC-0920,India - Assam,Insulin,839,79.7,309,78.1,92.5,3,0.92,0,540,11.5,0,26.53952,92.16095
PHC-0920,India - Assam,Azithromycin,1356,75.8,124,57.7,70.3,13,1.21,0,560,14.8,0,26.53952,92.16095
PHC-0920,India - Assam,ORS,763,46.7,295,68.7,57.7,8,0.99,0,340,16.4,0,26.53952,92.16095
PHC-0920,India - Assam,Amoxicillin,411,44.5,64,32.0,95.4,12,1.29,0,327,7.2,0,26.53952,92.16095
PHC-0921,South Africa - Cape Town,Paracetamol,6746,387.1,635,32.8,98.1,5,1.09,0,4088,16.0,0,-33.51227,18.74471
PHC-0921,South Africa - Cape Town,Azithromycin,2712,173.1,370,36.8,79.5,1,1.0,0,1360,15.6,0,-33.51227,18.74471
PHC-0921,South Africa - Cape Town,ORS,4182,187.2,611,53.4,63.1,14,0.81,1,2230,17.9,0,-33.51227,18.74471
PHC-0921,South Africa - Cape Town,Insulin,1707,173.7,673,74.7,71.9,1,0.71,0,1236,13.8,0,-33.51227,18.74471
PHC-0921,South Africa - Cape Town,Amoxicillin,6783,273.5,403,53.3,60.5,13,0.75,0,1652,33.1,0,-33.51227,18.74471
PHC-0922,India - Maharashtra,Insulin,1155,89.4,256,44.3,60.3,7,0.85,1,827,9.8,0,19.98038,72.6175
PHC-0922,India - Maharashtra,Azithromycin,6181,290.8,490,37.0,60.5,14,0.76,0,1931,27.8,0,19.98038,72.6175
PHC-0922,India - Maharashtra,Amoxicillin,1156,48.5,312,74.5,62.7,11,1.27,0,459,18.7,0,19.98038,72.6175
PHC-0922,India - Maharashtra,Paracetamol,905,80.7,455,67.3,88.5,8,0.91,0,619,12.3,0,19.98038,72.6175
PHC-0922,India - Maharashtra,ORS,985,211.9,283,86.6,60.9,4,1.23,0,1887,3.8,1,19.98038,72.6175
PHC-0923,India - Punjab,ORS,474,93.1,256,58.4,87.4,11,0.81,0,529,6.3,1,30.79286,75.67842
PHC-0923,India - Punjab,Amoxicillin,6972,388.2,692,94.4,78.4,13,0.92,1,5604,12.6,0,30.79286,75.67842
PHC-0923,India - Punjab,Paracetamol,645,67.1,505,54.6,60.0,14,0.86,0,504,11.2,0,30.79286,75.67842
PHC-0923,India - Punjab,Insulin,2075,92.6,494,69.7,71.0,10,1.27,0,1020,17.7,0,30.79286,75.67842
PHC-0923,India - Punjab,Azithromycin,4321,210.0,312,83.0,87.8,11,0.96,0,1505,21.3,0,30.79286,75.67842
PHC-0924,India - Haryana,Insulin,1315,102.9,270,69.5,97.7,7,0.9,1,1022,9.2,0,28.74849,75.11306
PHC-0924,India - Haryana,ORS,1091,129.1,549,91.8,91.1,11,0.8,0,940,10.6,0,28.74849,75.11306
PHC-0924,India - Haryana,Paracetamol,1421,237.2,459,53.9,72.5,4,1.08,0,2161,5.6,1,28.74849,75.11306
PHC-0924,India - Haryana,Azithromycin,4023,240.6,382,91.4,90.6,11,0.73,0,1393,22.9,0,28.74849,75.11306
PHC-0924,India - Haryana,Amoxicillin,5676,233.9,407,30.2,65.7,10,1.28,1,3766,12.2,0,28.74849,75.11306
PHC-0925,India - Andhra Pradesh,Paracetamol,915,114.1,159,48.7,97.2,12,1.0,0,724,8.0,0,16.63928,80.46737
PHC-0925,India - Andhra Pradesh,Amoxicillin,2293,300.6,591,79.5,65.5,8,0.78,0,2211,9.7,0,16.63928,80.46737
PHC-0925,India - Andhra Pradesh,Azithromycin,2597,183.2,278,87.7,57.9,8,0.96,0,1267,14.8,0,16.63928,80.46737
PHC-0925,India - Andhra Pradesh,Insulin,4666,232.7,461,53.0,97.0,12,1.27,1,3881,10.2,0,16.63928,80.46737
PHC-0925,India - Andhra Pradesh,ORS,784,48.5,391,63.5,90.1,4,0.77,0,298,21.0,0,16.63928,80.46737
PHC-0926,India - Chhattisgarh,Insulin,692,325.1,674,40.6,77.5,3,0.73,0,2361,2.9,1,21.92738,81.63468
PHC-0926,India - Chhattisgarh,Azithromycin,4163,189.5,328,81.6,57.9,3,1.05,0,1498,21.0,0,21.92738,81.63468
PHC-0926,India - Chhattisgarh,Paracetamol,254,86.3,133,47.1,92.2,6,0.98,0,525,3.0,1,21.92738,81.63468
PHC-0926,India - Chhattisgarh,ORS,1862,92.5,424,42.1,98.3,14,1.25,0,950,16.1,0,21.92738,81.63468
PHC-0926,India - Chhattisgarh,Amoxicillin,1079,49.6,258,77.6,62.8,14,1.08,0,379,20.1,0,21.92738,81.63468
PHC-0927,China - Shenzhen,Azithromycin,2268,129.6,284,39.9,99.9,14,1.3,1,1891,8.7,0,22.6315,114.33924
PHC-0927,China - Shenzhen,Insulin,1297,182.7,565,64.8,58.7,11,1.09,0,1827,6.5,1,22.6315,114.33924
PHC-0927,China - Shenzhen,Amoxicillin,2485,323.9,630,79.9,69.0,11,0.87,0,2735,8.8,0,22.6315,114.33924
PHC-0927,China - Shenzhen,Paracetamol,630,78.9,243,31.5,68.5,3,1.03,0,563,7.8,0,22.6315,114.33924
PHC-0927,China - Shenzhen,ORS,560,209.5,642,35.1,71.0,3,1.05,0,2143,2.5,1,22.6315,114.33924
PHC-0928,South Africa - Durban,Azithromycin,2041,131.2,303,70.7,76.9,2,1.39,0,1341,11.2,0,-29.75227,31.49907
PHC-0928,South Africa - Durban,ORS,5214,427.0,575,39.1,69.7,14,0.95,1,5837,8.3,0,-29.75227,31.49907
PHC-0928,South Africa - Durban,Amoxicillin,298,120.9,533,86.5,80.1,14,1.23,0,1331,2.0,1,-29.75227,31.49907
PHC-0928,South Africa - Durban,Insulin,191,61.4,214,56.2,59.5,3,1.02,0,424,3.0,1,-29.75227,31.49907
PHC-0928,South Africa - Durban,Paracetamol,2274,470.5,687,74.6,65.8,1,1.29,0,6113,3.7,1,-29.75227,31.49907
PHC-0929,India - Haryana,Insulin,153,45.3,141,86.7,95.7,11,0.79,0,223,4.3,1,29.23364,76.20822
PHC-0929,India - Haryana,Azithromycin,4995,249.5,516,32.7,77.3,12,1.38,0,3044,14.5,0,29.23364,76.20822
PHC-0929,India - Haryana,Amoxicillin,1713,248.7,485,45.1,63.5,4,0.83,0,1791,8.3,0,29.23364,76.20822
PHC-0929,India - Haryana,ORS,7007,310.5,509,63.2,63.6,5,1.4,0,3828,16.1,0,29.23364,76.20822
PHC-0929,India - Haryana,Paracetamol,755,32.0,124,52.1,98.1,8,1.38,1,420,11.0,0,29.23364,76.20822
PHC-0930,China - Shanghai,Paracetamol,923,89.4,467,57.3,99.8,12,0.92,0,704,11.2,0,31.1291,121.61174
PHC-0930,China - Shanghai,Azithromycin,691,145.0,265,68.0,83.6,9,1.33,1,2127,2.3,1,31.1291,121.61174
PHC-0930,China - Shanghai,ORS,3059,172.5,683,63.3,88.5,4,1.29,0,2240,13.7,0,31.1291,121.61174
PHC-0930,China - Shanghai,Insulin,3608,148.5,517,59.3,93.4,13,0.84,0,1106,28.9,0,31.1291,121.61174
PHC-0930,China - Shanghai,Amoxicillin,7520,317.7,545,87.3,85.6,1,0.78,1,3496,19.5,0,31.1291,121.61174
PHC-0931,India - Punjab,ORS,327,155.6,425,69.1,66.3,6,1.35,0,1722,1.6,1,30.80536,75.99681
PHC-0931,India - Punjab,Insulin,3122,181.3,496,60.7,95.9,14,0.93,0,1466,18.6,0,30.80536,75.99681
PHC-0931,India - Punjab,Amoxicillin,3188,142.2,328,44.1,84.3,6,0.91,0,981,24.5,0,30.80536,75.99681
PHC-0931,India - Punjab,Azithromycin,3454,144.5,235,57.2,89.1,14,1.16,0,1152,20.7,0,30.80536,75.99681
PHC-0931,India - Punjab,Paracetamol,158,24.3,147,81.0,90.9,1,1.15,0,176,5.6,1,30.80536,75.99681
PHC-0932,India - Kerala,Paracetamol,293,31.7,140,63.7,77.3,11,0.77,0,152,12.0,0,8.96022,77.33909
PHC-0932,India - Kerala,Azithromycin,1462,124.9,178,59.9,81.0,2,1.25,0,1012,9.4,0,8.96022,77.33909
PHC-0932,India - Kerala,ORS,5070,419.0,604,30.9,66.1,10,1.36,0,5395,8.9,0,8.96022,77.33909
PHC-0932,India - Kerala,Insulin,3457,158.2,223,61.3,55.2,1,1.11,0,1195,19.7,0,8.96022,77.33909
PHC-0932,India - Kerala,Amoxicillin,3377,148.0,647,82.2,75.2,5,1.33,0,1931,17.1,0,8.96022,77.33909
PHC-0933,Russia - Moscow,Azithromycin,2058,114.4,336,71.2,67.7,6,1.01,0,879,17.8,0,54.91581,37.79085
PHC-0933,Russia - Moscow,Amoxicillin,582,73.0,180,37.8,92.8,9,1.27,0,605,6.3,1,54.91581,37.79085
PHC-0933,Russia - Moscow,Insulin,1312,106.9,519,62.9,75.8,8,0.87,0,825,14.1,0,54.91581,37.79085
PHC-0933,Russia - Moscow,Paracetamol,6114,279.9,595,75.7,91.9,14,0.85,0,2243,25.7,0,54.91581,37.79085
PHC-0933,Russia - Moscow,ORS,1160,275.0,590,71.6,63.2,9,0.78,1,3101,3.5,1,54.91581,37.79085
PHC-0934,India - Madhya Pradesh,Insulin,1811,150.8,535,73.9,60.0,14,1.08,0,1459,11.2,0,22.47318,77.92448
PHC-0934,India - Madhya Pradesh,Paracetamol,2356,258.0,516,67.4,66.8,4,1.04,1,3690,5.7,1,22.47318,77.92448
PHC-0934,India - Madhya Pradesh,Azithromycin,2592,194.4,446,88.2,85.7,7,0.72,0,1174,18.5,0,22.47318,77.92448
PHC-0934,India - Madhya Pradesh,ORS,317,67.7,113,64.2,83.9,9,0.98,0,401,4.8,1,22.47318,77.92448
PHC-0934,India - Madhya Pradesh,Amoxicillin,4332,220.9,431,95.0,83.8,5,0.95,0,1728,20.7,0,22.47318,77.92448
PHC-0935,India - Assam,Azithromycin,978,193.3,483,68.2,99.5,10,0.74,0,1228,6.9,1,26.48989,91.42426
PHC-0935,India - Assam,ORS,750,76.0,105,41.7,73.9,14,0.92,0,420,10.7,0,26.48989,91.42426
PHC-0935,India - Assam,Insulin,2585,155.8,258,90.7,88.1,9,1.06,0,1169,15.6,0,26.48989,91.42426
PHC-0935,India - Assam,Paracetamol,3594,369.3,648,45.8,84.6,12,0.76,0,2743,12.8,0,26.48989,91.42426
PHC-0935,India - Assam,Amoxicillin,1091,121.5,246,62.5,91.0,4,0.9,0,763,10.0,0,26.48989,91.42426
PHC-0936,India - Rajasthan,Azithromycin,7666,344.7,616,45.1,94.5,6,1.38,0,4564,16.1,0,26.36662,75.88126
PHC-0936,India - Rajasthan,ORS,1066,286.4,675,95.3,97.5,11,0.93,0,2645,4.0,1,26.36662,75.88126
PHC-0936,India - Rajasthan,Amoxicillin,6195,266.2,614,32.8,82.5,1,1.28,0,3266,18.1,0,26.36662,75.88126
PHC-0936,India - Rajasthan,Paracetamol,665,189.8,475,64.3,59.0,9,1.18,0,1920,3.0,1,26.36662,75.88126
PHC-0936,India - Rajasthan,Insulin,817,34.8,71,80.2,87.6,12,0.91,0,183,25.7,0,26.36662,75.88126
PHC-0937,India - Assam,Insulin,276,101.1,622,82.6,79.6,1,1.05,0,1023,2.6,1,25.96796,91.76963
PHC-0937,India - Assam,ORS,797,112.3,629,85.7,86.2,11,0.76,0,829,9.3,0,25.96796,91.76963
PHC-0937,India - Assam,Paracetamol,729,95.0,190,69.8,71.2,6,1.11,0,695,6.9,1,25.96796,91.76963
PHC-0937,India - Assam,Amoxicillin,235,59.4,244,38.0,62.4,12,0.93,0,383,4.3,1,25.96796,91.76963
PHC-0937,India - Assam,Azithromycin,3820,207.6,317,54.2,86.8,12,1.1,0,1709,16.7,0,25.96796,91.76963
PHC-0938,India - Jammu & Kashmir,Amoxicillin,3621,145.6,528,73.9,95.3,6,1.37,0,1779,18.2,0,34.7486,76.87208
PHC-0938,India - Jammu & Kashmir,ORS,2483,455.6,660,48.3,73.1,12,1.14,0,5109,4.8,1,34.7486,76.87208
PHC-0938,India - Jammu & Kashmir,Azithromycin,3574,209.6,322,55.3,85.6,5,1.3,0,2039,13.2,0,34.7486,76.87208
PHC-0938,India - Jammu & Kashmir,Paracetamol,3469,291.8,525,42.1,93.4,6,0.84,0,2191,14.1,0,34.7486,76.87208
PHC-0938,India - Jammu & Kashmir,Insulin,4291,359.8,686,56.0,63.2,13,0.75,1,4190,10.3,0,34.7486,76.87208
PHC-0939,India - Karnataka,Azithromycin,155,18.8,69,95.4,86.5,10,1.28,0,138,6.4,1,13.26538,78.10781
PHC-0939,India - Karnataka,Paracetamol,1024,100.4,136,51.8,56.9,11,1.22,0,757,8.4,0,13.26538,78.10781
PHC-0939,India - Karnataka,ORS,3789,199.5,385,57.7,97.5,4,0.81,0,1289,23.4,0,13.26538,78.10781
PHC-0939,India - Karnataka,Insulin,2325,135.9,267,73.1,90.6,9,1.27,1,1904,8.7,0,13.26538,78.10781
PHC-0939,India - Karnataka,Amoxicillin,3208,175.9,393,57.4,84.3,14,0.71,0,992,25.9,0,13.26538,78.10781
PHC-0940,Brazil - Brasilia,Insulin,871,187.6,298,71.1,87.0,6,1.12,0,1537,4.2,1,-15.85653,-48.59917
PHC-0940,Brazil - Brasilia,Paracetamol,1775,172.4,278,48.1,84.9,12,0.96,0,1187,10.8,0,-15.85653,-48.59917
PHC-0940,Brazil - Brasilia,Amoxicillin,5065,240.3,588,94.8,87.1,7,0.76,0,1714,27.7,0,-15.85653,-48.59917
PHC-0940,Brazil - Brasilia,ORS,2220,140.9,262,96.8,75.1,3,0.77,0,772,20.4,0,-15.85653,-48.59917
PHC-0940,Brazil - Brasilia,Azithromycin,976,92.6,399,46.2,63.9,6,1.04,0,774,10.1,0,-15.85653,-48.59917
PHC-0941,India - Assam,ORS,4117,308.1,470,89.2,86.8,14,0.78,0,2051,17.1,0,26.42411,91.40057
PHC-0941,India - Assam,Amoxicillin,1965,156.6,223,75.0,68.7,14,1.19,0,1271,10.5,0,26.42411,91.40057
PHC-0941,India - Assam,Azithromycin,2351,188.5,474,94.1,94.8,5,0.84,0,1350,14.9,0,26.42411,91.40057
PHC-0941,India - Assam,Paracetamol,446,31.4,247,62.8,60.6,5,1.39,0,306,10.2,0,26.42411,91.40057
PHC-0941,India - Assam,Insulin,827,84.1,149,73.0,76.2,3,0.8,0,422,12.3,0,26.42411,91.40057
PHC-0942,India - Jammu & Kashmir,ORS,1188,263.7,388,38.8,91.0,12,1.4,0,2934,3.2,1,33.71827,76.33788
PHC-0942,India - Jammu & Kashmir,Paracetamol,1246,314.5,585,93.0,92.8,14,1.08,0,3160,3.7,1,33.71827,76.33788
PHC-0942,India - Jammu & Kashmir,Azithromycin,2402,208.8,411,65.8,83.6,5,0.74,0,1252,15.6,0,33.71827,76.33788
PHC-0942,India - Jammu & Kashmir,Amoxicillin,922,80.2,162,64.0,77.5,2,0.73,0,373,15.8,0,33.71827,76.33788
PHC-0942,India - Jammu & Kashmir,Insulin,941,337.6,610,74.3,77.5,10,1.23,0,3960,2.3,1,33.71827,76.33788
PHC-0943,India - Jharkhand,ORS,2214,288.5,636,67.1,86.8,2,1.22,1,5306,4.0,1,23.62231,85.55804
PHC-0943,India - Jharkhand,Amoxicillin,3954,171.5,622,90.1,87.6,14,0.88,0,1450,26.2,0,23.62231,85.55804
PHC-0943,India - Jharkhand,Paracetamol,185,21.7,150,35.0,78.6,7,1.13,0,155,7.5,0,23.62231,85.55804
PHC-0943,India - Jharkhand,Azithromycin,545,49.0,271,64.1,81.2,13,0.92,0,324,12.0,0,23.62231,85.55804
PHC-0943,India - Jharkhand,Insulin,354,28.5,102,37.7,98.5,5,1.09,0,184,11.4,0,23.62231,85.55804
PHC-0944,India - Rajasthan,ORS,2807,139.0,547,93.2,66.8,8,0.7,0,889,28.7,0,27.12756,75.77696
PHC-0944,India - Rajasthan,Insulin,3064,126.8,446,41.4,91.1,11,1.31,0,1394,18.4,0,27.12756,75.77696
PHC-0944,India - Rajasthan,Amoxicillin,168,10.0,69,67.2,90.0,8,1.05,0,60,16.0,0,27.12756,75.77696
PHC-0944,India - Rajasthan,Paracetamol,1317,93.0,611,92.5,89.5,2,0.98,1,1339,9.4,0,27.12756,75.77696
PHC-0944,India - Rajasthan,Azithromycin,3101,425.2,568,41.4,93.6,3,1.03,1,6251,4.6,1,27.12756,75.77696
PHC-0945,India - Andhra Pradesh,Paracetamol,867,126.0,326,44.8,77.9,8,0.71,0,674,9.7,0,16.09519,79.87475
PHC-0945,India - Andhra Pradesh,Amoxicillin,6059,372.6,556,40.9,89.6,1,1.04,0,3559,15.6,0,16.09519,79.87475
PHC-0945,India - Andhra Pradesh,Azithromycin,3333,150.2,408,40.0,83.1,4,0.85,0,1037,26.1,0,16.09519,79.87475
PHC-0945,India - Andhra Pradesh,ORS,311,81.6,415,62.9,73.4,8,1.34,0,895,2.8,1,16.09519,79.87475
PHC-0945,India - Andhra Pradesh,Insulin,1091,447.6,635,89.8,98.1,13,1.02,0,4412,2.4,1,16.09519,79.87475
PHC-0946,China - Shenzhen,Insulin,346,163.3,307,45.6,58.3,7,1.38,0,1662,1.5,1,22.59253,114.1634
PHC-0946,China - Shenzhen,Amoxicillin,2422,115.2,182,84.8,94.5,1,1.03,0,772,20.5,0,22.59253,114.1634
PHC-0946,China - Shenzhen,ORS,1397,167.9,260,69.5,80.1,13,1.04,0,1236,8.0,0,22.59253,114.1634
PHC-0946,China - Shenzhen,Paracetamol,2047,242.6,597,30.2,78.4,2,0.96,0,2186,8.8,0,22.59253,114.1634
PHC-0946,China - Shenzhen,Azithromycin,1678,204.4,466,30.0,90.1,2,1.14,0,1982,7.2,0,22.59253,114.1634
PHC-0947,China - Shanghai,Paracetamol,6759,334.6,665,91.4,66.2,12,1.34,0,4442,15.1,0,31.77997,122.0195
PHC-0947,China - Shanghai,Amoxicillin,2178,170.4,390,35.0,57.5,8,0.93,0,1267,13.7,0,31.77997,122.0195
PHC-0947,China - Shanghai,Azithromycin,750,30.6,226,44.4,99.3,2,1.08,0,226,22.7,0,31.77997,122.0195
PHC-0947,China - Shanghai,ORS,815,78.6,319,43.9,92.3,3,0.96,0,563,10.8,0,31.77997,122.0195
PHC-0947,China - Shanghai,Insulin,8574,343.8,642,60.2,69.5,8,1.38,1,7175,11.6,0,31.77997,122.0195
PHC-0948,India - Goa,Amoxicillin,4849,231.0,453,55.4,79.1,5,1.24,0,2417,16.9,0,15.14069,73.70671
PHC-0948,India - Goa,Insulin,208,65.1,107,47.3,56.1,9,0.7,0,275,4.5,1,15.14069,73.70671
PHC-0948,India - Goa,ORS,2359,144.9,401,43.0,92.6,10,0.95,0,1113,17.1,0,15.14069,73.70671
PHC-0948,India - Goa,Azithromycin,4324,310.7,489,96.0,73.2,2,1.31,0,3533,10.6,0,15.14069,73.70671
PHC-0948,India - Goa,Paracetamol,2219,357.4,646,84.4,70.1,2,1.23,0,4294,5.0,1,15.14069,73.70671
PHC-0949,India - West Bengal,ORS,5488,266.8,546,50.4,63.2,10,1.21,0,2940,16.9,0,23.45617,88.87803
PHC-0949,India - West Bengal,Insulin,4761,216.9,298,67.2,88.9,13,0.93,0,1487,23.5,0,23.45617,88.87803
PHC-0949,India - West Bengal,Paracetamol,181,82.7,135,88.7,94.7,11,0.92,0,473,2.4,1,23.45617,88.87803
PHC-0949,India - West Bengal,Azithromycin,419,57.1,347,66.9,91.7,13,1.25,0,546,5.9,1,23.45617,88.87803
PHC-0949,India - West Bengal,Amoxicillin,1950,117.0,212,41.4,74.8,12,1.02,0,800,16.4,0,23.45617,88.87803
PHC-0950,India - Chhattisgarh,Insulin,2792,138.9,579,85.1,84.7,4,0.83,0,1076,24.1,0,21.64179,81.49427
PHC-0950,India - Chhattisgarh,Amoxicillin,546,107.9,404,59.5,74.1,10,0.81,0,703,6.3,1,21.64179,81.49427
PHC-0950,India - Chhattisgarh,Paracetamol,2847,198.1,438,96.8,56.8,7,1.25,0,2060,11.5,0,21.64179,81.49427
PHC-0950,India - Chhattisgarh,Azithromycin,2741,168.6,289,72.9,84.9,11,1.22,0,1500,13.3,0,21.64179,81.49427
PHC-0950,India - Chhattisgarh,ORS,6496,444.9,684,39.3,98.3,6,1.39,0,6215,10.5,0,21.64179,81.49427
PHC-0951,India - Rajasthan,ORS,2345,103.6,332,56.1,98.8,4,0.94,0,741,24.0,0,27.18612,75.40477
PHC-0951,India - Rajasthan,Insulin,1268,70.6,262,33.2,88.7,14,0.85,0,427,21.0,0,27.18612,75.40477
PHC-0951,India - Rajasthan,Paracetamol,817,78.1,526,78.7,99.8,14,0.95,1,1032,7.1,0,27.18612,75.40477
PHC-0951,India - Rajasthan,Azithromycin,4197,389.2,679,66.5,87.4,13,1.18,0,4594,9.1,0,27.18612,75.40477
PHC-0951,India - Rajasthan,Amoxicillin,3917,303.0,469,68.5,69.7,8,0.81,0,2100,15.9,0,27.18612,75.40477
PHC-0952,India - Punjab,Amoxicillin,2003,437.1,695,97.5,83.5,5,1.36,0,6005,3.4,1,30.81655,75.80983
PHC-0952,India - Punjab,ORS,2844,348.3,646,84.4,65.2,14,1.1,0,3729,7.5,0,30.81655,75.80983
PHC-0952,India - Punjab,Paracetamol,4803,219.6,367,46.8,99.9,12,1.26,0,2170,17.3,0,30.81655,75.80983
PHC-0952,India - Punjab,Insulin,589,132.7,390,71.8,60.1,2,1.0,0,1060,4.4,1,30.81655,75.80983
PHC-0952,India - Punjab,Azithromycin,3031,401.9,595,65.6,96.1,7,0.95,0,3584,8.0,0,30.81655,75.80983
PHC-0953,China - Beijing,Amoxicillin,3835,225.1,366,97.1,81.4,4,1.25,0,2207,13.6,0,39.77586,115.54626
PHC-0953,China - Beijing,Paracetamol,9471,390.7,640,47.1,58.6,9,1.38,0,5259,17.5,0,39.77586,115.54626
PHC-0953,China - Beijing,ORS,821,34.9,78,96.9,69.7,1,1.25,0,252,18.9,0,39.77586,115.54626
PHC-0953,China - Beijing,Insulin,643,78.3,131,59.0,66.1,6,0.8,0,386,10.3,0,39.77586,115.54626
PHC-0953,China - Beijing,Azithromycin,1217,68.7,179,49.4,93.9,14,1.14,1,788,10.0,0,39.77586,115.54626
PHC-0954,India - Haryana,Paracetamol,797,120.8,193,77.8,85.2,9,1.04,0,828,6.4,1,29.23656,75.83534
PHC-0954,India - Haryana,Amoxicillin,9684,495.0,691,90.3,71.3,9,1.27,1,9810,10.0,0,29.23656,75.83534
PHC-0954,India - Haryana,Azithromycin,4189,191.8,434,57.0,77.9,3,1.22,0,1945,17.8,0,29.23656,75.83534
PHC-0954,India - Haryana,ORS,803,72.5,198,40.4,59.1,3,1.22,0,588,9.1,0,29.23656,75.83534
PHC-0954,India - Haryana,Insulin,9903,398.1,551,35.6,72.9,14,0.76,0,2746,32.8,0,29.23656,75.83534
PHC-0955,China - Beijing,ORS,2651,239.3,371,58.6,98.3,3,0.87,0,1640,12.7,0,39.86965,116.3042
PHC-0955,China - Beijing,Insulin,2186,137.7,326,62.5,67.7,11,0.81,0,844,19.5,0,39.86965,116.3042
PHC-0955,China - Beijing,Paracetamol,962,431.0,576,90.0,97.6,4,0.74,0,2965,3.0,1,39.86965,116.3042
PHC-0955,China - Beijing,Amoxicillin,2236,100.5,198,39.0,97.7,11,1.09,0,724,20.5,0,39.86965,116.3042
PHC-0955,China - Beijing,Azithromycin,1682,134.8,404,40.6,93.0,8,0.97,0,1060,12.8,0,39.86965,116.3042
PHC-0956,India - Sikkim,Paracetamol,1890,156.5,655,91.4,59.3,13,0.79,0,1221,15.2,0,27.60662,88.0735
PHC-0956,India - Sikkim,Azithromycin,2555,123.9,339,90.8,99.6,7,0.79,0,742,26.2,0,27.60662,88.0735
PHC-0956,India - Sikkim,ORS,1409,108.1,398,30.5,61.1,13,0.79,0,684,16.6,0,27.60662,88.0735
PHC-0956,India - Sikkim,Insulin,1412,89.9,623,34.6,64.1,9,1.33,0,1151,11.8,0,27.60662,88.0735
PHC-0956,India - Sikkim,Amoxicillin,351,77.3,243,90.4,62.4,11,0.94,0,507,4.8,1,27.60662,88.0735
PHC-0957,India - Andhra Pradesh,Azithromycin,742,138.0,264,66.9,71.8,4,1.32,1,2006,2.6,1,16.74941,80.42507
PHC-0957,India - Andhra Pradesh,ORS,1453,58.6,325,40.2,62.8,4,0.88,0,386,28.3,0,16.74941,80.42507
PHC-0957,India - Andhra Pradesh,Amoxicillin,236,94.3,292,84.5,66.9,3,1.27,0,875,2.0,1,16.74941,80.42507
PHC-0957,India - Andhra Pradesh,Insulin,4644,426.3,582,42.1,81.0,7,0.8,0,3173,13.6,0,16.74941,80.42507
PHC-0957,India - Andhra Pradesh,Paracetamol,5584,439.2,644,62.5,80.5,13,0.76,0,3253,16.7,0,16.74941,80.42507
PHC-0958,India - Goa,Azithromycin,5316,225.6,692,82.9,81.8,8,0.85,0,1928,27.8,0,14.92692,74.06399
PHC-0958,India - Goa,Paracetamol,3786,227.1,467,41.0,70.1,10,1.32,0,2560,12.6,0,14.92692,74.06399
PHC-0958,India - Goa,Amoxicillin,96,41.1,60,95.8,94.8,9,1.2,0,280,1.9,1,14.92692,74.06399
PHC-0958,India - Goa,ORS,1900,105.0,461,53.4,94.4,13,1.07,0,955,16.9,0,14.92692,74.06399
PHC-0958,India - Goa,Insulin,899,42.2,155,56.9,78.8,3,1.21,0,323,17.6,0,14.92692,74.06399
PHC-0959,India - Tamil Nadu,Amoxicillin,9921,467.9,646,75.6,79.7,6,1.29,1,9123,10.6,0,13.06425,79.5837
PHC-0959,India - Tamil Nadu,ORS,2253,120.2,230,82.7,91.4,13,1.21,0,1000,15.4,0,13.06425,79.5837
PHC-0959,India - Tamil Nadu,Paracetamol,1648,249.9,683,37.0,65.8,11,1.06,0,2646,6.2,1,13.06425,79.5837
PHC-0959,India - Tamil Nadu,Azithromycin,1258,417.6,574,38.9,66.1,10,1.26,0,4889,2.4,1,13.06425,79.5837
PHC-0959,India - Tamil Nadu,Insulin,554,101.7,470,78.9,86.9,3,0.92,0,797,5.9,1,13.06425,79.5837
PHC-0960,India - Telangana,Azithromycin,657,182.9,508,80.8,60.4,14,1.01,0,1622,3.6,1,17.63709,77.90904
PHC-0960,India - Telangana,Paracetamol,2813,203.4,579,46.7,58.3,8,0.99,0,1871,14.0,0,17.63709,77.90904
PHC-0960,India - Telangana,Insulin,4374,196.2,488,94.7,75.2,14,0.99,1,2620,14.5,0,17.63709,77.90904
PHC-0960,India - Telangana,Amoxicillin,1540,188.3,441,81.2,92.7,1,1.13,0,1780,7.2,0,17.63709,77.90904
PHC-0960,India - Telangana,ORS,2648,159.4,331,92.7,66.2,8,0.84,0,1015,19.7,0,17.63709,77.90904
PHC-0961,Brazil - Sao Paulo,Insulin,3071,138.1,653,95.2,91.0,14,0.94,0,1269,23.8,0,-23.86061,-47.03594
PHC-0961,Brazil - Sao Paulo,Amoxicillin,255,57.1,291,30.6,99.0,5,1.16,0,482,3.9,1,-23.86061,-47.03594
PHC-0961,Brazil - Sao Paulo,ORS,1089,175.4,344,49.6,79.6,9,1.29,0,1730,4.8,1,-23.86061,-47.03594
PHC-0961,Brazil - Sao Paulo,Paracetamol,3721,280.5,557,39.8,79.7,13,0.95,0,2432,14.0,0,-23.86061,-47.03594
PHC-0961,Brazil - Sao Paulo,Azithromycin,305,79.6,194,50.5,63.2,13,1.36,0,714,2.8,1,-23.86061,-47.03594
PHC-0962,India - Chhattisgarh,Amoxicillin,7071,414.8,614,35.4,69.5,10,0.95,0,3746,18.0,0,21.09533,81.56585
PHC-0962,India - Chhattisgarh,Azithromycin,305,34.1,239,63.5,58.9,14,1.04,0,245,8.6,0,21.09533,81.56585
PHC-0962,India - Chhattisgarh,Paracetamol,1030,73.4,253,72.0,68.8,12,0.95,0,488,14.8,0,21.09533,81.56585
PHC-0962,India - Chhattisgarh,ORS,2402,180.7,446,70.5,74.1,12,1.21,0,1828,11.0,0,21.09533,81.56585
PHC-0962,India - Chhattisgarh,Insulin,1089,67.3,96,63.1,89.7,7,0.98,0,389,16.6,0,21.09533,81.56585
PHC-0963,China - Beijing,Azithromycin,2215,365.1,513,46.6,83.7,7,0.74,0,2383,8.2,0,40.10605,116.24388
PHC-0963,China - Beijing,Paracetamol,1497,108.6,490,68.7,64.5,2,0.89,0,839,15.5,0,40.10605,116.24388
PHC-0963,China - Beijing,Amoxicillin,4960,276.8,380,37.5,71.1,2,0.82,0,1797,21.8,0,40.10605,116.24388
PHC-0963,China - Beijing,ORS,2613,117.5,570,87.2,88.5,14,1.05,0,1138,21.2,0,40.10605,116.24388
PHC-0963,China - Beijing,Insulin,5108,362.8,562,33.2,63.7,12,0.74,0,2463,19.0,0,40.10605,116.24388
PHC-0964,India - Assam,Insulin,1302,106.7,204,85.4,69.0,11,1.35,0,962,9.0,0,26.48307,91.83841
PHC-0964,India - Assam,Paracetamol,862,73.1,168,59.2,56.9,9,1.23,0,576,9.6,0,26.48307,91.83841
PHC-0964,India - Assam,Azithromycin,2417,158.3,242,87.9,61.2,7,0.9,0,986,17.0,0,26.48307,91.83841
PHC-0964,India - Assam,Amoxicillin,1051,49.6,81,68.7,64.9,13,0.96,0,278,22.0,0,26.48307,91.83841
PHC-0964,India - Assam,ORS,3716,171.5,328,52.1,85.6,1,1.04,0,1344,20.9,0,26.48307,91.83841
PHC-0965,India - Maharashtra,Azithromycin,1633,88.6,559,54.8,84.1,3,0.86,0,694,21.6,0,18.77692,72.30338
PHC-0965,India - Maharashtra,ORS,1303,94.9,620,79.7,97.0,5,1.38,0,1255,10.0,0,18.77692,72.30338
PHC-0965,India - Maharashtra,Insulin,4410,309.0,656,37.8,85.2,9,1.38,0,4184,10.4,0,18.77692,72.30338
PHC-0965,India - Maharashtra,Amoxicillin,858,76.2,452,62.8,71.1,5,1.03,0,663,10.9,0,18.77692,72.30338
PHC-0965,India - Maharashtra,Paracetamol,7839,387.2,648,69.5,69.2,3,1.36,0,5136,14.9,0,18.77692,72.30338
PHC-0966,Russia - Saint Petersburg,Paracetamol,3734,245.7,442,74.4,70.7,7,1.16,0,2386,13.1,0,60.03176,30.18589
PHC-0966,Russia - Saint Petersburg,ORS,582,46.7,236,39.9,79.6,4,0.83,0,266,15.1,0,60.03176,30.18589
PHC-0966,Russia - Saint Petersburg,Amoxicillin,1840,89.4,225,51.5,86.8,2,1.0,0,609,20.6,0,60.03176,30.18589
PHC-0966,Russia - Saint Petersburg,Azithromycin,3217,168.7,543,43.7,99.0,5,1.18,0,1803,16.1,0,60.03176,30.18589
PHC-0966,Russia - Saint Petersburg,Insulin,1412,72.2,282,48.4,79.5,14,0.74,0,385,26.5,0,60.03176,30.18589
PHC-0967,South Africa - Durban,Amoxicillin,1494,74.8,166,62.2,91.7,14,1.32,0,632,15.2,0,-30.0375,30.70464
PHC-0967,South Africa - Durban,ORS,6065,312.4,417,95.1,88.1,11,0.93,0,2376,20.9,0,-30.0375,30.70464
PHC-0967,South Africa - Durban,Azithromycin,298,50.0,355,47.8,88.5,10,1.26,0,486,4.7,1,-30.0375,30.70464
PHC-0967,South Africa - Durban,Insulin,582,65.5,396,76.3,92.9,1,1.31,0,688,6.8,1,-30.0375,30.70464
PHC-0967,South Africa - Durban,Paracetamol,1770,75.9,145,82.6,78.8,11,1.25,0,594,18.7,0,-30.0375,30.70464
PHC-0968,China - Shanghai,Amoxicillin,1772,89.7,396,93.2,56.6,12,1.14,0,819,17.4,0,31.78149,120.87403
PHC-0968,China - Shanghai,Azithromycin,534,23.3,126,97.6,85.2,12,1.0,0,143,22.9,0,31.78149,120.87403
PHC-0968,China - Shanghai,Paracetamol,1051,291.3,490,51.9,61.3,1,1.21,0,3055,3.0,1,31.78149,120.87403
PHC-0968,China - Shanghai,Insulin,105,10.0,61,57.6,82.1,10,0.77,0,44,13.6,0,31.78149,120.87403
PHC-0968,China - Shanghai,ORS,5841,473.1,685,36.9,59.7,6,0.88,0,4173,14.1,0,31.78149,120.87403
PHC-0969,India - Jammu & Kashmir,Amoxicillin,963,210.9,343,55.6,88.8,2,0.88,0,1416,5.2,1,34.16849,77.05487
PHC-0969,India - Jammu & Kashmir,Paracetamol,2211,98.3,177,73.6,58.3,12,1.15,0,732,19.6,0,34.16849,77.05487
PHC-0969,India - Jammu & Kashmir,Azithromycin,1095,62.3,303,83.8,70.9,2,1.21,0,557,14.5,0,34.16849,77.05487
PHC-0969,India - Jammu & Kashmir,ORS,890,135.4,229,53.7,83.3,7,0.94,0,874,7.0,1,34.16849,77.05487
PHC-0969,India - Jammu & Kashmir,Insulin,7112,355.7,678,91.7,86.6,14,1.24,0,4414,16.1,0,34.16849,77.05487
PHC-0970,Brazil - Brasilia,Azithromycin,1858,116.0,681,36.7,94.9,4,1.38,0,1601,11.6,0,-16.05074,-48.10123
PHC-0970,Brazil - Brasilia,Paracetamol,724,266.1,561,72.3,66.9,5,1.02,0,2488,2.7,1,-16.05074,-48.10123
PHC-0970,Brazil - Brasilia,Insulin,1098,94.8,378,47.3,79.4,14,1.33,0,998,8.7,0,-16.05074,-48.10123
PHC-0970,Brazil - Brasilia,ORS,1086,69.8,419,70.9,92.0,2,1.29,0,734,12.1,0,-16.05074,-48.10123
PHC-0970,Brazil - Brasilia,Amoxicillin,5989,354.7,552,53.6,88.6,13,1.13,0,3667,14.9,0,-16.05074,-48.10123
PHC-0971,Brazil - Brasilia,Azithromycin,408,47.4,215,55.3,85.7,13,0.76,0,242,11.4,0,-16.60448,-48.53142
PHC-0971,Brazil - Brasilia,ORS,552,120.7,513,58.0,75.1,6,0.8,0,849,5.8,1,-16.60448,-48.53142
PHC-0971,Brazil - Brasilia,Paracetamol,5692,309.2,419,30.8,76.5,8,0.72,0,1810,25.7,0,-16.60448,-48.53142
PHC-0971,Brazil - Brasilia,Amoxicillin,892,66.9,97,87.8,81.3,5,0.98,0,387,13.7,0,-16.60448,-48.53142
PHC-0971,Brazil - Brasilia,Insulin,3862,173.1,279,52.0,77.3,3,0.9,0,1124,24.8,0,-16.60448,-48.53142
PHC-0972,India - Andhra Pradesh,ORS,1160,109.4,639,76.0,99.3,5,1.32,0,1408,8.0,0,16.41174,81.18246
PHC-0972,India - Andhra Pradesh,Insulin,2507,187.7,391,41.6,68.1,11,1.02,1,2362,8.5,0,16.41174,81.18246
PHC-0972,India - Andhra Pradesh,Azithromycin,1450,182.4,255,34.7,99.0,9,0.93,0,1194,8.5,0,16.41174,81.18246
PHC-0972,India - Andhra Pradesh,Paracetamol,721,357.5,540,91.6,62.4,1,0.83,0,2674,2.4,1,16.41174,81.18246
PHC-0972,India - Andhra Pradesh,Amoxicillin,2414,153.6,546,47.3,67.9,6,0.73,0,1020,21.5,0,16.41174,81.18246
PHC-0973,India - Goa,Azithromycin,587,33.9,70,58.5,84.4,8,0.82,0,159,21.2,0,15.52533,74.22683
PHC-0973,India - Goa,Amoxicillin,745,66.3,93,72.0,77.0,2,0.72,0,281,15.6,0,15.52533,74.22683
PHC-0973,India - Goa,ORS,2302,137.4,252,42.8,77.0,4,0.96,0,922,17.5,0,15.52533,74.22683
PHC-0973,India - Goa,Insulin,2343,182.1,266,59.0,86.6,5,1.25,0,1614,10.3,0,15.52533,74.22683
PHC-0973,India - Goa,Paracetamol,116,12.2,70,79.8,84.4,2,0.9,0,63,10.6,0,15.52533,74.22683
PHC-0974,India - Himachal Pradesh,ORS,4994,378.7,651,69.1,71.1,4,1.25,0,4655,10.5,0,31.83741,76.9681
PHC-0974,India - Himachal Pradesh,Amoxicillin,2114,104.9,389,79.5,67.1,3,0.8,0,669,25.2,0,31.83741,76.9681
PHC-0974,India - Himachal Pradesh,Paracetamol,3670,202.2,440,78.2,93.0,10,0.99,0,1669,18.3,0,31.83741,76.9681
PHC-0974,India - Himachal Pradesh,Insulin,889,60.6,107,92.7,71.7,7,1.18,0,430,12.4,0,31.83741,76.9681
PHC-0974,India - Himachal Pradesh,Azithromycin,1119,71.0,421,45.8,94.8,14,1.26,0,731,12.5,0,31.83741,76.9681
PHC-0975,India - Kerala,Insulin,1269,160.3,362,75.2,55.8,12,1.2,0,1503,6.6,1,9.15772,76.40723
PHC-0975,India - Kerala,ORS,560,30.2,138,79.2,88.4,9,1.03,0,193,18.0,0,9.15772,76.40723
PHC-0975,India - Kerala,Paracetamol,126,49.9,187,58.1,91.7,8,0.93,0,303,2.7,1,9.15772,76.40723
PHC-0975,India - Kerala,Amoxicillin,50,24.7,72,59.3,72.7,9,0.8,0,113,2.5,1,9.15772,76.40723
PHC-0975,India - Kerala,Azithromycin,765,104.7,533,73.0,97.8,14,1.35,1,1973,3.5,1,9.15772,76.40723
PHC-0976,India - Jharkhand,Amoxicillin,1285,63.0,134,72.2,91.9,10,0.94,0,367,21.7,0,23.71965,84.97359
PHC-0976,India - Jharkhand,ORS,1410,230.2,531,55.5,91.0,11,1.35,0,2780,4.5,1,23.71965,84.97359
PHC-0976,India - Jharkhand,Insulin,451,68.2,108,69.4,81.7,11,1.36,0,558,4.9,1,23.71965,84.97359
PHC-0976,India - Jharkhand,Paracetamol,353,140.3,243,65.3,58.1,14,1.12,0,1095,2.2,1,23.71965,84.97359
PHC-0976,India - Jharkhand,Azithromycin,3732,185.8,383,55.1,93.6,11,1.31,0,1925,15.4,0,23.71965,84.97359
PHC-0977,China - Beijing,Amoxicillin,1804,257.5,402,64.6,86.7,1,0.99,0,2050,7.1,0,39.81508,116.0647
PHC-0977,China - Beijing,Paracetamol,3288,203.5,659,37.5,73.4,8,1.11,1,3467,9.4,0,39.81508,116.0647
PHC-0977,China - Beijing,Azithromycin,1115,45.0,116,92.9,85.3,7,1.08,0,295,22.9,0,39.81508,116.0647
PHC-0977,China - Beijing,Insulin,1507,61.3,95,41.6,67.3,9,1.32,0,478,18.6,0,39.81508,116.0647
PHC-0977,China - Beijing,ORS,940,51.5,278,61.9,71.7,11,0.88,0,325,20.8,0,39.81508,116.0647
PHC-0978,India - Kerala,Paracetamol,1570,82.6,114,34.7,86.0,6,0.84,0,418,22.7,0,8.17591,77.03675
PHC-0978,India - Kerala,Insulin,650,199.8,282,89.9,86.6,5,0.95,0,1377,3.4,1,8.17591,77.03675
PHC-0978,India - Kerala,ORS,2231,110.9,198,49.5,58.3,6,1.31,0,962,15.4,0,8.17591,77.03675
PHC-0978,India - Kerala,Amoxicillin,1029,89.2,280,59.3,76.1,14,1.37,0,883,8.4,0,8.17591,77.03675
PHC-0978,India - Kerala,Azithromycin,387,77.2,253,49.6,79.9,9,1.12,0,610,4.5,1,8.17591,77.03675
PHC-0979,India - Bihar,Paracetamol,1889,131.6,423,86.9,87.6,10,0.95,0,1029,15.1,0,25.55459,85.15454
PHC-0979,India - Bihar,Amoxicillin,1158,66.9,418,93.7,58.8,6,1.18,0,646,14.7,0,25.55459,85.15454
PHC-0979,India - Bihar,ORS,1689,226.5,532,43.2,72.8,9,1.15,0,2336,6.5,1,25.55459,85.15454
PHC-0979,India - Bihar,Insulin,707,103.6,208,80.4,83.3,7,1.11,0,774,6.1,1,25.55459,85.15454
PHC-0979,India - Bihar,Azithromycin,2064,105.3,226,78.0,88.2,6,0.85,0,609,23.2,0,25.55459,85.15454
PHC-0980,India - Himachal Pradesh,Insulin,6456,432.9,666,88.5,80.0,9,1.15,0,4944,12.9,0,31.29991,76.82993
PHC-0980,India - Himachal Pradesh,Paracetamol,936,123.6,249,37.7,70.6,10,0.74,0,642,10.2,0,31.29991,76.82993
PHC-0980,India - Himachal Pradesh,Amoxicillin,951,68.4,98,79.6,84.9,8,1.19,0,483,11.7,0,31.29991,76.82993
PHC-0980,India - Himachal Pradesh,ORS,1956,115.3,590,50.6,79.7,6,1.35,0,1455,12.6,0,31.29991,76.82993
PHC-0980,India - Himachal Pradesh,Azithromycin,2148,135.5,305,87.8,90.7,4,0.92,1,1428,11.1,0,31.29991,76.82993
PHC-0981,India - Tripura,Azithromycin,385,168.1,618,30.7,96.6,6,1.21,0,1955,1.9,1,24.11677,92.19127
PHC-0981,India - Tripura,Insulin,1054,308.8,554,92.9,74.3,12,1.02,1,4445,2.2,1,24.11677,92.19127
PHC-0981,India - Tripura,Paracetamol,4486,207.1,653,65.3,73.9,3,1.37,1,4312,10.2,0,24.11677,92.19127
PHC-0981,India - Tripura,ORS,793,37.0,146,74.7,86.1,13,0.73,0,170,29.2,0,24.11677,92.19127
PHC-0981,India - Tripura,Amoxicillin,6291,421.7,599,72.0,65.9,4,0.99,0,3962,15.0,0,24.11677,92.19127
PHC-0982,India - West Bengal,Azithromycin,2324,181.5,395,31.5,64.3,5,1.16,0,1691,11.0,0,22.43836,88.19967
PHC-0982,India - West Bengal,Insulin,2029,149.5,301,40.2,55.1,1,0.93,0,1028,14.5,0,22.43836,88.19967
PHC-0982,India - West Bengal,Paracetamol,1697,117.3,164,81.6,99.0,2,0.88,0,663,16.4,0,22.43836,88.19967
PHC-0982,India - West Bengal,ORS,944,46.6,269,30.8,94.1,5,1.26,0,418,16.1,0,22.43836,88.19967
PHC-0982,India - West Bengal,Amoxicillin,591,180.2,276,80.1,63.1,9,0.71,0,924,4.6,1,22.43836,88.19967
PHC-0983,Russia - Moscow,ORS,5593,266.3,444,91.4,91.3,13,0.78,0,1742,26.8,0,56.03669,37.42272
PHC-0983,Russia - Moscow,Paracetamol,3851,172.2,523,65.6,94.4,6,0.97,1,2309,14.9,0,56.03669,37.42272
PHC-0983,Russia - Moscow,Insulin,710,31.3,78,60.6,88.0,2,0.95,0,173,23.9,0,56.03669,37.42272
PHC-0983,Russia - Moscow,Azithromycin,5831,406.7,644,73.4,78.8,9,1.1,0,4354,13.1,0,56.03669,37.42272
PHC-0983,Russia - Moscow,Amoxicillin,571,56.2,93,30.9,84.0,2,1.13,0,375,9.0,0,56.03669,37.42272
PHC-0984,South Africa - Cape Town,Amoxicillin,1704,261.5,478,95.7,74.8,6,0.71,0,1590,9.2,0,-34.06111,18.6094
PHC-0984,South Africa - Cape Town,Paracetamol,248,97.5,554,90.0,56.5,2,1.08,0,958,2.4,1,-34.06111,18.6094
PHC-0984,South Africa - Cape Town,ORS,1046,45.1,65,57.2,76.3,13,1.28,0,329,18.1,0,-34.06111,18.6094
PHC-0984,South Africa - Cape Town,Insulin,349,130.3,186,56.0,63.8,2,0.76,1,1004,2.3,1,-34.06111,18.6094
PHC-0984,South Africa - Cape Town,Azithromycin,1037,131.4,335,63.4,89.5,3,1.16,0,1159,6.8,1,-34.06111,18.6094
PHC-0985,India - Tripura,ORS,1176,55.1,343,86.3,91.1,12,1.27,1,831,10.8,0,23.68631,91.31136
PHC-0985,India - Tripura,Insulin,5954,245.3,678,67.6,85.7,1,0.95,0,2337,25.5,0,23.68631,91.31136
PHC-0985,India - Tripura,Amoxicillin,2913,195.5,562,46.6,98.5,14,0.88,1,2451,10.9,0,23.68631,91.31136
PHC-0985,India - Tripura,Paracetamol,2164,207.1,289,89.3,82.0,5,0.78,0,1174,13.4,0,23.68631,91.31136
PHC-0985,India - Tripura,Azithromycin,3118,306.0,566,43.3,92.3,11,1.14,0,3201,9.0,0,23.68631,91.31136
PHC-0986,South Africa - Johannesburg,Insulin,1136,86.7,247,54.3,71.0,14,1.18,0,714,11.1,0,-25.85142,27.82839
PHC-0986,South Africa - Johannesburg,ORS,1180,53.4,323,95.1,99.5,12,0.79,0,317,28.0,0,-25.85142,27.82839
PHC-0986,South Africa - Johannesburg,Amoxicillin,585,172.9,289,89.2,92.7,14,1.25,0,1567,2.7,1,-25.85142,27.82839
PHC-0986,South Africa - Johannesburg,Paracetamol,3938,354.0,620,83.3,67.3,9,0.83,0,2813,13.4,0,-25.85142,27.82839
PHC-0986,South Africa - Johannesburg,Azithromycin,1720,81.3,522,84.3,91.1,5,0.94,0,680,22.5,0,-25.85142,27.82839
PHC-0987,China - Shanghai,ORS,1528,69.6,341,95.2,60.4,9,1.28,0,678,17.2,0,30.55919,121.02921
PHC-0987,China - Shanghai,Insulin,1722,89.5,209,44.2,82.4,8,0.88,0,530,21.8,0,30.55919,121.02921
PHC-0987,China - Shanghai,Amoxicillin,1683,88.2,305,74.2,65.1,8,1.3,0,849,14.6,0,30.55919,121.02921
PHC-0987,China - Shanghai,Azithromycin,335,51.3,178,88.5,96.3,10,0.95,0,316,6.9,1,30.55919,121.02921
PHC-0987,China - Shanghai,Paracetamol,1849,84.5,321,30.6,61.4,10,0.78,0,497,27.9,0,30.55919,121.02921
PHC-0988,India - Rajasthan,Azithromycin,4492,286.9,562,37.8,89.2,5,1.14,1,4666,8.8,0,26.45039,75.73589
PHC-0988,India - Rajasthan,Amoxicillin,175,36.9,113,92.5,56.7,8,0.94,0,210,5.0,1,26.45039,75.73589
PHC-0988,India - Rajasthan,Insulin,1891,102.2,210,38.7,87.4,8,1.32,0,909,14.0,0,26.45039,75.73589
PHC-0988,India - Rajasthan,ORS,4092,446.0,599,60.9,69.0,1,1.09,0,4589,8.4,0,26.45039,75.73589
PHC-0988,India - Rajasthan,Paracetamol,690,86.3,251,67.2,72.3,11,1.14,0,687,7.0,0,26.45039,75.73589
PHC-0989,India - Jammu & Kashmir,Amoxicillin,823,34.7,218,74.2,76.9,9,1.25,0,293,19.0,0,33.53404,76.30907
PHC-0989,India - Jammu & Kashmir,Paracetamol,1751,140.9,459,62.3,87.0,6,1.03,0,1229,12.1,0,33.53404,76.30907
PHC-0989,India - Jammu & Kashmir,Insulin,2128,99.1,605,78.2,81.9,10,1.02,0,957,21.1,0,33.53404,76.30907
PHC-0989,India - Jammu & Kashmir,Azithromycin,1833,115.3,610,42.5,81.9,10,0.81,0,884,19.7,0,33.53404,76.30907
PHC-0989,India - Jammu & Kashmir,ORS,446,59.6,105,63.8,90.9,7,1.08,0,387,6.9,1,33.53404,76.30907
PHC-0990,India - Gujarat,Insulin,899,133.6,620,83.6,72.9,2,1.25,0,1606,5.4,1,22.86582,73.03288
PHC-0990,India - Gujarat,Amoxicillin,4725,384.5,562,97.1,97.0,12,0.71,0,2510,17.3,0,22.86582,73.03288
PHC-0990,India - Gujarat,Azithromycin,1321,75.5,116,76.8,68.0,10,1.27,0,584,13.7,0,22.86582,73.03288
PHC-0990,India - Gujarat,ORS,1678,85.6,346,83.7,62.9,10,1.26,0,824,15.6,0,22.86582,73.03288
PHC-0990,India - Gujarat,Paracetamol,624,96.9,248,38.6,91.2,1,0.91,0,613,7.1,0,22.86582,73.03288
PHC-0991,Russia - Novosibirsk,Paracetamol,873,53.4,311,77.8,82.5,13,1.18,0,467,13.9,0,55.00565,82.76864
PHC-0991,Russia - Novosibirsk,Insulin,2796,139.0,296,38.3,60.7,11,0.98,0,994,20.6,0,55.00565,82.76864
PHC-0991,Russia - Novosibirsk,Azithromycin,90,23.3,136,33.6,56.5,2,1.27,1,283,2.0,1,55.00565,82.76864
PHC-0991,Russia - Novosibirsk,Amoxicillin,1031,107.9,454,85.7,96.8,6,0.87,0,788,11.0,0,55.00565,82.76864
PHC-0991,Russia - Novosibirsk,ORS,453,218.8,603,76.3,60.6,5,0.76,0,1569,2.7,1,55.00565,82.76864
PHC-0992,India - Kerala,Amoxicillin,979,135.8,689,32.6,85.2,5,1.3,0,1773,5.6,1,8.36837,77.05471
PHC-0992,India - Kerala,ORS,2234,202.5,599,86.0,56.9,4,1.13,0,2161,9.8,0,8.36837,77.05471
PHC-0992,India - Kerala,Paracetamol,861,198.2,634,38.9,83.4,12,1.08,0,2078,4.0,1,8.36837,77.05471
PHC-0992,India - Kerala,Azithromycin,752,50.0,341,35.5,96.8,2,1.26,0,482,11.9,0,8.36837,77.05471
PHC-0992,India - Kerala,Insulin,1468,62.4,307,70.1,69.3,9,1.18,0,543,20.0,0,8.36837,77.05471
PHC-0993,India - Himachal Pradesh,Azithromycin,4077,187.9,453,34.0,93.0,14,1.16,0,1831,18.8,0,30.78233,77.18277
PHC-0993,India - Himachal Pradesh,ORS,4978,300.2,665,91.2,60.6,12,0.74,1,3406,14.5,0,30.78233,77.18277
PHC-0993,India - Himachal Pradesh,Amoxicillin,2002,100.3,226,90.0,76.0,13,0.77,0,527,26.0,0,30.78233,77.18277
PHC-0993,India - Himachal Pradesh,Paracetamol,476,19.8,147,78.7,90.4,5,1.12,0,139,21.5,0,30.78233,77.18277
PHC-0993,India - Himachal Pradesh,Insulin,2063,131.1,239,38.6,91.6,9,0.91,0,824,17.3,0,30.78233,77.18277
PHC-0994,China - Shenzhen,Insulin,2339,356.5,493,86.4,96.4,14,0.71,0,2200,9.3,0,21.82893,114.1241
PHC-0994,China - Shenzhen,ORS,881,355.2,554,77.0,91.8,3,0.72,0,2350,3.4,1,21.82893,114.1241
PHC-0994,China - Shenzhen,Amoxicillin,425,18.3,108,92.8,88.4,2,1.32,0,146,17.5,0,21.82893,114.1241
PHC-0994,China - Shenzhen,Azithromycin,4750,210.8,315,55.0,69.6,8,1.19,0,1870,18.9,0,21.82893,114.1241
PHC-0994,China - Shenzhen,Paracetamol,2433,173.9,627,43.1,88.0,11,1.37,0,2295,10.2,0,21.82893,114.1241
PHC-0995,India - Jharkhand,ORS,388,21.7,73,42.8,95.1,1,1.04,0,130,17.2,0,23.26198,85.96578
PHC-0995,India - Jharkhand,Amoxicillin,2615,144.3,483,37.5,93.4,6,0.8,0,1002,22.5,0,23.26198,85.96578
PHC-0995,India - Jharkhand,Azithromycin,1508,109.8,320,68.7,66.7,9,1.07,1,1369,8.2,0,23.26198,85.96578
PHC-0995,India - Jharkhand,Paracetamol,1049,112.0,226,88.6,59.3,1,0.74,0,568,12.6,0,23.26198,85.96578
PHC-0995,India - Jharkhand,Insulin,1428,69.1,557,52.9,96.4,10,1.33,0,843,15.5,0,23.26198,85.96578
PHC-0996,Brazil - Sao Paulo,Paracetamol,2245,112.4,236,63.6,83.4,12,0.94,0,728,21.3,0,-23.85843,-46.5539
PHC-0996,Brazil - Sao Paulo,ORS,791,119.7,204,93.3,92.3,6,1.3,1,1614,3.3,1,-23.85843,-46.5539
PHC-0996,Brazil - Sao Paulo,Amoxicillin,5389,441.2,647,36.9,57.2,7,0.74,0,3212,16.4,0,-23.85843,-46.5539
PHC-0996,Brazil - Sao Paulo,Insulin,1619,214.4,291,92.1,91.5,6,1.3,0,2036,5.8,1,-23.85843,-46.5539
PHC-0996,Brazil - Sao Paulo,Azithromycin,1425,109.5,560,53.3,67.8,14,1.01,0,1017,12.9,0,-23.85843,-46.5539
PHC-0997,India - Uttar Pradesh,Paracetamol,707,29.4,94,73.2,57.9,10,1.35,0,234,17.9,0,26.8149,80.90999
PHC-0997,India - Uttar Pradesh,ORS,461,65.5,510,48.9,86.0,13,1.26,0,727,5.6,1,26.8149,80.90999
PHC-0997,India - Uttar Pradesh,Amoxicillin,2847,213.1,542,54.4,73.9,1,1.04,0,2000,12.9,0,26.8149,80.90999
PHC-0997,India - Uttar Pradesh,Azithromycin,884,38.9,154,86.3,90.4,9,1.26,0,311,18.0,0,26.8149,80.90999
PHC-0997,India - Uttar Pradesh,Insulin,883,75.7,216,85.5,94.1,14,1.01,0,519,11.5,0,26.8149,80.90999
PHC-0998,India - Kerala,ORS,317,75.2,119,89.2,62.3,12,1.27,0,581,3.3,1,8.55749,77.23679
PHC-0998,India - Kerala,Paracetamol,4130,261.2,373,53.0,81.7,11,1.19,0,2437,13.3,0,8.55749,77.23679
PHC-0998,India - Kerala,Amoxicillin,2661,117.4,274,72.9,95.4,4,1.03,1,1347,14.2,0,8.55749,77.23679
PHC-0998,India - Kerala,Insulin,1872,152.1,443,97.8,97.9,12,0.99,0,1254,12.5,0,8.55749,77.23679
PHC-0998,India - Kerala,Azithromycin,569,41.0,147,81.5,58.5,13,1.26,0,325,11.0,0,8.55749,77.23679
PHC-0999,India - Jharkhand,Paracetamol,278,85.3,297,87.4,65.1,7,0.86,0,540,3.8,1,23.35921,85.61536
PHC-0999,India - Jharkhand,Insulin,1590,105.9,366,79.2,57.1,8,0.84,0,695,17.9,0,23.35921,85.61536
PHC-0999,India - Jharkhand,ORS,571,29.9,158,94.8,58.5,13,0.93,0,177,20.5,0,23.35921,85.61536
PHC-0999,India - Jharkhand,Azithromycin,342,20.4,74,79.7,73.2,14,1.17,0,137,14.3,0,23.35921,85.61536
PHC-0999,India - Jharkhand,Amoxicillin,3201,230.6,502,75.5,61.9,14,1.07,0,2166,13.0,0,23.35921,85.61536
PHC-1000,India - Karnataka,Amoxicillin,312,34.8,65,56.4,58.5,7,0.77,0,153,11.7,0,12.72438,77.85808
PHC-1000,India - Karnataka,Paracetamol,1317,266.3,622,36.0,57.0,14,1.32,0,3364,3.8,1,12.72438,77.85808
PHC-1000,India - Karnataka,ORS,3112,200.4,575,75.8,57.3,13,1.18,0,2188,13.2,0,12.72438,77.85808
PHC-1000,India - Karnataka,Insulin,829,59.2,377,96.1,98.8,1,0.78,0,363,18.0,0,12.72438,77.85808
PHC-1000,India - Karnataka,Azithromycin,975,324.8,483,96.1,92.0,12,1.13,0,3155,2.7,1,12.72438,77.85808
